,SOFR,FED_REMUNERATION,SOFR_IORB_SPREAD_BPS,NFCI,SPREAD_ROLLING_MEAN_21D,SPREAD_ROLLING_STD_21D,SPREAD_ZSCORE_21D,NFCI_DELTA_4W,FLAG_REPO_FRICTION,FLAG_REPO_CRISIS,FLAG_NFCI_TIGHT,FLAG_NFCI_RAPID_TIGHTENING,EXOGENOUS_LIQUIDITY_SHOCK
2018-04-03,1.83,1.75,8.000000000000007,,,,,,1,1,0,0,1
2018-04-04,1.74,1.75,-1.0000000000000009,,,,,,0,0,0,0,0
2018-04-05,1.75,1.75,0.0,,,,,,1,0,0,0,0
2018-04-06,1.75,1.75,0.0,-0.501,,,,,1,0,0,0,0
2018-04-09,1.75,1.75,0.0,-0.501,,,,,1,0,0,0,0
2018-04-10,1.75,1.75,0.0,-0.501,,,,,1,0,0,0,0
2018-04-11,1.76,1.75,1.0000000000000009,-0.501,,,,,1,0,0,0,0
2018-04-12,1.73,1.75,-2.0000000000000018,-0.501,,,,,0,0,0,0,0
2018-04-13,1.72,1.75,-3.0000000000000027,-0.512,,,,,0,0,0,0,0
2018-04-16,1.77,1.75,2.0000000000000018,-0.512,,,,,1,0,0,0,0
2018-04-17,1.76,1.75,1.0000000000000009,-0.512,,,,,1,0,0,0,0
2018-04-18,1.75,1.75,0.0,-0.512,,,,,1,0,0,0,0
2018-04-19,1.73,1.75,-2.0000000000000018,-0.512,,,,,0,0,0,0,0
2018-04-20,1.72,1.75,-3.0000000000000027,-0.526,,,,,0,0,0,0,0
2018-04-23,1.7,1.75,-5.000000000000004,-0.526,,,,,0,0,0,0,0
2018-04-24,1.71,1.75,-4.0000000000000036,-0.526,,,,,0,0,0,0,0
2018-04-25,1.71,1.75,-4.0000000000000036,-0.526,,,,,0,0,0,0,0
2018-04-26,1.72,1.75,-3.0000000000000027,-0.526,,,,,0,0,0,0,0
2018-04-27,1.72,1.75,-3.0000000000000027,-0.539,,,,,0,0,0,0,0
2018-04-30,1.77,1.75,2.0000000000000018,-0.539,,,,,1,0,0,0,0
2018-05-01,1.76,1.75,1.0000000000000009,-0.539,-0.714285714285715,2.8834503141697674,0.5945258379731473,,1,0,0,0,0
2018-05-02,1.75,1.75,0.0,-0.539,-1.0952380952380962,2.095346317551397,0.5227002744434065,,1,0,0,0,0
2018-05-03,1.74,1.75,-1.0000000000000009,-0.539,-1.0952380952380962,2.095346317551397,0.045452197777687525,,0,0,0,0,0
2018-05-04,1.72,1.75,-3.0000000000000027,-0.552,-1.2380952380952392,2.1190743711526974,-0.831450177440612,-0.051000000000000045,0,0,0,0,0
2018-05-07,1.71,1.75,-4.0000000000000036,-0.552,-1.42857142857143,2.1810875399999117,-1.178966237837789,-0.051000000000000045,0,0,0,0,0
2018-05-08,1.72,1.75,-3.0000000000000027,-0.552,-1.5714285714285727,2.1810875399999117,-0.654981243243216,-0.051000000000000045,0,0,0,0,0
2018-05-09,1.72,1.75,-3.0000000000000027,-0.552,-1.714285714285716,2.17124059336724,-0.5921565254637919,-0.051000000000000045,0,0,0,0,0
2018-05-10,1.73,1.75,-2.0000000000000018,-0.552,-1.8571428571428588,2.0805219125429653,-0.06866408952287006,-0.051000000000000045,0,0,0,0,0
2018-05-11,1.73,1.75,-2.0000000000000018,-0.561,-1.8571428571428588,2.0805219125429653,-0.06866408952287006,-0.049000000000000044,0,0,0,0,0
2018-05-14,1.75,1.75,0.0,-0.561,-1.7142857142857157,2.101020160371081,0.8159301593674092,-0.049000000000000044,1,0,0,0,0
2018-05-15,1.79,1.75,4.0000000000000036,-0.561,-1.6190476190476208,2.312491956227969,2.4298668818780054,-0.049000000000000044,1,0,0,0,0
2018-05-16,1.75,1.75,0.0,-0.561,-1.6666666666666683,2.265686062395526,0.7356123579206245,-0.049000000000000044,1,0,0,0,0
2018-05-17,1.74,1.75,-1.0000000000000009,-0.561,-1.714285714285716,2.239260081876539,0.3189829176462303,-0.049000000000000044,0,0,0,0,0
2018-05-18,1.73,1.75,-2.0000000000000018,-0.566,-1.7142857142857157,2.239260081876539,-0.12759316705849214,-0.039999999999999925,0,0,0,0,0
2018-05-21,1.69,1.75,-6.000000000000005,-0.566,-1.8571428571428588,2.4142434484888717,-1.716006372700422,-0.039999999999999925,0,0,0,0,0
2018-05-22,1.65,1.75,-10.000000000000009,-0.566,-2.095238095238097,2.930951413871647,-2.696995203451735,-0.039999999999999925,0,0,0,0,0
2018-05-23,1.67,1.75,-8.000000000000007,-0.566,-2.285714285714288,3.180296482135861,-1.7967776735230836,-0.039999999999999925,0,0,0,0,0
2018-05-24,1.74,1.75,-1.0000000000000009,-0.566,-2.142857142857145,3.1667919774704885,0.36088797464051126,-0.039999999999999925,0,0,0,0,0
2018-05-25,1.73,1.75,-2.0000000000000018,-0.567,-2.095238095238097,3.160771454957825,0.030131281744116525,-0.027999999999999914,0,0,0,0,0
2018-05-29,1.72,1.75,-3.0000000000000027,-0.567,-2.095238095238097,3.160771454957825,-0.2862471765691069,-0.027999999999999914,0,0,0,0,0
2018-05-30,1.72,1.75,-3.0000000000000027,-0.567,-2.3333333333333353,3.022140521771506,-0.22059419866945285,-0.027999999999999914,0,0,0,0,0
2018-05-31,1.81,1.75,6.000000000000005,-0.567,-2.095238095238097,3.462726698784675,2.3378218379404054,-0.027999999999999914,1,1,0,0,1
2018-06-01,1.81,1.75,6.000000000000005,-0.562,-1.8095238095238113,3.86806214555878,2.018975785714956,-0.02300000000000002,1,1,0,0,1
2018-06-04,1.8,1.75,5.000000000000004,-0.562,-1.523809523809525,4.142692935990404,1.5747750616833651,-0.010000000000000009,1,1,0,0,1
2018-06-05,1.75,1.75,0.0,-0.562,-1.380952380952382,4.14096837075811,0.33348537281862,-0.010000000000000009,1,0,0,0,0
2018-06-06,1.73,1.75,-2.0000000000000018,-0.562,-1.2857142857142867,4.100522614775554,-0.17419382390720267,-0.010000000000000009,0,0,0,0,0
2018-06-07,1.71,1.75,-4.0000000000000036,-0.562,-1.3333333333333346,4.127145906475002,-0.646128517647749,-0.010000000000000009,0,0,0,0,0
2018-06-08,1.69,1.75,-6.000000000000005,-0.557,-1.4761904761904776,4.238148742305395,-1.0674022548224071,-0.0050000000000000044,0,0,0,0,0
2018-06-11,1.69,1.75,-6.000000000000005,-0.557,-1.666666666666668,4.351245032554862,-0.9958835461833304,0.0040000000000000036,0,0,0,0,0
2018-06-12,1.67,1.75,-8.000000000000007,-0.557,-1.952380952380954,4.565919299288927,-1.3245129077425608,0.0040000000000000036,0,0,0,0,0
2018-06-13,1.71,1.75,-4.0000000000000036,-0.557,-2.142857142857145,4.563832975533994,-0.40692612264706346,0.0040000000000000036,0,0,0,0,0
2018-06-14,1.9,1.95,-5.000000000000004,-0.557,-2.5714285714285734,4.376887348006902,-0.5548626764811131,0.0040000000000000036,0,0,0,0,0
2018-06-15,1.91,1.95,-4.0000000000000036,-0.551,-2.761904761904764,4.346317543677202,-0.28486074145603013,0.010000000000000009,0,0,0,0,0
2018-06-18,1.9,1.95,-5.000000000000004,-0.551,-2.952380952380955,4.352886289304957,-0.47040490183491585,0.014999999999999902,0,0,0,0,0
2018-06-19,1.88,1.95,-7.000000000000006,-0.551,-3.1904761904761934,4.43417464269336,-0.8591280489597206,0.014999999999999902,0,0,0,0,0
2018-06-20,1.87,1.95,-7.999999999999985,-0.551,-3.285714285714288,4.51821709463874,-1.0433951303224474,0.014999999999999902,0,0,0,0,0
2018-06-21,1.87,1.95,-7.999999999999985,-0.551,-3.190476190476191,4.388838657538549,-1.095853410164133,0.014999999999999902,0,0,0,0,0
2018-06-22,1.92,1.95,-3.0000000000000027,-0.545,-2.952380952380953,4.248248938988752,-0.011209100102873173,0.020999999999999908,0,0,0,0,0
2018-06-25,1.91,1.95,-4.0000000000000036,-0.545,-3.095238095238096,4.229713487989015,-0.2139061918333551,0.02199999999999991,0,0,0,0,0
2018-06-26,1.9,1.95,-5.000000000000004,-0.545,-3.2380952380952386,4.241518146899315,-0.41539484233794316,0.02199999999999991,0,0,0,0,0
2018-06-27,1.9,1.95,-5.000000000000004,-0.545,-3.333333333333335,4.2583251793790176,-0.391390181928219,0.02199999999999991,0,0,0,0,0
2018-06-28,1.93,1.95,-2.0000000000000018,-0.545,-3.2857142857142865,4.267819784654188,0.30125786715206,0.02199999999999991,0,0,0,0,0
2018-06-29,2.12,1.95,17.000000000000014,-0.543,-2.7619047619047628,5.84726228165594,3.379685023519797,0.019000000000000017,1,1,0,0,1
2018-07-02,2.04,1.95,9.000000000000007,-0.543,-2.619047619047619,6.1030827495306905,1.9037997837963276,0.019000000000000017,1,1,0,0,1
2018-07-03,2.0,1.95,5.000000000000004,-0.543,-2.6190476190476195,6.1030827495306905,1.248393300850051,0.019000000000000017,1,1,0,0,1
2018-07-05,1.97,1.95,2.0000000000000018,-0.543,-2.523809523809524,6.161323296330489,0.7342269357142449,0.019000000000000017,1,0,0,0,0
2018-07-06,1.93,1.95,-2.0000000000000018,-0.544,-2.523809523809524,6.161323296330489,0.08501575045112283,0.018000000000000016,0,0,0,0,0
2018-07-09,1.89,1.95,-6.000000000000005,-0.544,-2.6190476190476195,6.200614408880711,-0.545260865779701,0.013000000000000012,0,0,0,0,0
2018-07-10,1.89,1.95,-6.000000000000005,-0.544,-2.619047619047619,6.200614408880711,-0.5452608657797011,0.013000000000000012,0,0,0,0,0
2018-07-11,1.89,1.95,-6.000000000000005,-0.544,-2.6190476190476195,6.200614408880711,-0.545260865779701,0.013000000000000012,0,0,0,0,0
2018-07-12,1.9,1.95,-5.000000000000004,-0.544,-2.4761904761904767,6.104253006052812,-0.4134510023269,0.013000000000000012,0,0,0,0,0
2018-07-13,1.9,1.95,-5.000000000000004,-0.549,-2.5238095238095237,6.120613103432107,-0.40456575744053613,0.008000000000000007,0,0,0,0,0
2018-07-16,1.95,1.95,0.0,-0.549,-2.2857142857142856,6.116721811091768,0.37368289033015717,0.0020000000000000018,1,0,0,0,0
2018-07-17,1.92,1.95,-3.0000000000000027,-0.549,-2.238095238095238,6.106592846299501,-0.12476757188199748,0.0020000000000000018,0,0,0,0,0
2018-07-18,1.9,1.95,-5.000000000000004,-0.549,-2.238095238095238,6.106592846299501,-0.45228244807224,0.0020000000000000018,0,0,0,0,0
2018-07-19,1.9,1.95,-5.000000000000004,-0.549,-2.142857142857143,6.043887112494033,-0.4727326642545199,0.0020000000000000018,0,0,0,0,0
2018-07-20,1.88,1.95,-7.000000000000006,-0.557,-2.0952380952380962,5.999206296709278,-0.8175684685909703,-0.006000000000000005,0,0,0,0,0
2018-07-23,1.87,1.95,-7.999999999999985,-0.557,-2.0952380952380962,5.999206296709278,-0.9842571854881547,-0.01200000000000001,0,0,0,0,0
2018-07-24,1.9,1.95,-5.000000000000004,-0.557,-2.190476190476191,6.030083313015237,-0.46591790920363924,-0.01200000000000001,0,0,0,0,0
2018-07-25,1.87,1.95,-7.999999999999985,-0.557,-2.380952380952381,6.15204186003469,-0.9133630340766113,-0.01200000000000001,0,0,0,0,0
2018-07-26,1.9,1.95,-5.000000000000004,-0.557,-2.380952380952381,6.15204186003469,-0.4257200582560495,-0.01200000000000001,0,0,0,0,0
2018-07-27,1.88,1.95,-7.000000000000006,-0.566,-2.4761904761904767,6.209823247235368,-0.7284924777566805,-0.020999999999999908,0,0,0,0,0
2018-07-30,1.88,1.95,-7.000000000000006,-0.566,-2.7142857142857144,6.286038952654189,-0.6817829666653134,-0.02299999999999991,0,0,0,0,0
2018-07-31,1.93,1.95,-2.0000000000000018,-0.566,-3.6190476190476204,4.387210850599623,0.36903802305884953,-0.02299999999999991,0,0,0,0,0
2018-08-01,1.88,1.95,-7.000000000000006,-0.566,-4.380952380952382,3.3537470160432585,-0.7809317776561361,-0.02299999999999991,0,0,0,0,0
2018-08-02,1.91,1.95,-4.0000000000000036,-0.566,-4.809523809523812,2.581066593853163,0.3136392572945223,-0.02299999999999991,0,0,0,0,0
2018-08-03,1.86,1.95,-8.999999999999986,-0.575,-5.333333333333336,2.221110833194357,-1.6508256192660695,-0.030999999999999917,0,0,0,0,0
2018-08-06,1.86,1.95,-8.999999999999986,-0.575,-5.666666666666668,2.2211108331943556,-1.5007505629691549,-0.030999999999999917,0,0,0,0,0
2018-08-07,1.87,1.95,-7.999999999999985,-0.575,-5.761904761904762,2.2782616597915566,-0.982369706515621,-0.030999999999999917,0,0,0,0,0
2018-08-08,1.88,1.95,-7.000000000000006,-0.575,-5.809523809523809,2.293884208478002,-0.5189783277099592,-0.030999999999999917,0,0,0,0,0
2018-08-09,1.91,1.95,-4.0000000000000036,-0.575,-5.7142857142857135,2.3268617737815243,0.7367372370812213,-0.030999999999999917,0,0,0,0,0
2018-08-10,1.9,1.95,-5.000000000000004,-0.584,-5.714285714285714,2.3268617737815243,0.30697384878384115,-0.03499999999999992,0,0,0,0,0
2018-08-13,1.91,1.95,-4.0000000000000036,-0.584,-5.666666666666667,2.3523038352503103,0.7085252515814192,-0.03499999999999992,0,0,0,0,0
2018-08-14,1.93,1.95,-2.0000000000000018,-0.584,-5.761904761904762,2.1425396590206156,1.7558156956704263,-0.03499999999999992,0,0,0,0,0
2018-08-15,1.98,1.95,3.0000000000000027,-0.584,-5.476190476190476,2.8216847382201915,3.00394667107174,-0.03499999999999992,1,1,0,0,1
2018-08-16,1.99,1.95,4.0000000000000036,-0.584,-5.047619047619047,3.499659847416466,2.585285268309211,-0.03499999999999992,1,1,0,0,1
2018-08-17,1.9,1.95,-5.000000000000004,-0.591,-5.047619047619047,3.499659847416466,0.013606764570046902,-0.03399999999999992,0,0,0,0,0
2018-08-20,1.9,1.95,-5.000000000000004,-0.591,-4.952380952380952,3.470968027455603,-0.013719241215241033,-0.03399999999999992,0,0,0,0,0
2018-08-21,1.9,1.95,-5.000000000000004,-0.591,-4.809523809523809,3.4002801005071275,-0.056017794077548776,-0.03399999999999992,0,0,0,0,0
2018-08-22,1.9,1.95,-5.000000000000004,-0.591,-4.809523809523809,3.4002801005071275,-0.056017794077548776,-0.03399999999999992,0,0,0,0,0
2018-08-23,1.94,1.95,-1.0000000000000009,-0.591,-4.476190476190477,3.414953112694927,1.0179321242414434,-0.03399999999999992,0,0,0,0,0
2018-08-24,1.95,1.95,0.0,-0.596,-4.238095238095239,3.548306101575257,1.1943995576406874,-0.030000000000000027,1,0,0,0,0
2018-08-27,1.95,1.95,0.0,-0.596,-3.9047619047619055,3.604230318733279,1.083383013695487,-0.030000000000000027,1,0,0,0,0
2018-08-28,1.95,1.95,0.0,-0.596,-3.5714285714285716,3.6272776096051516,0.9846030427809854,-0.030000000000000027,1,0,0,0,0
2018-08-29,1.93,1.95,-2.0000000000000018,-0.596,-3.5714285714285716,3.6272776096051516,0.4332253388236331,-0.030000000000000027,0,0,0,0,0
2018-08-30,1.93,1.95,-2.0000000000000018,-0.596,-3.3333333333333335,3.554340070017687,0.3751282395797026,-0.030000000000000027,0,0,0,0,0
2018-08-31,1.97,1.95,2.0000000000000018,-0.6,-3.047619047619047,3.734651127966179,1.3515637404042846,-0.025000000000000022,1,0,0,0,0
2018-09-04,1.95,1.95,0.0,-0.6,-2.6190476190476195,3.52811834376613,0.7423355352224063,-0.025000000000000022,1,0,0,0,0
2018-09-05,1.95,1.95,0.0,-0.6,-2.1904761904761916,3.2499084236182387,0.674011665854097,-0.025000000000000022,1,0,0,0,0
2018-09-06,1.94,1.95,-1.0000000000000009,-0.6,-1.8571428571428588,2.971291205616081,0.2884748743316574,-0.025000000000000022,0,0,0,0,0
2018-09-07,1.94,1.95,-1.0000000000000009,-0.602,-1.5714285714285727,2.7307769694984048,0.20925494019144783,-0.027000000000000024,0,0,0,0,0
2018-09-10,1.94,1.95,-1.0000000000000009,-0.602,-1.42857142857143,2.675283696571803,0.16019662853723313,-0.018000000000000016,0,0,0,0,0
2018-09-11,1.94,1.95,-1.0000000000000009,-0.602,-1.2380952380952392,2.547641299413287,0.09345712763805127,-0.018000000000000016,0,0,0,0,0
2018-09-12,1.94,1.95,-1.0000000000000009,-0.602,-1.0952380952380962,2.467889015024019,0.03859091501210334,-0.018000000000000016,0,0,0,0,0
2018-09-13,1.94,1.95,-1.0000000000000009,-0.602,-1.0476190476190486,2.459190730223884,0.019363706537195855,-0.018000000000000016,0,0,0,0,0
2018-09-14,1.95,1.95,0.0,-0.603,-1.1904761904761916,2.293884208478011,0.5189783277099548,-0.019000000000000017,1,0,0,0,0
2018-09-17,2.0,1.95,5.000000000000004,-0.603,-1.142857142857144,2.4142434484888757,2.5444232422799318,-0.01200000000000001,1,1,0,0,1
2018-09-18,1.94,1.95,-1.0000000000000009,-0.603,-0.9523809523809532,2.2466906880162827,-0.021195195169964827,-0.01200000000000001,0,0,0,0,0
2018-09-19,1.92,1.95,-3.0000000000000027,-0.603,-0.8571428571428579,2.104417123236612,-1.0182663499531937,-0.01200000000000001,0,0,0,0,0
2018-09-20,1.92,1.95,-3.0000000000000027,-0.603,-0.7619047619047625,1.9469145308606175,-1.1495600873171912,-0.01200000000000001,0,0,0,0,0
2018-09-21,1.92,1.95,-3.0000000000000027,-0.6,-0.6666666666666673,1.7701224063135748,-1.318176260020737,-0.009000000000000008,0,0,0,0,0
2018-09-24,1.95,1.95,0.0,-0.6,-0.6190476190476195,1.7741530507876355,0.3489257134680648,-0.0040000000000000036,1,0,0,0,0
2018-09-25,1.93,1.95,-2.0000000000000018,-0.6,-0.7142857142857149,1.792842914001598,-0.7171371656006338,-0.0040000000000000036,0,0,0,0,0
2018-09-26,1.92,1.95,-3.0000000000000027,-0.6,-0.857142857142858,1.8516401995451102,-1.1572751247156858,-0.0040000000000000036,0,0,0,0,0
2018-09-27,2.16,2.2,-4.0000000000000036,-0.6,-1.0476190476190486,1.9615348703551194,-1.5051381430942654,-0.0040000000000000036,0,0,0,0,0
2018-09-28,2.25,2.2,4.999999999999982,-0.596,-0.714285714285716,2.3482516292522257,2.4334213774634317,0.0,1,0,0,0,0
2018-10-01,2.22,2.2,2.0000000000000018,-0.596,-0.5238095238095253,2.4003967925959206,1.0514134711370537,0.0040000000000000036,1,0,0,0,0
2018-10-02,2.2,2.2,0.0,-0.596,-0.6190476190476206,2.334013506306051,0.2652288075347783,0.0040000000000000036,1,0,0,0,0
2018-10-03,2.2,2.2,0.0,-0.596,-0.6190476190476206,2.334013506306051,0.2652288075347783,0.0040000000000000036,1,0,0,0,0
2018-10-04,2.18,2.2,-2.0000000000000018,-0.596,-0.714285714285716,2.3482516292522257,-0.5475198099292736,0.0040000000000000036,0,0,0,0,0
2018-10-05,2.16,2.2,-4.0000000000000036,-0.589,-0.857142857142859,2.4553149347021552,-1.2800220038731578,0.013000000000000012,0,0,0,0,0
2018-10-09,2.15,2.2,-5.000000000000027,-0.589,-1.0476190476190506,2.616795568556909,-1.5103896536176902,0.013000000000000012,0,0,0,0,0
2018-10-10,2.15,2.2,-5.000000000000027,-0.589,-1.2380952380952426,2.7550818845319696,-1.3654420883188567,0.013000000000000012,0,0,0,0,0
2018-10-11,2.17,2.2,-3.000000000000025,-0.589,-1.3333333333333388,2.7808871486152356,-0.5993291268567356,0.013000000000000012,0,0,0,0,0
2018-10-12,2.18,2.2,-2.0000000000000018,-0.58,-1.3809523809523863,2.783454516894265,-0.22240263503150004,0.02200000000000002,0,0,0,0,0
2018-10-15,2.21,2.2,0.9999999999999787,-0.58,-1.2857142857142922,2.830951379710671,0.8074014630190772,0.02300000000000002,1,0,0,0,0
2018-10-16,2.18,2.2,-2.0000000000000018,-0.58,-1.3809523809523876,2.819152185962844,-0.21958644947583297,0.02300000000000002,0,0,0,0,0
2018-10-17,2.18,2.2,-2.0000000000000018,-0.58,-1.714285714285721,2.411283001699664,-0.11849056519408405,0.02300000000000002,0,0,0,0,0
2018-10-18,2.19,2.2,-1.000000000000023,-0.58,-1.714285714285722,2.4112830016996636,0.29622641298520896,0.02300000000000002,0,0,0,0,0
2018-10-19,2.19,2.2,-1.000000000000023,-0.569,-1.619047619047628,2.397419247361436,0.2582141691441409,0.03400000000000003,0,0,0,0,0
2018-10-22,2.18,2.2,-2.0000000000000018,-0.569,-1.5714285714285803,2.3784749015162814,-0.18018749253910837,0.031000000000000028,0,0,0,0,0
2018-10-23,2.17,2.2,-3.000000000000025,-0.569,-1.5714285714285812,2.3784749015162823,-0.6006249751303774,0.031000000000000028,0,0,0,0,0
2018-10-24,2.18,2.2,-2.0000000000000018,-0.569,-1.6666666666666767,2.352303835250319,-0.14170505031628006,0.031000000000000028,0,0,0,0,0
2018-10-25,2.19,2.2,-1.000000000000023,-0.569,-1.6190476190476302,2.3553384146697636,0.26282746258116896,0.031000000000000028,0,0,0,0,0
2018-10-26,2.19,2.2,-1.000000000000023,-0.555,-1.5238095238095357,2.33707183499027,0.22413069036523364,0.04499999999999993,0,0,0,0,0
2018-10-29,2.18,2.2,-2.0000000000000018,-0.555,-1.4285714285714404,2.2709343577353542,-0.2516270756493409,0.040999999999999925,0,0,0,0,0
2018-10-30,2.18,2.2,-2.0000000000000018,-0.555,-1.761904761904773,1.7292993351286015,-0.13768306808348052,0.040999999999999925,0,0,0,0,0
2018-10-31,2.22,2.2,2.0000000000000018,-0.555,-1.761904761904773,1.7292993351286015,2.175392475719084,0.040999999999999925,1,0,0,0,0
2018-11-01,2.22,2.2,2.0000000000000018,-0.555,-1.6666666666666778,1.8797162906495675,1.9506489808627456,0.040999999999999925,1,0,0,0,0
2018-11-02,2.25,2.2,4.999999999999982,-0.54,-1.4285714285714404,2.3573592974221995,2.727022323496101,0.05599999999999994,1,1,0,0,1
2018-11-05,2.24,2.2,4.0000000000000036,-0.54,-1.1428571428571543,2.6322179675269046,1.9538112748653258,0.04899999999999993,1,0,0,0,0
2018-11-06,2.22,2.2,2.0000000000000018,-0.54,-0.8571428571428685,2.6322179675269055,1.0854507082585156,0.04899999999999993,1,0,0,0,0
2018-11-07,2.18,2.2,-2.0000000000000018,-0.54,-0.7142857142857244,2.472708174105014,-0.5199619992276833,0.04899999999999993,0,0,0,0,0
2018-11-08,2.21,2.2,0.9999999999999787,-0.54,-0.4285714285714384,2.29284601688445,0.6230559828490267,0.04899999999999993,1,0,0,0,0
2018-11-09,2.2,2.2,0.0,-0.525,-0.2857142857142944,2.216818827573814,0.12888481555662037,0.05499999999999994,1,0,0,0,0
2018-11-13,2.2,2.2,0.0,-0.525,-0.1904761904761991,2.18217890235993,0.08728715609440066,0.05499999999999994,1,0,0,0,0
2018-11-14,2.2,2.2,0.0,-0.525,-0.23809523809524571,2.1657507221460683,0.10993658488051399,0.05499999999999994,1,0,0,0,0
2018-11-15,2.28,2.2,7.999999999999963,-0.525,0.23809523809522878,2.773170782782084,2.7989277869565186,0.05499999999999994,1,1,0,0,1
2018-11-16,2.26,2.2,5.999999999999961,-0.506,0.619047619047608,2.9912571015576446,1.7988933074827693,0.07399999999999995,1,1,0,0,1
2018-11-19,2.24,2.2,4.0000000000000036,-0.506,0.8571428571428473,3.054271014263702,1.0290040170566885,0.06299999999999994,1,0,0,0,0
2018-11-20,2.2,2.2,0.0,-0.506,0.904761904761896,3.031579817599428,-0.2984456815253297,0.06299999999999994,1,0,0,0,0
2018-11-21,2.18,2.2,-2.0000000000000018,-0.506,0.904761904761896,3.031579817599428,-0.9581677143708024,0.06299999999999994,0,0,0,0,0
2018-11-23,2.23,2.2,2.9999999999999805,-0.485,1.190476190476182,2.926073266667249,0.6184137048573692,0.08399999999999996,1,0,0,0,0
2018-11-26,2.2,2.2,0.0,-0.485,1.2857142857142771,2.8485585327118867,-0.4513561055353321,0.08399999999999996,1,0,0,0,0
2018-11-27,2.19,2.2,-1.000000000000023,-0.485,1.2857142857142771,2.8485585327118867,-0.8024108542850453,0.07000000000000006,0,0,0,0,0
2018-11-28,2.19,2.2,-1.000000000000023,-0.485,1.2857142857142771,2.8485585327118867,-0.8024108542850453,0.07000000000000006,0,0,0,0,0
2018-11-29,2.24,2.2,4.0000000000000036,-0.485,1.5714285714285634,2.8030595529069386,0.8664002254439682,0.07000000000000006,1,0,0,0,0
2018-11-30,2.28,2.2,7.999999999999963,-0.466,2.0476190476190377,3.007926037591188,1.978898708941567,0.08900000000000002,1,1,0,0,1
2018-12-03,2.23,2.2,2.9999999999999805,-0.466,2.0952380952380842,3.0150416565076124,0.3000827211820023,0.08900000000000002,1,0,0,0,0
2018-12-04,2.27,2.2,6.999999999999984,-0.466,2.333333333333322,3.1989581637360165,1.4588082831369482,0.07400000000000001,1,1,0,0,1
2018-12-06,2.34,2.2,13.999999999999968,-0.466,2.7619047619047494,4.060846733192,2.7674265926460104,0.07400000000000001,1,1,0,0,1
2018-12-07,2.3,2.2,9.999999999999964,-0.447,3.0476190476190332,4.352886289304946,1.5971887364627353,0.09300000000000003,1,1,0,0,1
2018-12-10,2.22,2.2,2.0000000000000018,-0.447,3.0476190476190332,4.352886289304946,-0.2406722753573955,0.09300000000000003,1,0,0,0,0
2018-12-11,2.19,2.2,-1.000000000000023,-0.447,3.0952380952380802,4.300055370629096,-0.9523686888336447,0.09300000000000003,0,0,0,0,0
2018-12-12,2.2,2.2,0.0,-0.447,3.0476190476190332,4.329852081494122,-0.7038621620920078,0.07800000000000001,1,0,0,0,0
2018-12-13,2.21,2.2,0.9999999999999787,-0.447,3.0952380952380802,4.300055370629096,-0.4872583989381442,0.07800000000000001,1,0,0,0,0
2018-12-14,2.21,2.2,0.9999999999999787,-0.435,3.142857142857127,4.269493111432712,-0.5018996604348825,0.09000000000000002,1,0,0,0,0
2018-12-17,2.31,2.2,10.999999999999988,-0.435,3.6666666666666496,4.531372124791043,1.6183471874253768,0.09000000000000002,1,1,0,0,1
2018-12-18,2.32,2.2,11.999999999999966,-0.435,3.8571428571428408,4.798809376144397,1.6968494692322,0.07100000000000001,1,1,0,0,1
2018-12-19,2.3,2.2,9.999999999999964,-0.435,4.047619047619031,4.964636849520717,1.1989559625001722,0.07100000000000001,1,1,0,0,1
2018-12-20,2.41,2.4,1.000000000000023,-0.435,3.904761904761889,5.0090394478858045,-0.5799039785937194,0.07100000000000001,1,0,0,0,0
2018-12-21,2.4,2.4,0.0,-0.429,3.904761904761889,5.0090394478858045,-0.7795430531915646,0.07700000000000001,1,0,0,0,0
2018-12-24,2.41,2.4,1.000000000000023,-0.429,4.047619047619033,4.873152885721828,-0.6253895822863326,0.055999999999999994,1,0,0,0,0
2018-12-26,2.44,2.4,4.0000000000000036,-0.429,4.095238095238082,4.867286327151518,-0.01956698020965087,0.055999999999999994,1,0,0,0,0
2018-12-27,2.44,2.4,4.0000000000000036,-0.429,4.285714285714272,4.776430227092786,-0.05981753571812795,0.055999999999999994,1,0,0,0,0
2018-12-28,2.46,2.4,6.000000000000005,-0.433,4.619047619047607,4.631157419870218,0.29818731167015644,0.05199999999999999,1,1,0,0,1
2018-12-31,3.0,2.4,60.00000000000001,-0.433,7.523809523809513,12.820370695182913,4.093188233309645,0.05199999999999999,1,1,0,0,1
2019-01-02,3.15,2.4,75.0,-0.433,10.904761904761894,19.477948459488136,3.290656520041047,0.03300000000000003,1,1,0,0,1
2019-01-03,2.7,2.4,30.00000000000003,-0.433,11.952380952380944,19.900945179755134,0.9068724567905748,0.03300000000000003,1,1,0,0,1
2019-01-04,2.45,2.4,5.000000000000027,-0.446,12.047619047619042,19.860705401561624,-0.3548524035337068,0.020000000000000018,1,1,0,0,1
2019-01-07,2.41,2.4,1.000000000000023,-0.446,11.761904761904757,19.9797516548749,-0.5386405671002881,0.020000000000000018,1,0,0,0,0
2019-01-08,2.42,2.4,2.0000000000000018,-0.446,11.190476190476188,20.08387175725599,-0.45760480357358435,0.0010000000000000009,1,0,0,0,0
2019-01-09,2.45,2.4,5.000000000000027,-0.446,10.952380952380954,20.128279088079513,-0.29572229828162916,0.0010000000000000009,1,1,0,0,1
2019-01-10,2.43,2.4,3.000000000000025,-0.446,11.000000000000004,20.107212636265626,-0.3978671805345648,0.0010000000000000009,1,0,0,0,0
2019-01-11,2.41,2.4,1.000000000000023,-0.466,11.095238095238098,20.05219379994309,-0.5034480613920023,-0.019000000000000017,1,0,0,0,0
2019-01-14,2.4,2.4,0.0,-0.466,11.095238095238098,20.05219379994309,-0.5533179165298905,-0.019000000000000017,1,0,0,0,0
2019-01-15,2.46,2.4,6.000000000000005,-0.466,11.33333333333334,19.955784457979426,-0.2672575134574964,-0.031000000000000028,1,1,0,0,1
2019-01-16,2.43,2.4,3.000000000000025,-0.466,11.428571428571436,19.908720271708646,-0.42336078429656077,-0.031000000000000028,1,0,0,0,0
2019-01-17,2.41,2.4,1.000000000000023,-0.466,10.952380952380961,20.03865312458946,-0.49665917616830035,-0.031000000000000028,1,0,0,0,0
2019-01-18,2.42,2.4,2.0000000000000018,-0.489,10.476190476190489,20.131117821966686,-0.4210491712954674,-0.05399999999999999,1,0,0,0,0
2019-01-22,2.41,2.4,1.000000000000023,-0.489,10.047619047619062,20.237282896861895,-0.4470767688394578,-0.05399999999999999,1,0,0,0,0
2019-01-23,2.4,2.4,0.0,-0.489,10.000000000000014,20.260799589354807,-0.4935639364032848,-0.06,1,0,0,0,0
2019-01-24,2.41,2.4,1.000000000000023,-0.489,10.047619047619062,20.237282896861895,-0.4470767688394578,-0.06,1,0,0,0,0
2019-01-25,2.4,2.4,0.0,-0.513,10.000000000000014,20.260799589354807,-0.4935639364032848,-0.08400000000000002,1,0,0,0,0
2019-01-28,2.39,2.4,-0.9999999999999787,-0.513,9.761904761904775,20.363950407287778,-0.5284782444791911,-0.08400000000000002,0,0,0,0,0
2019-01-29,2.4,2.4,0.0,-0.513,9.571428571428585,20.43910817176578,-0.4682899317813869,-0.08000000000000002,1,0,0,0,0
2019-01-30,2.39,2.4,-0.9999999999999787,-0.513,9.238095238095253,20.557005525865776,-0.4980343671753742,-0.08000000000000002,0,0,0,0,0
2019-01-31,2.58,2.4,18.000000000000014,-0.513,7.2380952380952515,17.12864490234053,0.6282986671312342,-0.08000000000000002,1,1,0,0,1
2019-02-01,2.47,2.4,7.000000000000028,-0.536,4.000000000000016,7.266360849833987,0.41286141192238657,-0.10300000000000004,1,1,0,0,1
2019-02-04,2.4,2.4,0.0,-0.536,2.5714285714285863,4.202040320742167,-0.6119476195255591,-0.09000000000000002,1,0,0,0,0
2019-02-05,2.4,2.4,0.0,-0.536,2.333333333333347,4.199206274206283,-0.5556605655849531,-0.09000000000000002,1,0,0,0,0
2019-02-06,2.38,2.4,-2.0000000000000018,-0.536,2.190476190476203,4.2967318699105315,-0.9752705817697349,-0.09000000000000002,0,0,0,0,0
2019-02-07,2.38,2.4,-2.0000000000000018,-0.536,2.000000000000012,4.39317652729777,-0.9105029072119718,-0.09000000000000002,0,0,0,0,0
2019-02-08,2.37,2.4,-2.9999999999999805,-0.556,1.6190476190476308,4.466275746930449,-1.0342056515928644,-0.11000000000000004,0,0,0,0,0
2019-02-11,2.4,2.4,0.0,-0.556,1.476190476190487,4.467874747786116,-0.3304010428944895,-0.09000000000000002,1,0,0,0,0
2019-02-12,2.39,2.4,-0.9999999999999787,-0.556,1.3809523809523918,4.499735441958686,-0.5291316371070847,-0.09000000000000002,0,0,0,0,0
2019-02-13,2.38,2.4,-2.0000000000000018,-0.556,1.2857142857142965,4.551294949164007,-0.7219295436604973,-0.09000000000000002,0,0,0,0,0
2019-02-14,2.39,2.4,-0.9999999999999787,-0.556,0.9523809523809638,4.4438293225121885,-0.4393465209139088,-0.09000000000000002,0,0,0,0,0
2019-02-15,2.43,2.4,3.000000000000025,-0.573,0.9523809523809638,4.4438293225121885,0.46077805851947073,-0.10699999999999993,1,0,0,0,0
2019-02-19,2.4,2.4,0.0,-0.573,0.9047619047619149,4.448648805027913,-0.20337903584102723,-0.08399999999999996,1,0,0,0,0
2019-02-20,2.39,2.4,-0.9999999999999787,-0.573,0.7619047619047731,4.459874010605712,-0.3950570706066786,-0.08399999999999996,0,0,0,0,0
2019-02-21,2.39,2.4,-0.9999999999999787,-0.573,0.6666666666666777,4.475861183429779,-0.37236781892094273,-0.08399999999999996,0,0,0,0,0
2019-02-22,2.4,2.4,0.0,-0.586,0.6666666666666777,4.475861183429779,-0.1489471275683805,-0.09699999999999998,1,0,0,0,0
2019-02-25,2.38,2.4,-2.0000000000000018,-0.586,0.5238095238095337,4.512416731852772,-0.5593032899630425,-0.07299999999999995,0,0,0,0,0
2019-02-26,2.38,2.4,-2.0000000000000018,-0.586,0.4285714285714384,4.545012965563789,-0.5343376238906256,-0.07299999999999995,0,0,0,0,0
2019-02-27,2.37,2.4,-2.9999999999999805,-0.586,0.3333333333333431,4.597100535482493,-0.7250947216849306,-0.07299999999999995,0,0,0,0,0
2019-02-28,2.58,2.4,18.000000000000014,-0.586,1.190476190476201,5.99682455653864,2.803070800394776,-0.07299999999999995,1,1,0,0,1
2019-03-01,2.38,2.4,-2.0000000000000018,-0.594,1.1428571428571523,6.019017480334438,-0.5221545132782246,-0.08099999999999996,0,0,0,0,0
2019-03-04,2.38,2.4,-2.0000000000000018,-0.594,0.1904761904761991,4.643479811725777,-0.47173160631489797,-0.05799999999999994,0,0,0,0,0
2019-03-05,2.38,2.4,-2.0000000000000018,-0.594,-0.2380952380952309,4.392092461512653,-0.40115384121443665,-0.05799999999999994,0,0,0,0,0
2019-03-06,2.38,2.4,-2.0000000000000018,-0.594,-0.3333333333333262,4.408325456829772,-0.37807250916207347,-0.05799999999999994,0,0,0,0,0
2019-03-07,2.38,2.4,-2.0000000000000018,-0.594,-0.42857142857142155,4.422345854537266,-0.35533823520752367,-0.05799999999999994,0,0,0,0,0
2019-03-08,2.39,2.4,-0.9999999999999787,-0.599,-0.3809523809523728,4.409945469914468,-0.14037534551637268,-0.06299999999999994,0,0,0,0,0
2019-03-11,2.38,2.4,-2.0000000000000018,-0.599,-0.3809523809523728,4.409945469914468,-0.36713551904283087,-0.04299999999999993,0,0,0,0,0
2019-03-12,2.39,2.4,-0.9999999999999787,-0.599,-0.2857142857142775,4.3719887596248235,-0.16337775633874152,-0.04299999999999993,0,0,0,0,0
2019-03-13,2.4,2.4,0.0,-0.599,-0.2857142857142775,4.3719887596248235,0.06535110253549592,-0.04299999999999993,1,0,0,0,0
2019-03-14,2.42,2.4,2.0000000000000018,-0.599,-0.14285714285713558,4.396427120807476,0.4874087717081425,-0.04299999999999993,1,0,0,0,0
2019-03-15,2.46,2.4,6.000000000000005,-0.603,0.23809523809524571,4.5706100457681,1.2606423878229718,-0.04699999999999993,1,1,0,0,1
2019-03-18,2.41,2.4,1.000000000000023,-0.603,0.33333333333334103,4.564354645876394,0.14605934866804737,-0.030000000000000027,1,0,0,0,0
2019-03-19,2.42,2.4,2.0000000000000018,-0.603,0.2857142857142923,4.540295773877049,0.37757137412698705,-0.030000000000000027,1,0,0,0,0
2019-03-20,2.47,2.4,7.000000000000028,-0.603,0.619047619047627,4.769446408926212,1.3378811362698595,-0.030000000000000027,1,1,0,0,1
2019-03-21,2.44,2.4,4.0000000000000036,-0.603,0.8571428571428642,4.8092173405421725,0.6535069888321632,-0.030000000000000027,1,0,0,0,0
2019-03-22,2.4,2.4,0.0,-0.607,0.9047619047619109,4.794838494722871,-0.18869496975918554,-0.02100000000000002,1,0,0,0,0
2019-03-25,2.4,2.4,0.0,-0.607,0.9047619047619109,4.794838494722871,-0.18869496975918554,-0.02100000000000002,1,0,0,0,0
2019-03-26,2.4,2.4,0.0,-0.607,1.000000000000006,4.753945729601895,-0.21035158095583645,-0.02100000000000002,1,0,0,0,0
2019-03-27,2.4,2.4,0.0,-0.607,1.0952380952381016,4.710676829339525,-0.2325012168987323,-0.02100000000000002,1,0,0,0,0
2019-03-28,2.43,2.4,3.000000000000025,-0.607,1.3809523809523876,4.631157419870237,0.3495989171305263,-0.02100000000000002,1,0,0,0,0
2019-03-29,2.65,2.4,25.0,-0.61,1.7142857142857204,5.950990313744914,3.912914163535372,-0.016000000000000014,1,1,0,0,1
2019-04-01,2.46,2.4,6.000000000000005,-0.61,2.095238095238101,5.957388369955098,0.6554486063817484,-0.016000000000000014,1,1,0,0,1
2019-04-02,2.46,2.4,6.000000000000005,-0.61,2.4761904761904825,5.938173520696817,0.5934163950460006,-0.016000000000000014,1,1,0,0,1
2019-04-03,2.47,2.4,7.000000000000028,-0.61,2.904761904761913,5.923721481507741,0.6913286028086133,-0.016000000000000014,1,1,0,0,1
2019-04-04,2.46,2.4,6.000000000000005,-0.61,3.285714285714294,5.849297882163788,0.46403615766643697,-0.016000000000000014,1,1,0,0,1
2019-04-05,2.46,2.4,6.000000000000005,-0.614,3.6666666666666754,5.747463208523687,0.40597621049107646,-0.015000000000000013,1,1,0,0,1
2019-04-08,2.46,2.4,6.000000000000005,-0.614,4.000000000000008,5.665686189686124,0.3530022548091031,-0.015000000000000013,1,1,0,0,1
2019-04-09,2.45,2.4,5.000000000000027,-0.614,4.333333333333343,5.498484639728786,0.12124552678564313,-0.015000000000000013,1,1,0,0,1
2019-04-10,2.45,2.4,5.000000000000027,-0.614,4.619047619047628,5.361680617830488,0.07105092751804827,-0.015000000000000013,1,1,0,0,1
2019-04-11,2.44,2.4,4.0000000000000036,-0.614,4.809523809523819,5.259458599694918,-0.15391770734173532,-0.015000000000000013,1,0,0,0,0
2019-04-12,2.44,2.4,4.0000000000000036,-0.617,4.904761904761914,5.224028731781273,-0.17319236765633325,-0.014000000000000012,1,0,0,0,0
2019-04-15,2.47,2.4,7.000000000000028,-0.617,4.952380952380963,5.239047532483277,0.3908380359069783,-0.014000000000000012,1,1,0,0,1
2019-04-16,2.47,2.4,7.000000000000028,-0.617,5.238095238095249,5.175951718329323,0.34040208599037736,-0.014000000000000012,1,1,0,0,1
2019-04-17,2.5,2.4,10.000000000000009,-0.617,5.61904761904763,5.219925195596113,0.8392749353282785,-0.014000000000000012,1,1,0,0,1
2019-04-18,2.5,2.4,10.000000000000009,-0.617,5.7619047619047725,5.300044923439447,0.7996338331685192,-0.014000000000000012,1,1,0,0,1
2019-04-22,2.46,2.4,6.000000000000005,-0.617,5.857142857142868,5.284748946598267,0.02703196392121759,-0.010000000000000009,1,1,0,0,1
2019-04-23,2.46,2.4,6.000000000000005,-0.617,6.142857142857154,5.111611431688787,-0.02794757480420437,-0.010000000000000009,1,1,0,0,1
2019-04-24,2.44,2.4,4.0000000000000036,-0.617,6.333333333333345,4.9430085305746125,-0.47204719937274653,-0.010000000000000009,1,0,0,0,0
2019-04-25,2.45,2.4,5.000000000000027,-0.617,6.571428571428584,4.738896797477542,-0.3316021932077123,-0.010000000000000009,1,1,0,0,1
2019-04-26,2.46,2.4,6.000000000000005,-0.618,6.857142857142869,4.497618417403978,-0.19057705158491547,-0.01100000000000001,1,1,0,0,1
2019-04-29,2.48,2.4,8.000000000000007,-0.618,7.095238095238107,4.4148019423838525,0.20493827731564265,-0.008000000000000007,1,1,0,0,1
2019-04-30,2.76,2.4,35.999999999999986,-0.618,7.61904761904763,6.704298550006484,4.23324709800176,-0.008000000000000007,1,1,0,0,1
2019-05-01,2.54,2.4,14.000000000000012,-0.618,8.000000000000012,6.833739825307955,0.877996551431429,-0.008000000000000007,1,1,0,0,1
2019-05-02,2.5,2.35,14.999999999999991,-0.618,8.42857142857144,6.982631513773503,0.9411106054309413,-0.008000000000000007,1,1,0,0,1
2019-05-03,2.43,2.35,8.000000000000007,-0.615,8.476190476190487,6.975808538220122,-0.06826312298874818,-0.0050000000000000044,1,1,0,0,1
2019-05-06,2.42,2.35,6.999999999999984,-0.615,8.523809523809533,6.961458522601766,-0.21889227937826486,-0.0010000000000000009,1,1,0,0,1
2019-05-07,2.44,2.35,8.999999999999986,-0.615,8.666666666666675,6.937819061732103,0.04804583837764291,-0.0010000000000000009,1,1,0,0,1
2019-05-08,2.43,2.35,8.000000000000007,-0.615,8.76190476190477,6.9130656145067935,-0.11021228560393466,-0.0010000000000000009,1,1,0,0,1
2019-05-09,2.41,2.35,6.000000000000005,-0.615,8.809523809523816,6.889260102645622,-0.4078121260721298,-0.0010000000000000009,1,1,0,0,1
2019-05-10,2.4,2.35,4.999999999999982,-0.608,8.809523809523814,6.889260102645623,-0.5529655946740772,0.006000000000000005,1,0,0,0,0
2019-05-13,2.38,2.35,2.9999999999999805,-0.608,8.761904761904766,6.927515874429752,-0.8317418344969271,0.009000000000000008,1,0,0,0,0
2019-05-14,2.39,2.35,4.0000000000000036,-0.608,8.761904761904766,6.927515874429752,-0.6873899458652263,0.009000000000000008,1,0,0,0,0
2019-05-15,2.48,2.35,12.99999999999999,-0.608,9.04761904761905,6.9747845162140365,0.5666671053697758,0.009000000000000008,1,1,0,0,1
2019-05-16,2.43,2.35,8.000000000000007,-0.608,9.095238095238097,6.963510335346407,-0.15728246853870806,0.009000000000000008,1,1,0,0,1
2019-05-17,2.42,2.35,6.999999999999984,-0.599,8.952380952380953,6.974784516214037,-0.27991989542362733,0.018000000000000016,1,1,0,0,1
2019-05-20,2.39,2.35,4.0000000000000036,-0.599,8.666666666666666,7.052186422190878,-0.6617333103932448,0.018000000000000016,1,0,0,0,0
2019-05-21,2.38,2.35,2.9999999999999805,-0.599,8.523809523809522,7.138760730120097,-0.7737770927807259,0.018000000000000016,1,0,0,0,0
2019-05-22,2.37,2.35,2.0000000000000018,-0.599,8.333333333333332,7.2617720518709055,-0.8721470858757713,0.018000000000000016,1,0,0,0,0
2019-05-23,2.37,2.35,2.0000000000000018,-0.599,8.238095238095237,7.334199083095321,-0.8505489375756778,0.018000000000000016,1,0,0,0,0
2019-05-24,2.37,2.35,2.0000000000000018,-0.591,8.095238095238093,7.429029289919124,-0.8204622511731202,0.027000000000000024,1,0,0,0,0
2019-05-28,2.41,2.35,6.000000000000005,-0.591,8.095238095238093,7.429029289919124,-0.28203389884075925,0.027000000000000024,1,1,0,0,1
2019-05-29,2.4,2.35,4.999999999999982,-0.591,7.952380952380947,7.459733175363519,-0.39577567762496985,0.027000000000000024,1,0,0,0,0
2019-05-30,2.4,2.35,4.999999999999982,-0.591,6.476190476190472,3.8028811133014457,-0.3881768670146369,0.027000000000000024,1,0,0,0,0
2019-05-31,2.49,2.35,14.000000000000012,-0.583,6.476190476190472,3.8028811133014457,1.9784498383326519,0.03500000000000003,1,1,0,0,1
2019-06-03,2.4,2.35,4.999999999999982,-0.583,5.999999999999996,3.2710854467592383,-0.3057089202578744,0.03200000000000003,1,0,0,0,0
2019-06-04,2.39,2.35,4.0000000000000036,-0.583,5.809523809523804,3.2652572275250913,-0.5541749649216251,0.03200000000000003,1,0,0,0,0
2019-06-05,2.4,2.35,4.999999999999982,-0.583,5.714285714285709,3.2579572916608037,-0.21924342474164435,0.03200000000000003,1,0,0,0,0
2019-06-06,2.4,2.35,4.999999999999982,-0.583,5.523809523809518,3.172050561057445,-0.16513277885296926,0.03200000000000003,1,0,0,0,0
2019-06-07,2.39,2.35,4.0000000000000036,-0.578,5.333333333333328,3.1358146203711437,-0.4251952027621823,0.03700000000000003,1,0,0,0,0
2019-06-10,2.39,2.35,4.0000000000000036,-0.578,5.238095238095233,3.1449127476730214,-0.3936819038974352,0.030000000000000027,1,0,0,0,0
2019-06-11,2.38,2.35,2.9999999999999805,-0.578,5.142857142857137,3.1825416617181173,-0.6733162895031263,0.030000000000000027,1,0,0,0,0
2019-06-12,2.37,2.35,2.0000000000000018,-0.578,5.0952380952380905,3.223426157130992,-0.9602323566155468,0.030000000000000027,1,0,0,0,0
2019-06-13,2.35,2.35,0.0,-0.578,4.9047619047619,3.404478842712387,-1.440679214459215,0.030000000000000027,1,0,0,0,0
2019-06-14,2.35,2.35,0.0,-0.576,4.285714285714282,3.0189875313233414,-1.4195866134749104,0.03200000000000003,1,0,0,0,0
2019-06-17,2.41,2.35,6.000000000000005,-0.576,4.190476190476185,2.926073266667267,0.6184137048573728,0.02300000000000002,1,1,0,0,1
2019-06-18,2.39,2.35,4.0000000000000036,-0.576,4.047619047619044,2.8544034486419645,-0.01668266188568963,0.02300000000000002,1,0,0,0,0
2019-06-19,2.36,2.35,0.9999999999999787,-0.576,3.9047619047619,2.930951413871661,-0.991064502473228,0.02300000000000002,1,0,0,0,0
2019-06-20,2.36,2.35,0.9999999999999787,-0.576,3.809523809523805,2.993644060656655,-0.9384962783142489,0.02300000000000002,1,0,0,0,0
2019-06-21,2.37,2.35,2.0000000000000018,-0.576,3.809523809523805,2.993644060656655,-0.6044552301006969,0.02300000000000002,1,0,0,0,0
2019-06-24,2.39,2.35,4.0000000000000036,-0.576,3.9047619047619,2.9648737225177557,0.03212214217245908,0.015000000000000013,1,0,0,0,0
2019-06-25,2.41,2.35,6.000000000000005,-0.576,4.0952380952380905,2.9648737225177557,0.6424428434491304,0.015000000000000013,1,1,0,0,1
2019-06-26,2.43,2.35,8.000000000000007,-0.576,4.190476190476186,3.059722987772728,1.245055132359187,0.015000000000000013,1,1,0,0,1
2019-06-27,2.42,2.35,6.999999999999984,-0.576,4.285714285714282,3.116774889895935,0.8708635721767921,0.015000000000000013,1,1,0,0,1
2019-06-28,2.5,2.35,14.999999999999991,-0.578,4.761904761904757,3.8974961437410416,2.626839093743944,0.0050000000000000044,1,1,0,0,1
2019-07-01,2.42,2.35,6.999999999999984,-0.578,4.4285714285714235,3.325228241360725,0.7733088933396944,0.0050000000000000044,1,1,0,0,1
2019-07-02,2.51,2.35,15.99999999999997,-0.578,4.952380952380947,4.1770347194653645,2.644847311451855,0.0050000000000000044,1,1,0,0,1
2019-07-03,2.56,2.35,20.999999999999996,-0.578,5.761904761904755,5.439712877576926,2.801268298720009,0.0050000000000000044,1,1,0,0,1
2019-07-05,2.59,2.35,23.99999999999998,-0.582,6.666666666666662,6.733003292241387,2.5743836117393504,0.0010000000000000009,1,1,0,0,1
2019-07-08,2.48,2.35,12.99999999999999,-0.582,7.047619047619041,6.859126697154606,0.8678044910367663,-0.0040000000000000036,1,1,0,0,1
2019-07-09,2.45,2.35,10.000000000000009,-0.582,7.333333333333327,6.850790708621403,0.38924947208076366,-0.0040000000000000036,1,1,0,0,1
2019-07-10,2.46,2.35,10.999999999999988,-0.582,7.66666666666666,6.850790708621403,0.48656184010095094,-0.0040000000000000036,1,1,0,0,1
2019-07-11,2.41,2.35,6.000000000000005,-0.582,7.809523809523804,6.779520983218855,-0.2669102749298746,-0.0040000000000000036,1,1,0,0,1
2019-07-12,2.36,2.35,0.9999999999999787,-0.584,7.761904761904755,6.825721660782558,-0.9906505272190567,-0.006000000000000005,1,0,0,0,0
2019-07-15,2.46,2.35,10.999999999999988,-0.584,8.28571428571428,6.619236037057882,0.41006026965797004,-0.008000000000000007,1,1,0,0,1
2019-07-16,2.47,2.35,12.00000000000001,-0.584,8.85714285714285,6.381894031443286,0.4924646393958366,-0.008000000000000007,1,1,0,0,1
2019-07-17,2.47,2.35,12.00000000000001,-0.584,9.142857142857137,6.381894031443287,0.44769512672348794,-0.008000000000000007,1,1,0,0,1
2019-07-18,2.46,2.35,10.999999999999988,-0.584,9.476190476190467,6.281871119491771,0.24257255439089662,-0.008000000000000007,1,1,0,0,1
2019-07-19,2.41,2.35,6.000000000000005,-0.584,9.714285714285708,6.03442505250382,-0.6155160900945421,-0.008000000000000007,1,1,0,0,1
2019-07-22,2.4,2.35,4.999999999999982,-0.584,9.9047619047619,5.804349764657208,-0.8450148773988608,-0.008000000000000007,1,0,0,0,0
2019-07-23,2.4,2.35,4.999999999999982,-0.584,10.04761904761904,5.6345025554718715,-0.8958411142643161,-0.008000000000000007,1,0,0,0,0
2019-07-24,2.41,2.35,6.000000000000005,-0.584,10.142857142857135,5.543335767258865,-0.7473581462134197,-0.008000000000000007,1,1,0,0,1
2019-07-25,2.42,2.35,6.999999999999984,-0.584,10.190476190476184,5.510163769063927,-0.5790165817554643,-0.008000000000000007,1,1,0,0,1
2019-07-26,2.41,2.35,6.000000000000005,-0.581,10.095238095238088,5.566909033788518,-0.735639485104196,-0.0050000000000000044,1,1,0,0,1
2019-07-29,2.4,2.35,4.999999999999982,-0.581,9.999999999999991,5.6391488719486755,-0.8866586276648871,-0.0030000000000000027,1,0,0,0,0
2019-07-30,2.39,2.35,4.0000000000000036,-0.581,9.47619047619047,5.662323265401295,-0.9671278412611721,-0.0030000000000000027,1,0,0,0,0
2019-07-31,2.55,2.35,19.99999999999997,-0.581,10.095238095238088,6.073753056428634,1.6307482067086017,-0.0030000000000000027,1,1,0,0,1
2019-08-01,2.19,2.1,8.999999999999986,-0.581,9.761904761904756,5.9237214815077355,-0.12861927494113817,-0.0030000000000000027,1,1,0,0,1
2019-08-02,2.19,2.1,8.999999999999986,-0.573,9.190476190476183,5.334969986973196,-0.035703329342301304,0.009000000000000008,1,1,0,0,1
2019-08-05,2.13,2.1,2.9999999999999805,-0.573,8.190476190476184,4.2850793180412445,-1.2112905748612435,0.009000000000000008,1,0,0,0,0
2019-08-06,2.11,2.1,0.9999999999999787,-0.573,7.619047619047611,4.409945469914467,-1.5009363866750969,0.009000000000000008,1,0,0,0,0
2019-08-07,2.1,2.1,0.0,-0.573,7.142857142857134,4.672105673951682,-1.5288303906909886,0.009000000000000008,1,0,0,0,0
2019-08-08,2.09,2.1,-1.000000000000023,-0.573,6.571428571428562,4.904808136629093,-1.5436747698416944,0.009000000000000008,0,0,0,0,0
2019-08-09,2.11,2.1,0.9999999999999787,-0.561,6.333333333333322,5.053051883103264,-1.0554677562617758,0.02299999999999991,1,0,0,0,0
2019-08-12,2.12,2.1,2.0000000000000018,-0.561,6.3809523809523725,5.004759639345245,-0.8753571992771095,0.02299999999999991,1,0,0,0,0
2019-08-13,2.16,2.1,6.000000000000005,-0.561,6.142857142857134,4.891683905218277,-0.029204083016225565,0.02299999999999991,1,1,0,0,1
2019-08-14,2.13,2.1,2.9999999999999805,-0.561,5.714285714285705,4.744922097810018,-0.5720401006243035,0.02299999999999991,1,0,0,0,0
2019-08-15,2.18,2.1,8.000000000000007,-0.561,5.523809523809514,4.556523319583129,0.5434385610512,0.02299999999999991,1,1,0,0,1
2019-08-16,2.13,2.1,2.9999999999999805,-0.55,5.142857142857133,4.40778532015473,-0.4861527926641241,0.03399999999999992,1,0,0,0,0
2019-08-19,2.11,2.1,0.9999999999999787,-0.55,4.9047619047618936,4.4933813760325645,-0.8690030019685594,0.03399999999999992,1,0,0,0,0
2019-08-20,2.13,2.1,2.9999999999999805,-0.55,4.809523809523798,4.512416731852775,-0.40100990601123765,0.03399999999999992,1,0,0,0,0
2019-08-21,2.1,2.1,0.0,-0.55,4.5714285714285605,4.632185537858233,-0.9868837364278451,0.03399999999999992,1,0,0,0,0
2019-08-22,2.09,2.1,-1.000000000000023,-0.55,4.238095238095227,4.773937179150592,-1.0972275171470194,0.03399999999999992,0,0,0,0,0
2019-08-23,2.1,2.1,0.0,-0.539,3.904761904761894,4.815649093370105,-0.8108485126413664,0.041999999999999926,1,0,0,0,0
2019-08-26,2.1,2.1,0.0,-0.539,3.6190476190476075,4.862881763689013,-0.7442187153450703,0.041999999999999926,1,0,0,0,0
2019-08-27,2.15,2.1,4.999999999999982,-0.539,3.6190476190476084,4.862881763689013,0.28397819401325,0.041999999999999926,1,0,0,0,0
2019-08-28,2.12,2.1,2.0000000000000018,-0.539,3.523809523809512,4.874618422184949,-0.3126007805809944,0.041999999999999926,1,0,0,0,0
2019-08-29,2.12,2.1,2.0000000000000018,-0.539,2.6666666666666563,3.087609647175869,-0.2159167585437595,0.041999999999999926,1,0,0,0,0
2019-08-30,2.16,2.1,6.000000000000005,-0.529,2.523809523809515,2.8393493553814286,1.2242912164373343,0.04399999999999993,1,1,0,0,1
2019-09-03,2.17,2.1,6.999999999999984,-0.529,2.4285714285714195,2.6376396374681343,1.7331513018270648,0.04399999999999993,1,1,0,0,1
2019-09-04,2.21,2.1,10.999999999999988,-0.529,2.809523809523801,3.234486784932801,2.5322336231608222,0.04399999999999993,1,1,0,0,1
2019-09-05,2.21,2.1,10.999999999999988,-0.529,3.2857142857142776,3.662551803631706,2.1062598231747582,0.04399999999999993,1,1,0,0,1
2019-09-06,2.15,2.1,4.999999999999982,-0.522,3.5238095238095144,3.6002645405448903,0.4100227801502193,0.050999999999999934,1,0,0,0,0
2019-09-09,2.12,2.1,2.0000000000000018,-0.522,3.6666666666666594,3.4689095308660716,-0.4804583837764562,0.039000000000000035,1,0,0,0,0
2019-09-10,2.14,2.1,4.0000000000000036,-0.522,3.8095238095238027,3.414953112694945,0.055777102698164036,0.039000000000000035,1,0,0,0,0
2019-09-11,2.15,2.1,4.999999999999982,-0.522,3.952380952380945,3.3981787839398883,0.30828838452237506,0.039000000000000035,1,0,0,0,0
2019-09-12,2.2,2.1,10.000000000000009,-0.522,4.142857142857134,3.6233370569920162,1.6165051070366871,0.039000000000000035,1,1,0,0,1
2019-09-13,2.2,2.1,10.000000000000009,-0.517,4.47619047619047,3.829086674639907,1.442591926788653,0.04400000000000004,1,1,0,0,1
2019-09-16,2.43,2.1,33.00000000000001,-0.517,5.66666666666666,7.29611768910929,3.7462845992921747,0.03300000000000003,1,1,0,0,1
2019-09-17,5.25,2.1,315.0,-0.517,20.52380952380952,67.8635535818889,4.339239178226277,0.03300000000000003,1,1,0,0,1
2019-09-18,2.55,2.1,44.99999999999997,-0.517,22.619047619047613,67.9098492050131,0.32956857720868266,0.03300000000000003,1,1,0,0,1
2019-09-19,1.95,1.8,14.999999999999991,-0.517,23.190476190476186,67.78688593497938,-0.12082685430235623,0.03300000000000003,1,1,0,0,1
2019-09-20,1.86,1.8,6.000000000000005,-0.513,23.47619047619047,67.69683821835334,-0.25815371790070524,0.03700000000000003,1,1,0,0,1
2019-09-23,1.85,1.8,5.000000000000004,-0.513,23.76190476190476,67.60096505369192,-0.27753900771983286,0.026000000000000023,1,1,0,0,1
2019-09-24,1.96,1.8,15.999999999999993,-0.513,24.52380952380952,67.40965735532191,-0.1264478986872729,0.026000000000000023,1,1,0,0,1
2019-09-25,2.01,1.8,20.999999999999975,-0.513,25.52380952380952,67.18304774838593,-0.06733558055824027,0.026000000000000023,1,1,0,0,1
2019-09-26,1.85,1.8,5.000000000000004,-0.513,25.52380952380952,67.18304774838593,-0.3054908970589623,0.026000000000000023,1,1,0,0,1
2019-09-27,1.82,1.8,2.0000000000000018,-0.513,25.52380952380952,67.18304774838593,-0.3501450189028478,0.026000000000000023,1,0,0,0,0
2019-09-30,2.35,1.8,55.00000000000001,-0.513,28.047619047619044,67.25063285239492,0.40077512744805555,0.016000000000000014,1,1,0,0,1
2019-10-01,1.88,1.8,7.999999999999985,-0.513,28.14285714285714,67.21925744478715,-0.2996590249364504,0.016000000000000014,1,1,0,0,1
2019-10-02,1.85,1.8,5.000000000000004,-0.513,28.047619047619044,67.25211981081057,-0.342704722356041,0.016000000000000014,1,1,0,0,1
2019-10-03,1.84,1.8,4.0000000000000036,-0.513,27.714285714285708,67.35810482573189,-0.3520628404798358,0.016000000000000014,1,0,0,0,0
2019-10-04,1.82,1.8,2.0000000000000018,-0.518,27.28571428571428,67.49825394567097,-0.37461286489079604,0.0040000000000000036,1,0,0,0,0
2019-10-07,1.83,1.8,3.0000000000000027,-0.518,27.19047619047619,67.53267286848569,-0.3582040390669142,0.0040000000000000036,1,0,0,0,0
2019-10-08,1.85,1.8,5.000000000000004,-0.518,27.333333333333332,67.47987354265962,-0.3309628806463986,0.0040000000000000036,1,1,0,0,1
2019-10-09,1.85,1.8,5.000000000000004,-0.518,27.38095238095238,67.46293514995934,-0.33175183278348463,0.0040000000000000036,1,1,0,0,1
2019-10-10,1.85,1.8,5.000000000000004,-0.518,27.38095238095238,67.46293514995934,-0.33175183278348463,0.0040000000000000036,1,1,0,0,1
2019-10-11,1.85,1.8,5.000000000000004,-0.527,27.142857142857142,67.53612789780423,-0.3278668444889784,-0.010000000000000009,1,1,0,0,1
2019-10-15,2.0,1.8,19.999999999999996,-0.527,27.61904761904762,67.4444039120194,-0.11296782501016098,-0.010000000000000009,1,1,0,0,1
2019-10-16,2.05,1.8,24.99999999999998,-0.527,27.238095238095237,67.43508342243284,-0.03318888513973036,-0.010000000000000009,1,1,0,0,1
2019-10-17,1.95,1.8,14.999999999999991,-0.527,12.952380952380949,14.154420477279121,0.1446628670460871,-0.010000000000000009,1,1,0,0,1
2019-10-18,1.88,1.8,7.999999999999985,-0.539,11.190476190476188,12.122784530045243,-0.2631801450045484,-0.02200000000000002,1,1,0,0,1
2019-10-21,1.86,1.8,6.000000000000005,-0.539,10.76190476190476,12.140447940272868,-0.3922346840356968,-0.026000000000000023,1,1,0,0,1
2019-10-22,1.87,1.8,7.000000000000006,-0.539,10.809523809523807,12.122784530045244,-0.31424494925916024,-0.026000000000000023,1,1,0,0,1
2019-10-23,1.87,1.8,7.000000000000006,-0.539,10.904761904761903,12.082651869125241,-0.32317093524309193,-0.026000000000000023,1,1,0,0,1
2019-10-24,1.86,1.8,6.000000000000005,-0.539,10.428571428571427,12.068850105007618,-0.3669422844794398,-0.026000000000000023,1,1,0,0,1
2019-10-25,1.84,1.8,4.0000000000000036,-0.554,9.619047619047619,11.893175313919265,-0.472459832696767,-0.041000000000000036,1,0,0,0,0
2019-10-28,1.82,1.8,2.0000000000000018,-0.554,9.476190476190476,11.969206521816904,-0.6246187215972276,-0.041000000000000036,1,0,0,0,0
2019-10-29,1.81,1.8,1.0000000000000009,-0.554,9.428571428571429,12.002380716222195,-0.7022416325437442,-0.041000000000000036,1,0,0,0,0
2019-10-30,1.82,1.8,2.0000000000000018,-0.554,6.904761904761905,6.024157716268368,-0.8141821870826005,-0.041000000000000036,1,0,0,0,0
2019-10-31,1.76,1.55,20.999999999999996,-0.554,7.523809523809524,6.764754597315728,1.992118159251166,-0.041000000000000036,1,1,0,0,1
2019-11-01,1.58,1.55,3.0000000000000027,-0.566,7.428571428571429,6.815947685915905,-0.6497367105270452,-0.052999999999999936,1,0,0,0,0
2019-11-04,1.56,1.55,1.0000000000000009,-0.566,7.285714285714286,6.922014570505124,-0.9080758530179739,-0.04799999999999993,1,0,0,0,0
2019-11-05,1.58,1.55,3.0000000000000027,-0.566,7.333333333333333,6.887186169498604,-0.6291877737419725,-0.04799999999999993,1,0,0,0,0
2019-11-06,1.57,1.55,2.0000000000000018,-0.566,7.285714285714286,6.922014570505124,-0.7636092400378416,-0.04799999999999993,1,0,0,0,0
2019-11-07,1.56,1.55,1.0000000000000009,-0.566,7.095238095238095,7.042050567162644,-0.8655487541740224,-0.04799999999999993,1,0,0,0,0
2019-11-08,1.56,1.55,1.0000000000000009,-0.575,6.904761904761905,7.154752000626975,-0.8252923237932589,-0.05699999999999994,1,0,0,0,0
2019-11-12,1.57,1.55,2.0000000000000018,-0.575,6.761904761904761,7.224297626100111,-0.6591512432573152,-0.04799999999999993,1,0,0,0,0
2019-11-13,1.57,1.55,2.0000000000000018,-0.575,6.619047619047618,7.290241357295282,-0.6335932368583894,-0.04799999999999993,1,0,0,0,0
2019-11-14,1.58,1.55,3.0000000000000027,-0.575,5.809523809523809,6.645442405280801,-0.4227745330079482,-0.04799999999999993,1,0,0,0,0
2019-11-15,1.59,1.55,4.0000000000000036,-0.58,4.80952380952381,4.986171353042765,-0.16235378854956561,-0.052999999999999936,1,0,0,0,0
2019-11-18,1.56,1.55,1.0000000000000009,-0.58,4.142857142857144,4.464142854857022,-0.7040225290814093,-0.040999999999999925,1,0,0,0,0
2019-11-19,1.57,1.55,2.0000000000000018,-0.58,3.85714285714286,4.396427120807418,-0.422420935480397,-0.040999999999999925,1,0,0,0,0
2019-11-20,1.57,1.55,2.0000000000000018,-0.58,3.666666666666669,4.385582439463761,-0.38003314033482316,-0.040999999999999925,1,0,0,0,0
2019-11-21,1.58,1.55,3.0000000000000027,-0.58,3.476190476190478,4.3199426803956955,-0.11023073948445482,-0.040999999999999925,1,0,0,0,0
2019-11-22,1.58,1.55,3.0000000000000027,-0.579,3.285714285714288,4.244323940780828,-0.06731679525425723,-0.039999999999999925,1,0,0,0,0
2019-11-25,1.56,1.55,1.0000000000000009,-0.579,3.0476190476190497,4.22464425101317,-0.48468437244816087,-0.02499999999999991,1,0,0,0,0
2019-11-26,1.54,1.55,-1.0000000000000009,-0.579,2.809523809523811,4.308352905914782,-0.8842181438511815,-0.02499999999999991,0,0,0,0,0
2019-11-27,1.55,1.55,0.0,-0.579,2.7142857142857157,4.3490557267394605,-0.6241092054988793,-0.02499999999999991,1,0,0,0,0
2019-11-29,1.65,1.55,9.999999999999986,-0.574,3.1428571428571437,4.6074473874989605,1.488273718707632,-0.019999999999999907,1,1,0,0,1
2019-12-02,1.63,1.55,7.999999999999985,-0.574,3.4285714285714284,4.717747646615111,0.9689853959671763,-0.019999999999999907,1,1,0,0,1
2019-12-03,1.55,1.55,0.0,-0.574,2.4285714285714284,2.521337513531743,-0.9632075894391572,-0.008000000000000007,1,0,0,0,0
2019-12-04,1.54,1.55,-1.0000000000000009,-0.574,2.238095238095238,2.624971655175683,-1.2335734108635628,-0.008000000000000007,0,0,0,0,0
2019-12-05,1.55,1.55,0.0,-0.574,2.1904761904761907,2.65742446024423,-0.8242854023684555,-0.008000000000000007,1,0,0,0,0
2019-12-06,1.55,1.55,0.0,-0.565,2.0476190476190474,2.6921402355038313,-0.7605915251423883,0.0010000000000000009,1,0,0,0,0
2019-12-09,1.56,1.55,1.0000000000000009,-0.565,1.9999999999999996,2.7018512172211806,-0.3701166050988129,0.0010000000000000009,1,0,0,0,0
2019-12-10,1.55,1.55,0.0,-0.565,1.952380952380952,2.7290326212082228,-0.7154113648947794,0.010000000000000009,1,0,0,0,0
2019-12-11,1.54,1.55,-1.0000000000000009,-0.565,1.8571428571428568,2.797958439393088,-1.0211527151070219,0.010000000000000009,0,0,0,0,0
2019-12-12,1.53,1.55,-2.0000000000000018,-0.565,1.666666666666666,2.9211869733608133,-1.2551975276160372,0.010000000000000009,0,0,0,0,0
2019-12-13,1.54,1.55,-1.0000000000000009,-0.557,1.523809523809523,2.9768951546711113,-0.8477992648983149,0.017999999999999905,0,0,0,0,0
2019-12-16,1.62,1.55,7.000000000000006,-0.557,1.7142857142857135,3.195979617313805,1.6538635781904307,0.02299999999999991,1,1,0,0,1
2019-12-17,1.54,1.55,-1.0000000000000009,-0.557,1.4761904761904754,3.2034207906399597,-0.7729832070222027,0.02299999999999991,0,0,0,0,0
2019-12-18,1.53,1.55,-2.0000000000000018,-0.557,1.3333333333333324,3.2914029430218528,-1.0127393670836864,0.02299999999999991,0,0,0,0,0
2019-12-19,1.53,1.55,-2.0000000000000018,-0.557,1.1428571428571417,3.365794323569254,-0.9337638728691844,0.02299999999999991,0,0,0,0,0
2019-12-20,1.53,1.55,-2.0000000000000018,-0.554,0.952380952380951,3.4274799850062774,-0.8613853225391032,0.025999999999999912,0,0,0,0,0
2019-12-23,1.52,1.55,-3.0000000000000027,-0.554,0.6666666666666652,3.4976182372198537,-1.0483324416735618,0.02499999999999991,0,0,0,0,0
2019-12-24,1.52,1.55,-3.0000000000000027,-0.554,0.38095238095237915,3.542261854750243,-0.9544614485285604,0.02499999999999991,0,0,0,0,0
2019-12-26,1.52,1.55,-3.0000000000000027,-0.554,0.19047619047618844,3.6141257258020714,-0.8827795247128928,0.02499999999999991,0,0,0,0,0
2019-12-27,1.53,1.55,-2.0000000000000018,-0.559,0.1428571428571408,3.637110312950518,-0.5891647375190007,0.019999999999999907,0,0,0,0,0
2019-12-30,1.54,1.55,-1.0000000000000009,-0.559,0.09523809523809312,3.6456105374101297,-0.30042652225165,0.014999999999999902,0,0,0,0,0
2019-12-31,1.55,1.55,0.0,-0.559,-0.3809523809523824,2.854403448641878,0.133461295085542,0.014999999999999902,1,0,0,0,0
2020-01-02,1.54,1.55,-1.0000000000000009,-0.559,-0.8095238095238102,2.112322125506518,-0.09017383673454446,0.014999999999999902,0,0,0,0,0
2020-01-03,1.55,1.55,0.0,-0.573,-0.8095238095238102,2.112322125506518,0.3832388061218139,0.0010000000000000009,1,0,0,0,0
2020-01-06,1.55,1.55,0.0,-0.573,-0.7619047619047625,2.119074371152603,0.35954602267703734,0.0010000000000000009,1,0,0,0,0
2020-01-07,1.56,1.55,1.0000000000000009,-0.573,-0.714285714285715,2.148088851580708,0.7980515857266468,-0.008000000000000007,1,0,0,0,0
2020-01-08,1.55,1.55,0.0,-0.573,-0.714285714285715,2.148088851580708,0.33252149405276954,-0.008000000000000007,1,0,0,0,0
2020-01-09,1.55,1.55,0.0,-0.573,-0.7619047619047625,2.119074371152603,0.35954602267703734,-0.008000000000000007,1,0,0,0,0
2020-01-10,1.55,1.55,0.0,-0.593,-0.7619047619047625,2.119074371152603,0.35954602267703734,-0.028000000000000025,1,0,0,0,0
2020-01-13,1.54,1.55,-1.0000000000000009,-0.593,-0.7619047619047625,2.119074371152603,-0.1123581320865742,-0.028000000000000025,0,0,0,0,0
2020-01-14,1.55,1.55,0.0,-0.593,-0.6666666666666673,2.1055482263137417,0.316623793430666,-0.03599999999999992,1,0,0,0,0
2020-01-15,1.56,1.55,1.0000000000000009,-0.593,-0.5714285714285721,2.1347465557162675,0.7361195019711905,-0.03599999999999992,1,0,0,0,0
2020-01-16,1.55,1.55,0.0,-0.593,-0.9047619047619057,1.2611408289623314,0.7174154416254568,-0.03599999999999992,1,0,0,0,0
2020-01-17,1.54,1.55,-1.0000000000000009,-0.615,-0.9047619047619057,1.2611408289623314,-0.07551741490794274,-0.05799999999999994,0,0,0,0,0
2020-01-21,1.54,1.55,-1.0000000000000009,-0.615,-0.8571428571428579,1.2363540870523437,-0.1155471109395013,-0.05799999999999994,0,0,0,0,0
2020-01-22,1.54,1.55,-1.0000000000000009,-0.615,-0.8095238095238104,1.209092536534887,-0.15753648684497895,-0.06099999999999994,0,0,0,0,0
2020-01-23,1.54,1.55,-1.0000000000000009,-0.615,-0.7619047619047625,1.1791845447069749,-0.20191516176495053,-0.06099999999999994,0,0,0,0,0
2020-01-24,1.53,1.55,-2.0000000000000018,-0.629,-0.714285714285715,1.1019463300385,-1.166766702394087,-0.07499999999999996,0,0,0,0,0
2020-01-27,1.53,1.55,-2.0000000000000018,-0.629,-0.6666666666666673,1.0165300454649324,-1.311651671568158,-0.07499999999999996,0,0,0,0,0
2020-01-28,1.53,1.55,-2.0000000000000018,-0.629,-0.6190476190476196,0.9206622874966972,-1.4999554122144232,-0.06999999999999995,0,0,0,0,0
2020-01-29,1.53,1.55,-2.0000000000000018,-0.629,-0.6190476190476196,0.9206622874966972,-1.4999554122144232,-0.06999999999999995,0,0,0,0,0
2020-01-30,1.58,1.6,-2.0000000000000018,-0.629,-0.6666666666666673,0.9660917830790908,-1.3801311186850025,-0.06999999999999995,0,0,0,0,0
2020-01-31,1.6,1.6,0.0,-0.626,-0.6666666666666673,0.9660917830790908,0.6900655593425014,-0.06699999999999995,1,0,0,0,0
2020-02-03,1.59,1.6,-1.0000000000000009,-0.626,-0.6666666666666673,0.9660917830790908,-0.3450327796712506,-0.05300000000000005,0,0,0,0,0
2020-02-04,1.6,1.6,0.0,-0.626,-0.6666666666666673,0.9660917830790908,0.6900655593425014,-0.05300000000000005,1,0,0,0,0
2020-02-05,1.59,1.6,-1.0000000000000009,-0.626,-0.714285714285715,0.9561828874673077,-0.2988071523336634,-0.05300000000000005,0,0,0,0,0
2020-02-06,1.59,1.6,-1.0000000000000009,-0.626,-0.8095238095238102,0.8728715609437426,-0.21821789023604934,-0.05300000000000005,0,0,0,0,0
2020-02-07,1.58,1.6,-2.0000000000000018,-0.599,-0.9047619047619057,0.8890872794477461,-1.2318679173077363,-0.026000000000000023,0,0,0,0,0
2020-02-10,1.58,1.6,-2.0000000000000018,-0.599,-1.0000000000000009,0.8944271909996947,-1.1180339887501722,-0.006000000000000005,0,0,0,0,0
2020-02-11,1.58,1.6,-2.0000000000000018,-0.599,-1.0952380952380962,0.8890872794477465,-1.0176300186455207,-0.006000000000000005,0,0,0,0,0
2020-02-12,1.57,1.6,-3.0000000000000027,-0.599,-1.1904761904761916,0.980767435177355,-1.8450080463740006,-0.006000000000000005,0,0,0,0,0
2020-02-13,1.57,1.6,-3.0000000000000027,-0.599,-1.3333333333333346,1.0165300454649333,-1.6395645894601962,-0.006000000000000005,0,0,0,0,0
2020-02-14,1.58,1.6,-2.0000000000000018,-0.537,-1.4761904761904776,0.8728715609437437,-0.6000991981491347,0.05599999999999994,0,0,0,0,0
2020-02-18,1.6,1.6,0.0,-0.537,-1.4761904761904776,0.8728715609437437,1.69118864932938,0.07799999999999996,1,0,0,0,0
2020-02-19,1.59,1.6,-1.0000000000000009,-0.537,-1.4761904761904776,0.8728715609437437,0.5455447255901227,0.07799999999999996,0,0,0,0,0
2020-02-20,1.6,1.6,0.0,-0.537,-1.42857142857143,0.9258200997723386,1.5430334996212753,0.07799999999999996,1,0,0,0,0
2020-02-21,1.58,1.6,-2.0000000000000018,-0.434,-1.4761904761904776,0.9283882603223544,-0.5642138598646727,0.181,0,0,0,1,0
2020-02-24,1.58,1.6,-2.0000000000000018,-0.434,-1.523809523809525,0.9283882603223546,-0.5129216907860662,0.195,0,0,0,1,0
2020-02-25,1.59,1.6,-1.0000000000000009,-0.434,-1.4761904761904776,0.9283882603223544,0.5129216907860663,0.195,0,0,0,1,0
2020-02-26,1.58,1.6,-2.0000000000000018,-0.434,-1.4761904761904776,0.9283882603223544,-0.5642138598646727,0.195,0,0,0,1,0
2020-02-27,1.58,1.6,-2.0000000000000018,-0.434,-1.4761904761904776,0.9283882603223544,-0.5642138598646727,0.195,0,0,0,1,0
2020-02-28,1.6,1.6,0.0,-0.293,-1.380952380952382,0.9734572654301027,1.4186060652002384,0.336,1,0,0,1,1
2020-03-02,1.59,1.6,-1.0000000000000009,-0.293,-1.3333333333333346,0.9660917830790918,0.3450327796712504,0.333,0,0,0,1,0
2020-03-03,1.64,1.6,3.9999999999999813,-0.293,-1.142857142857145,1.4928400545842224,3.445015510579589,0.333,1,1,0,1,1
2020-03-04,1.23,1.1,12.99999999999999,-0.293,-0.4761904761904787,3.4295633485772417,3.929418735414548,0.333,1,1,0,1,1
2020-03-05,1.12,1.1,2.0000000000000018,-0.293,-0.3809523809523835,3.470968027455544,0.6859620607619903,0.333,1,0,0,1,1
2020-03-06,1.1,1.1,0.0,-0.13,-0.3333333333333358,3.468909530865992,0.09609167675529467,0.496,1,0,0,1,1
2020-03-09,1.09,1.1,-1.0000000000000009,-0.13,-0.3333333333333358,3.468909530865992,-0.19218335351058746,0.469,0,0,0,1,0
2020-03-10,1.11,1.1,1.0000000000000009,-0.13,-0.19047619047619285,3.458598670257124,0.3442076702087235,0.469,1,0,0,1,1
2020-03-11,1.15,1.1,4.999999999999982,-0.13,0.14285714285713974,3.6095112451093714,1.3456511220802878,0.469,1,0,0,1,1
2020-03-12,1.2,1.1,9.999999999999986,-0.13,0.7142857142857105,4.161043825085874,2.231582909493303,0.469,1,1,0,1,1
2020-03-13,1.1,1.1,0.0,0.038,0.8571428571428535,4.07781454072779,-0.2101966258107154,0.637,1,0,1,1,1
2020-03-16,0.26,0.1,16.0,0.038,1.7619047619047585,5.146889953212111,2.766349264803966,0.5750000000000001,1,1,1,1,1
2020-03-17,0.54,0.1,44.00000000000001,0.038,3.95238095238095,10.48559102042506,3.819300120480536,0.5750000000000001,1,1,1,1,1
2020-03-18,0.1,0.1,0.0,0.038,3.95238095238095,10.48559102042506,-0.3769344946490894,0.5750000000000001,1,0,1,1,1
2020-03-19,0.06,0.1,-4.000000000000001,0.038,3.809523809523806,10.576478845149948,-0.738385990636668,0.5750000000000001,0,0,1,1,0
2020-03-20,0.04,0.1,-6.000000000000001,0.183,3.5238095238095206,10.763916794638668,-0.8847903328789365,0.617,0,0,1,1,0
2020-03-23,0.02,0.1,-8.0,0.183,3.2380952380952346,10.995020517965203,-1.0221077095520523,0.617,0,0,1,1,0
2020-03-24,0.01,0.1,-9.000000000000002,0.183,2.9047619047619015,11.264567288204008,-1.0568325973096449,0.617,0,0,1,1,0
2020-03-25,0.01,0.1,-9.000000000000002,0.183,2.5238095238095206,11.535246194247627,-0.9990085456135468,0.617,0,0,1,1,0
2020-03-26,0.01,0.1,-9.000000000000002,0.183,2.1904761904761876,11.771232083427137,-0.9506631176044349,0.617,0,0,1,1,0
2020-03-27,0.01,0.1,-9.000000000000002,0.276,1.857142857142854,11.992855015740458,-0.9053009348393692,0.569,0,0,1,1,0
2020-03-30,0.01,0.1,-9.000000000000002,0.276,1.4285714285714253,12.22117600139784,-0.8533197973238109,0.569,0,0,1,1,0
2020-03-31,0.01,0.1,-9.000000000000002,0.276,1.0476190476190446,12.423671721661783,-0.8087479509056991,0.569,0,0,1,1,0
2020-04-01,0.01,0.1,-9.000000000000002,0.276,0.4285714285714262,12.591947540279163,-0.7487778517509928,0.569,0,0,1,1,0
2020-04-02,0.01,0.1,-9.000000000000002,0.276,-0.619047619047621,12.407562977781684,-0.6754712747346289,0.569,0,0,1,1,0
2020-04-03,0.01,0.1,-9.000000000000002,0.313,-1.1428571428571448,12.523121473042217,-0.6274108954429983,0.443,0,0,1,1,0
2020-04-06,0.01,0.1,-9.000000000000002,0.313,-1.5714285714285734,12.6355507540092,-0.5879103786761632,0.443,0,0,1,1,0
2020-04-07,0.01,0.1,-9.000000000000002,0.313,-1.9523809523809548,12.737645741957918,-0.5532905523038789,0.443,0,0,1,1,0
2020-04-08,0.01,0.1,-9.000000000000002,0.313,-2.428571428571431,12.808479334298138,-0.513052986222323,0.443,0,0,1,1,0
2020-04-09,0.01,0.1,-9.000000000000002,0.313,-3.0952380952380967,12.766772348188708,-0.4625101586932931,0.443,0,0,1,1,0
2020-04-13,0.02,0.1,-8.0,0.313,-3.952380952380953,12.443778326843447,-0.325272513002551,0.275,0,0,1,1,0
2020-04-14,0.06,0.1,-4.000000000000001,0.313,-4.142857142857143,12.410824768264641,0.011510688896554095,0.275,0,0,1,1,0
2020-04-15,0.03,0.1,-7.000000000000001,0.313,-5.238095238095239,11.527813157337166,-0.1528394620781439,0.275,0,0,1,1,0
2020-04-16,0.03,0.1,-7.000000000000001,0.313,-7.666666666666668,2.373464415855646,0.28088336282317095,0.275,0,0,1,1,0
2020-04-17,0.03,0.1,-7.000000000000001,0.242,-8.000000000000002,1.6124515496596017,0.6201736729460845,0.204,0,0,1,1,0
2020-04-20,0.02,0.1,-8.0,0.242,-8.190476190476192,1.3273676061680928,0.14349920066685007,0.059,0,0,1,0,0
2020-04-21,0.01,0.1,-9.000000000000002,0.242,-8.333333333333334,1.23827837473364,-0.5383819020582276,0.059,0,0,1,0,0
2020-04-22,0.01,0.1,-9.000000000000002,0.242,-8.380952380952383,1.2440333788201583,-0.49761335152817493,0.059,0,0,1,0,0
2020-04-23,0.01,0.1,-9.000000000000002,0.242,-8.380952380952383,1.2440333788201583,-0.49761335152817493,0.059,0,0,1,0,0
2020-04-24,0.03,0.1,-7.000000000000001,0.162,-8.285714285714286,1.270545439677529,1.0119388457610823,-0.02099999999999999,0,0,1,0,0
2020-04-27,0.03,0.1,-7.000000000000001,0.162,-8.190476190476192,1.289148851725204,0.9234590628405985,-0.11400000000000002,0,0,1,0,0
2020-04-28,0.01,0.1,-9.000000000000002,0.162,-8.190476190476193,1.289148851725204,-0.627952162731606,-0.11400000000000002,0,0,1,0,0
2020-04-29,0.01,0.1,-9.000000000000002,0.162,-8.190476190476193,1.289148851725204,-0.627952162731606,-0.11400000000000002,0,0,1,0,0
2020-04-30,0.04,0.1,-6.000000000000001,0.162,-8.047619047619051,1.3592715135758184,1.5064091516435922,-0.11400000000000002,0,0,1,0,0
2020-05-01,0.03,0.1,-7.000000000000001,0.064,-7.952380952380955,1.359271513575818,0.7006554193691135,-0.21200000000000002,0,0,1,0,0
2020-05-04,0.05,0.1,-5.0,0.064,-7.761904761904764,1.4800257398017898,1.8661194110547346,-0.249,0,0,1,0,0
2020-05-05,0.05,0.1,-5.0,0.064,-7.571428571428573,1.5675276256393376,1.6404358872972211,-0.249,0,0,1,0,0
2020-05-06,0.05,0.1,-5.0,0.064,-7.380952380952382,1.6271505915614224,1.4632649204691053,-0.249,0,0,1,0,0
2020-05-07,0.05,0.1,-5.0,0.064,-7.190476190476192,1.6618979396775235,1.318056986640969,-0.249,0,0,1,0,0
2020-05-08,0.06,0.1,-4.000000000000001,-0.036,-6.952380952380953,1.7457431218878334,1.6911886493290433,-0.349,0,0,0,0,0
2020-05-11,0.06,0.1,-4.000000000000001,-0.036,-6.714285714285715,1.7928429140014865,1.5139562384903198,-0.349,0,0,0,0,0
2020-05-12,0.06,0.1,-4.000000000000001,-0.036,-6.5238095238095255,1.860619456499471,1.3564350920836683,-0.349,0,0,0,0,0
2020-05-13,0.04,0.1,-6.000000000000001,-0.036,-6.61904761904762,1.7741530507875225,0.34892571346808704,-0.349,0,0,0,0,0
2020-05-14,0.02,0.1,-8.0,-0.036,-6.666666666666668,1.7981471945680532,-0.7415039977601069,-0.349,0,0,0,0,0
2020-05-15,0.05,0.1,-5.0,-0.127,-6.571428571428573,1.8322507626257063,0.8576492931440443,-0.369,0,0,0,0,0
2020-05-18,0.04,0.1,-6.000000000000001,-0.127,-6.5238095238095255,1.833549770773727,0.2856805591857405,-0.369,0,0,0,0,0
2020-05-19,0.04,0.1,-6.000000000000001,-0.127,-6.42857142857143,1.8047556225546104,0.23746784507300273,-0.369,0,0,0,0,0
2020-05-20,0.01,0.1,-9.000000000000002,-0.127,-6.42857142857143,1.8047556225546104,-1.424807070438016,-0.369,0,0,0,0,0
2020-05-21,0.02,0.1,-8.0,-0.127,-6.380952380952382,1.7457431218878303,-0.9274260335030247,-0.369,0,0,0,0,0
2020-05-22,0.04,0.1,-6.000000000000001,-0.207,-6.238095238095239,1.6402671094903438,0.14515638137084758,-0.369,0,0,0,0,0
2020-05-26,0.06,0.1,-4.000000000000001,-0.207,-6.095238095238097,1.7001400502534503,1.2323914697061256,-0.369,0,0,0,0,0
2020-05-27,0.06,0.1,-4.000000000000001,-0.207,-5.952380952380953,1.7457431218878277,1.1183666874595324,-0.369,0,0,0,0,0
2020-05-28,0.06,0.1,-4.000000000000001,-0.207,-5.714285714285715,1.6475089420957083,1.0405319634290195,-0.369,0,0,0,0,0
2020-05-29,0.06,0.1,-4.000000000000001,-0.27,-5.476190476190477,1.503963018795463,0.9815337596351074,-0.43200000000000005,0,0,0,0,0
2020-06-01,0.06,0.1,-4.000000000000001,-0.27,-5.380952380952381,1.5321941938340078,0.9012907022554529,-0.334,0,0,0,0,0
2020-06-02,0.07,0.1,-3.0,-0.27,-5.190476190476192,1.5690458125575413,1.3960562355446589,-0.334,0,0,0,0,0
2020-06-03,0.06,0.1,-4.000000000000001,-0.27,-5.142857142857143,1.5901482410678007,0.7187110694092912,-0.334,0,0,0,0,0
2020-06-04,0.07,0.1,-3.0,-0.27,-5.047619047619048,1.6575943555703359,1.2352956202692396,-0.334,0,0,0,0,0
2020-06-05,0.07,0.1,-3.0,-0.317,-4.952380952380953,1.716863141784643,1.1371791407622012,-0.381,0,0,0,0,0
2020-06-08,0.07,0.1,-3.0,-0.317,-4.857142857142858,1.768776817060596,1.0499588411776626,-0.281,0,0,0,0,0
2020-06-09,0.08,0.1,-2.0000000000000004,-0.317,-4.761904761904763,1.868281614338634,1.4783128735559858,-0.281,0,0,0,0,0
2020-06-10,0.07,0.1,-3.0,-0.317,-4.714285714285715,1.9011274850165347,0.9017205462530071,-0.281,0,0,0,0,0
2020-06-11,0.08,0.1,-2.0000000000000004,-0.317,-4.6190476190476195,1.9868616075657168,1.3181832137047784,-0.281,0,0,0,0,0
2020-06-12,0.08,0.1,-2.0000000000000004,-0.346,-4.428571428571429,2.0389072703638162,1.1911142129274381,-0.31,0,0,0,0,0
2020-06-15,0.09,0.1,-1.0000000000000009,-0.346,-4.095238095238096,1.9976176286956797,1.5494647477951489,-0.21899999999999997,0,0,0,0,0
2020-06-16,0.09,0.1,-1.0000000000000009,-0.346,-3.9047619047619055,2.095346317551288,1.38629203221954,-0.21899999999999997,0,0,0,0,0
2020-06-17,0.09,0.1,-1.0000000000000009,-0.346,-3.6666666666666674,2.1291625896894018,1.2524485821703615,-0.21899999999999997,0,0,0,0,0
2020-06-18,0.09,0.1,-1.0000000000000009,-0.346,-3.4285714285714297,2.1347465557162506,1.1376392303191205,-0.21899999999999997,0,0,0,0,0
2020-06-19,0.09,0.1,-1.0000000000000009,-0.368,-3.0476190476190483,1.774153050787494,1.1541388983944592,-0.241,0,0,0,0,0
2020-06-22,0.08,0.1,-2.0000000000000004,-0.368,-2.7619047619047628,1.374945886380881,0.5541343622695148,-0.161,0,0,0,0,0
2020-06-23,0.07,0.1,-3.0,-0.368,-2.6190476190476195,1.160869952931231,-0.3281611174365091,-0.161,0,0,0,0,0
2020-06-24,0.08,0.1,-2.0000000000000004,-0.368,-2.5238095238095246,1.1233453440079189,0.46629429373931836,-0.161,0,0,0,0,0
2020-06-25,0.09,0.1,-1.0000000000000009,-0.368,-2.380952380952382,1.116968686946304,1.236339386315104,-0.161,0,0,0,0,0
2020-06-26,0.08,0.1,-2.0000000000000004,-0.386,-2.2857142857142865,1.0555973258232583,0.2706659809804444,-0.11599999999999999,0,0,0,0,0
2020-06-29,0.08,0.1,-2.0000000000000004,-0.386,-2.1904761904761916,0.9807674351772996,0.19421137330253785,-0.11599999999999999,0,0,0,0,0
2020-06-30,0.1,0.1,0.0,-0.386,-2.000000000000001,0.9999999999997452,2.0000000000005107,-0.11599999999999999,1,0,0,0,0
2020-07-01,0.11,0.1,0.9999999999999996,-0.386,-1.8095238095238102,1.1670067531528028,2.4074614837776718,-0.11599999999999999,1,0,0,0,0
2020-07-02,0.11,0.1,0.9999999999999996,-0.386,-1.571428571428572,1.2071217242442183,2.130214807490561,-0.11599999999999999,1,0,0,0,0
2020-07-06,0.1,0.1,0.0,-0.386,-1.4285714285714293,1.2071217242442165,1.1834526708280917,-0.069,1,0,0,0,0
2020-07-07,0.1,0.1,0.0,-0.386,-1.2857142857142865,1.1892374507579146,1.0811249552348743,-0.069,1,0,0,0,0
2020-07-08,0.1,0.1,0.0,-0.386,-1.1428571428571435,1.1526367287965855,0.9915154656318713,-0.069,1,0,0,0,0
2020-07-09,0.1,0.1,0.0,-0.386,-1.0476190476190483,1.1608699529312099,0.9024430729504181,-0.069,1,0,0,0,0
2020-07-10,0.1,0.1,0.0,-0.421,-0.9047619047619054,1.0910894511797133,0.8292279828969605,-0.10399999999999998,1,0,0,0,0
2020-07-13,0.1,0.1,0.0,-0.421,-0.8095238095238102,1.0779168622413404,0.7510076499225983,-0.07500000000000001,1,0,0,0,0
2020-07-14,0.11,0.1,0.9999999999999996,-0.421,-0.6666666666666673,1.1105554165969314,1.5007505629694953,-0.07500000000000001,1,0,0,0,0
2020-07-15,0.13,0.1,3.0,-0.421,-0.4761904761904768,1.3645163106039466,2.5475624213329375,-0.07500000000000001,1,1,0,0,1
2020-07-16,0.12,0.1,1.9999999999999991,-0.421,-0.333333333333334,1.4605934866802512,1.597524126056944,-0.07500000000000001,1,0,0,0,0
2020-07-17,0.12,0.1,1.9999999999999991,-0.44,-0.1904761904761911,1.5368489717289064,1.4253034818456976,-0.09400000000000003,1,0,0,0,0
2020-07-20,0.12,0.1,1.9999999999999991,-0.44,-0.047619047619048234,1.5961262630564281,1.2828678375970421,-0.07200000000000001,1,0,0,0,0
2020-07-21,0.11,0.1,0.9999999999999996,-0.44,0.04761904761904703,1.5961262630564272,0.5966827151614154,-0.07200000000000001,1,0,0,0,0
2020-07-22,0.1,0.1,0.0,-0.44,0.1428571428571423,1.5259657363685637,-0.09361752983858497,-0.07200000000000001,1,0,0,0,0
2020-07-23,0.1,0.1,0.0,-0.44,0.28571428571428514,1.3469542361510038,-0.21211877734668216,-0.07200000000000001,1,0,0,0,0
2020-07-24,0.1,0.1,0.0,-0.46,0.3809523809523804,1.244033378820064,-0.3062236009404383,-0.09200000000000003,1,0,0,0,0
2020-07-27,0.1,0.1,0.0,-0.46,0.42857142857142805,1.2071217242441927,-0.3550358012484339,-0.07400000000000001,1,0,0,0,0
2020-07-28,0.1,0.1,0.0,-0.46,0.5238095238095233,1.0779168622413209,-0.4859461264205127,-0.07400000000000001,1,0,0,0,0
2020-07-29,0.09,0.1,-1.0000000000000009,-0.46,0.571428571428571,0.9783367810433524,-1.6062245658930594,-0.07400000000000001,0,0,0,0,0
2020-07-30,0.1,0.1,0.0,-0.46,0.571428571428571,0.9783367810433524,-0.5840816603247482,-0.07400000000000001,1,0,0,0,0
2020-07-31,0.1,0.1,0.0,-0.477,0.5238095238095233,0.9807674351772568,-0.534081276582,-0.09099999999999997,1,0,0,0,0
2020-08-03,0.1,0.1,0.0,-0.477,0.47619047619047566,0.9807674351772576,-0.48552843325636325,-0.09099999999999997,1,0,0,0,0
2020-08-04,0.09,0.1,-1.0000000000000009,-0.477,0.42857142857142805,1.0281745265966635,-1.389425035942205,-0.09099999999999997,0,0,0,0,0
2020-08-05,0.09,0.1,-1.0000000000000009,-0.477,0.3809523809523804,1.0712698295100376,-1.28907987783431,-0.09099999999999997,0,0,0,0,0
2020-08-06,0.09,0.1,-1.0000000000000009,-0.477,0.33333333333333276,1.1105554165969171,-1.2006004503756116,-0.09099999999999997,0,0,0,0,0
2020-08-07,0.09,0.1,-1.0000000000000009,-0.492,0.2857142857142851,1.1464230084419689,-1.121500769128508,-0.07100000000000001,0,0,0,0,0
2020-08-10,0.09,0.1,-1.0000000000000009,-0.492,0.23809523809523742,1.1791845447068972,-1.049958841177811,-0.07100000000000001,0,0,0,0,0
2020-08-11,0.1,0.1,0.0,-0.492,0.23809523809523742,1.1791845447068972,-0.20191516176496302,-0.07100000000000001,1,0,0,0,0
2020-08-12,0.09,0.1,-1.0000000000000009,-0.492,0.14285714285714216,1.195228609334153,-0.9561828874677075,-0.07100000000000001,0,0,0,0,0
2020-08-13,0.09,0.1,-1.0000000000000009,-0.492,-0.04761904761904836,1.02353263143804,-0.9304842103987238,-0.07100000000000001,0,0,0,0,0
2020-08-14,0.09,0.1,-1.0000000000000009,-0.502,-0.19047619047619124,0.9283882603222627,-0.871966874336398,-0.062,0,0,0,0,0
2020-08-17,0.1,0.1,0.0,-0.502,-0.28571428571428636,0.7837638128193678,0.36454130828841197,-0.062,1,0,0,0,0
2020-08-18,0.09,0.1,-1.0000000000000009,-0.502,-0.4285714285714293,0.597614304666731,-0.9561828874682605,-0.062,0,0,0,0,0
2020-08-19,0.09,0.1,-1.0000000000000009,-0.502,-0.5238095238095245,0.511766315718618,-0.930484210399455,-0.062,0,0,0,0,0
2020-08-20,0.07,0.1,-3.0,-0.502,-0.6666666666666673,0.7302967433398454,-3.1950482521151136,-0.062,0,0,0,0,0
2020-08-21,0.07,0.1,-3.0,-0.509,-0.8095238095238102,0.8728715609436573,-2.5095057377148096,-0.04899999999999999,0,0,0,0,0
2020-08-24,0.08,0.1,-2.0000000000000004,-0.509,-0.9047619047619054,0.8890872794476639,-1.2318679173078486,-0.04899999999999999,0,0,0,0,0
2020-08-25,0.08,0.1,-2.0000000000000004,-0.509,-1.0000000000000007,0.8944271909996144,-1.1180339887502715,-0.04899999999999999,0,0,0,0,0
2020-08-26,0.07,0.1,-3.0,-0.509,-1.1428571428571435,0.963624111659154,-1.9272482233194177,-0.04899999999999999,0,0,0,0,0
2020-08-27,0.07,0.1,-3.0,-0.509,-1.2380952380952388,1.044258679866085,-1.687230181443842,-0.04899999999999999,0,0,0,0,0
2020-08-28,0.07,0.1,-3.0,-0.511,-1.3809523809523816,1.0712698295100633,-1.5113350291850158,-0.03400000000000003,0,0,0,0,0
2020-08-31,0.09,0.1,-1.0000000000000009,-0.511,-1.4285714285714295,1.0281745265966915,0.4168275107826501,-0.03400000000000003,0,0,0,0,0
2020-09-01,0.09,0.1,-1.0000000000000009,-0.511,-1.476190476190477,0.9807674351772886,0.48552843325634826,-0.03400000000000003,0,0,0,0,0
2020-09-02,0.09,0.1,-1.0000000000000009,-0.511,-1.476190476190477,0.9807674351772886,0.48552843325634826,-0.03400000000000003,0,0,0,0,0
2020-09-03,0.1,0.1,0.0,-0.511,-1.4285714285714293,1.0281745265966915,1.3894250359421676,-0.03400000000000003,1,0,0,0,0
2020-09-04,0.09,0.1,-1.0000000000000009,-0.509,-1.4285714285714293,1.0281745265966915,0.4168275107826499,-0.017000000000000015,0,0,0,0,0
2020-09-08,0.09,0.1,-1.0000000000000009,-0.509,-1.4285714285714295,1.0281745265966915,0.4168275107826501,-0.017000000000000015,0,0,0,0,0
2020-09-09,0.09,0.1,-1.0000000000000009,-0.509,-1.4285714285714295,1.0281745265966915,0.4168275107826501,-0.017000000000000015,0,0,0,0,0
2020-09-10,0.09,0.1,-1.0000000000000009,-0.509,-1.476190476190477,0.9807674351772886,0.48552843325634826,-0.017000000000000015,0,0,0,0,0
2020-09-11,0.09,0.1,-1.0000000000000009,-0.505,-1.476190476190477,0.9807674351772886,0.48552843325634826,-0.013000000000000012,0,0,0,0,0
2020-09-14,0.09,0.1,-1.0000000000000009,-0.505,-1.476190476190477,0.9807674351772886,0.48552843325634826,-0.0030000000000000027,0,0,0,0,0
2020-09-15,0.1,0.1,0.0,-0.505,-1.4285714285714295,1.0281745265966915,1.3894250359421678,-0.0030000000000000027,1,0,0,0,0
2020-09-16,0.1,0.1,0.0,-0.505,-1.4285714285714295,1.0281745265966915,1.3894250359421678,-0.0030000000000000027,1,0,0,0,0
2020-09-17,0.1,0.1,0.0,-0.505,-1.3809523809523818,1.0712698295100633,1.2890798778342794,-0.0030000000000000027,1,0,0,0,0
2020-09-18,0.09,0.1,-1.0000000000000009,-0.501,-1.3809523809523816,1.0712698295100633,0.3556082421611801,0.0010000000000000009,0,0,0,0,0
2020-09-21,0.08,0.1,-2.0000000000000004,-0.501,-1.333333333333334,1.016530045464867,-0.6558258357841207,0.008000000000000007,0,0,0,0,0
2020-09-22,0.07,0.1,-3.0,-0.501,-1.333333333333334,1.016530045464867,-1.6395645894603015,0.008000000000000007,0,0,0,0,0
2020-09-23,0.06,0.1,-4.000000000000001,-0.501,-1.4285714285714293,1.1649647450212093,-2.207301622146305,0.008000000000000007,0,0,0,0,0
2020-09-24,0.07,0.1,-3.0,-0.501,-1.476190476190477,1.2090925365348333,-1.2602918947598871,0.008000000000000007,0,0,0,0,0
2020-09-25,0.08,0.1,-2.0000000000000004,-0.495,-1.4285714285714293,1.1649647450212093,-0.49051147158806746,0.014000000000000012,0,0,0,0,0
2020-09-28,0.08,0.1,-2.0000000000000004,-0.495,-1.3809523809523816,1.1169686869462905,-0.5542211042102255,0.016000000000000014,0,0,0,0,0
2020-09-29,0.07,0.1,-3.0,-0.495,-1.3809523809523816,1.1169686869462905,-1.4495013494728974,0.016000000000000014,0,0,0,0,0
2020-09-30,0.08,0.1,-2.0000000000000004,-0.495,-1.4285714285714295,1.1212238211625416,-0.5096471914377317,0.016000000000000014,0,0,0,0,0
2020-10-01,0.08,0.1,-2.0000000000000004,-0.495,-1.476190476190477,1.1233453440079044,-0.4662942937393238,0.016000000000000014,0,0,0,0,0
2020-10-02,0.1,0.1,0.0,-0.492,-1.4285714285714293,1.1649647450212093,1.2262786789701698,0.019000000000000017,1,0,0,0,0
2020-10-05,0.09,0.1,-1.0000000000000009,-0.492,-1.476190476190477,1.1233453440079044,0.4239039033993854,0.017000000000000015,0,0,0,0,0
2020-10-06,0.1,0.1,0.0,-0.492,-1.4285714285714293,1.1649647450212093,1.2262786789701698,0.017000000000000015,1,0,0,0,0
2020-10-07,0.09,0.1,-1.0000000000000009,-0.492,-1.4285714285714293,1.1649647450212093,0.3678836036910506,0.017000000000000015,0,0,0,0,0
2020-10-08,0.08,0.1,-2.0000000000000004,-0.492,-1.476190476190477,1.1670067531527986,-0.4488487512127876,0.017000000000000015,0,0,0,0,0
2020-10-09,0.09,0.1,-1.0000000000000009,-0.492,-1.476190476190477,1.1670067531527986,0.4080443192843525,0.013000000000000012,0,0,0,0,0
2020-10-13,0.09,0.1,-1.0000000000000009,-0.492,-1.476190476190477,1.1670067531527986,0.4080443192843525,0.013000000000000012,0,0,0,0,0
2020-10-14,0.09,0.1,-1.0000000000000009,-0.492,-1.476190476190477,1.1670067531527986,0.4080443192843525,0.013000000000000012,0,0,0,0,0
2020-10-15,0.1,0.1,0.0,-0.492,-1.476190476190477,1.1670067531527986,1.2649373897814937,0.013000000000000012,1,0,0,0,0
2020-10-16,0.09,0.1,-1.0000000000000009,-0.495,-1.5238095238095244,1.1233453440079049,0.4662942937393236,0.010000000000000009,0,0,0,0,0
2020-10-19,0.09,0.1,-1.0000000000000009,-0.495,-1.571428571428572,1.0757057484007115,0.5312127152598501,0.006000000000000005,0,0,0,0,0
2020-10-20,0.08,0.1,-2.0000000000000004,-0.495,-1.6190476190476197,1.0712698295100664,-0.35560824216117903,0.006000000000000005,0,0,0,0,0
2020-10-21,0.07,0.1,-3.0,-0.495,-1.6666666666666674,1.110555416596945,-1.2006004503755805,0.006000000000000005,0,0,0,0,0
2020-10-22,0.07,0.1,-3.0,-0.495,-1.6666666666666674,1.110555416596945,-1.2006004503755805,0.006000000000000005,0,0,0,0,0
2020-10-23,0.08,0.1,-2.0000000000000004,-0.501,-1.571428571428572,0.9783367810433863,-0.43806124524354617,0.0,0,0,0,0,0
2020-10-26,0.09,0.1,-1.0000000000000009,-0.501,-1.476190476190477,0.9283882603222839,0.5129216907861045,-0.006000000000000005,0,0,0,0,0
2020-10-27,0.09,0.1,-1.0000000000000009,-0.501,-1.4285714285714293,0.9258200997722671,0.4629100498864177,-0.006000000000000005,0,0,0,0,0
2020-10-28,0.08,0.1,-2.0000000000000004,-0.501,-1.4285714285714293,0.9258200997722671,-0.6172133998485569,-0.006000000000000005,0,0,0,0,0
2020-10-29,0.09,0.1,-1.0000000000000009,-0.501,-1.3333333333333341,0.8563488385773662,0.3892494720809019,-0.006000000000000005,0,0,0,0,0
2020-10-30,0.09,0.1,-1.0000000000000009,-0.51,-1.2857142857142865,0.8451542547282026,0.33806170189153206,-0.015000000000000013,0,0,0,0,0
2020-11-02,0.11,0.1,0.9999999999999996,-0.51,-1.1428571428571437,0.9636241116591538,2.2237479499839448,-0.018000000000000016,1,0,0,0,0
2020-11-03,0.1,0.1,0.0,-0.51,-1.1428571428571437,0.9636241116591538,1.1859989066581045,-0.018000000000000016,1,0,0,0,0
2020-11-04,0.1,0.1,0.0,-0.51,-1.095238095238096,0.9952267030559689,1.1004910658797935,-0.018000000000000016,1,0,0,0,0
2020-11-05,0.11,0.1,0.9999999999999996,-0.51,-1.0476190476190483,1.0712698295100584,1.9113943016163533,-0.018000000000000016,1,0,0,0,0
2020-11-06,0.1,0.1,0.0,-0.524,-1.0000000000000007,1.0954451150100861,0.9128709291754825,-0.03200000000000003,1,0,0,0,0
2020-11-09,0.1,0.1,0.0,-0.524,-0.9047619047619054,1.0910894511797136,0.8292279828969604,-0.03200000000000003,1,0,0,0,0
2020-11-10,0.1,0.1,0.0,-0.524,-0.8571428571428579,1.108409413786659,0.7733088933398724,-0.03200000000000003,1,0,0,0,0
2020-11-12,0.09,0.1,-1.0000000000000009,-0.524,-0.8571428571428579,1.108409413786659,-0.12888481555664544,-0.03200000000000003,0,0,0,0,0
2020-11-13,0.09,0.1,-1.0000000000000009,-0.541,-0.8571428571428579,1.108409413786659,-0.12888481555664544,-0.049000000000000044,0,0,0,0,0
2020-11-16,0.1,0.1,0.0,-0.541,-0.8571428571428579,1.108409413786659,0.7733088933398724,-0.04600000000000004,1,0,0,0,0
2020-11-17,0.09,0.1,-1.0000000000000009,-0.541,-0.8571428571428579,1.108409413786659,-0.12888481555664544,-0.04600000000000004,0,0,0,0,0
2020-11-18,0.07,0.1,-3.0,-0.541,-0.9523809523809531,1.203170415036252,-1.7018528896900704,-0.04600000000000004,0,0,0,0,0
2020-11-19,0.06,0.1,-4.000000000000001,-0.541,-1.0476190476190483,1.3592715135757498,-2.172031800044356,-0.04600000000000004,0,0,0,0,0
2020-11-20,0.05,0.1,-5.0,-0.557,-1.1428571428571435,1.5583874449477877,-2.4750859419764426,-0.062000000000000055,0,0,0,0,0
2020-11-23,0.05,0.1,-5.0,-0.557,-1.2380952380952388,1.7292993351284383,-2.1753924757192817,-0.05600000000000005,0,0,0,0,0
2020-11-24,0.07,0.1,-3.0,-0.557,-1.2857142857142865,1.764733893334965,-0.9714131522946412,-0.05600000000000005,0,0,0,0,0
2020-11-25,0.08,0.1,-2.0000000000000004,-0.557,-1.333333333333334,1.7701224063134178,-0.37662178857738643,-0.05600000000000005,0,0,0,0,0
2020-11-27,0.08,0.1,-2.0000000000000004,-0.572,-1.3809523809523816,1.7741530507874794,-0.3489257134680951,-0.07099999999999995,0,0,0,0,0
2020-11-30,0.09,0.1,-1.0000000000000009,-0.572,-1.333333333333334,1.7701224063134178,0.18831089428869308,-0.07099999999999995,0,0,0,0,0
2020-12-01,0.08,0.1,-2.0000000000000004,-0.572,-1.3809523809523816,1.7741530507874794,-0.3489257134680951,-0.061999999999999944,0,0,0,0,0
2020-12-02,0.08,0.1,-2.0000000000000004,-0.572,-1.4285714285714293,1.776835067512551,-0.3215991072421441,-0.061999999999999944,0,0,0,0,0
2020-12-03,0.08,0.1,-2.0000000000000004,-0.572,-1.571428571428572,1.690308509456879,-0.25354627641857796,-0.061999999999999944,0,0,0,0,0
2020-12-04,0.09,0.1,-1.0000000000000009,-0.585,-1.6190476190476197,1.6575943555703028,0.3734614665930331,-0.07499999999999996,0,0,0,0,0
2020-12-07,0.08,0.1,-2.0000000000000004,-0.585,-1.7142857142857149,1.6168752933622301,-0.1767076823347048,-0.07499999999999996,0,0,0,0,0
2020-12-08,0.07,0.1,-3.0,-0.585,-1.9047619047619055,1.513431924625511,-0.7236784670768089,-0.06099999999999994,0,0,0,0,0
2020-12-09,0.08,0.1,-2.0000000000000004,-0.585,-2.000000000000001,1.4491376746187683,3.064506689931247e-16,-0.06099999999999994,0,0,0,0,0
2020-12-10,0.08,0.1,-2.0000000000000004,-0.585,-2.095238095238096,1.374945886380873,0.0692667952836898,-0.06099999999999994,0,0,0,0,0
2020-12-11,0.08,0.1,-2.0000000000000004,-0.595,-2.190476190476191,1.2891488517251446,0.14775345005450272,-0.07099999999999995,0,0,0,0,0
2020-12-14,0.08,0.1,-2.0000000000000004,-0.595,-2.2380952380952386,1.2611408289622887,0.18879353726986328,-0.05399999999999994,0,0,0,0,0
2020-12-15,0.09,0.1,-1.0000000000000009,-0.595,-2.2380952380952386,1.2611408289622887,0.9817263938032886,-0.05399999999999994,0,0,0,0,0
2020-12-16,0.09,0.1,-1.0000000000000009,-0.595,-2.2857142857142865,1.1892374507579273,1.081124955234862,-0.05399999999999994,0,0,0,0,0
2020-12-17,0.09,0.1,-1.0000000000000009,-0.595,-2.2857142857142865,1.1892374507579273,1.081124955234862,-0.05399999999999994,0,0,0,0,0
2020-12-18,0.09,0.1,-1.0000000000000009,-0.602,-2.190476190476191,1.2090925365348422,0.9846030427811548,-0.06099999999999994,0,0,0,0,0
2020-12-21,0.09,0.1,-1.0000000000000009,-0.602,-2.047619047619049,1.160869952931223,0.9024430729504076,-0.04499999999999993,0,0,0,0,0
2020-12-22,0.07,0.1,-3.0,-0.602,-1.9523809523809534,0.973457265430043,-1.0761839115312795,-0.04499999999999993,0,0,0,0,0
2020-12-23,0.06,0.1,-4.000000000000001,-0.602,-1.9047619047619058,0.8309489698385086,-2.5215003222704464,-0.04499999999999993,0,0,0,0,0
2020-12-24,0.08,0.1,-2.0000000000000004,-0.602,-1.857142857142858,0.7928249671717682,-0.1801874925391847,-0.04499999999999993,0,0,0,0,0
2020-12-28,0.09,0.1,-1.0000000000000009,-0.602,-1.8095238095238106,0.8135752957804504,0.9950201459193102,-0.030000000000000027,0,0,0,0,0
2020-12-29,0.1,0.1,0.0,-0.602,-1.7142857142857149,0.9023778112770708,1.8997427605845147,-0.030000000000000027,1,0,0,0,0
2020-12-30,0.09,0.1,-1.0000000000000009,-0.602,-1.7142857142857149,0.9023778112770708,0.7915594835768806,-0.030000000000000027,0,0,0,0,0
2020-12-31,0.07,0.1,-3.0,-0.602,-1.7619047619047625,0.9436504599032814,-1.3120273774063913,-0.030000000000000027,0,0,0,0,0
2021-01-04,0.1,0.1,0.0,-0.602,-1.6666666666666674,1.016530045464872,1.6395645894602946,-0.030000000000000027,1,0,0,0,0
2021-01-05,0.11,0.1,0.9999999999999996,-0.602,-1.5238095238095244,1.1670067531527994,2.162634892207067,-0.017000000000000015,1,0,0,0,0
2021-01-06,0.1,0.1,0.0,-0.602,-1.476190476190477,1.2090925365348335,1.2209077730486417,-0.017000000000000015,1,0,0,0,0
2021-01-07,0.1,0.1,0.0,-0.602,-1.3809523809523816,1.2440333788200864,1.110060553409071,-0.017000000000000015,1,0,0,0,0
2021-01-08,0.09,0.1,-1.0000000000000009,-0.618,-1.2857142857142865,1.189237450757915,0.24024999005219394,-0.03300000000000003,0,0,0,0,0
2021-01-11,0.09,0.1,-1.0000000000000009,-0.618,-1.238095238095239,1.1791845447069171,0.20191516176496022,-0.03300000000000003,0,0,0,0,0
2021-01-12,0.08,0.1,-2.0000000000000004,-0.618,-1.238095238095239,1.1791845447069171,-0.6461285176478722,-0.02300000000000002,0,0,0,0,0
2021-01-13,0.08,0.1,-2.0000000000000004,-0.618,-1.238095238095239,1.1791845447069171,-0.6461285176478722,-0.02300000000000002,0,0,0,0,0
2021-01-14,0.08,0.1,-2.0000000000000004,-0.618,-1.2380952380952388,1.1791845447069171,-0.6461285176478724,-0.02300000000000002,0,0,0,0,0
2021-01-15,0.08,0.1,-2.0000000000000004,-0.621,-1.2857142857142865,1.189237450757915,-0.6006249751304849,-0.026000000000000023,0,0,0,0,0
2021-01-19,0.07,0.1,-3.0,-0.621,-1.3809523809523816,1.2440333788200864,-1.3014503039968408,-0.026000000000000023,0,0,0,0,0
2021-01-20,0.06,0.1,-4.000000000000001,-0.621,-1.5238095238095244,1.3645163106039586,-1.8147019987576927,-0.019000000000000017,0,0,0,0,0
2021-01-21,0.04,0.1,-6.000000000000001,-0.621,-1.7619047619047625,1.670471846657607,-2.537064750043591,-0.019000000000000017,0,0,0,0,0
2021-01-22,0.05,0.1,-5.0,-0.623,-1.952380952380953,1.802115159366498,-1.6911344604028435,-0.02100000000000002,0,0,0,0,0
2021-01-25,0.06,0.1,-4.000000000000001,-0.623,-2.000000000000001,1.8439088914584396,-1.0846522890933619,-0.02100000000000002,0,0,0,0,0
2021-01-26,0.03,0.1,-7.000000000000001,-0.623,-2.1428571428571437,2.104417123236485,-2.308070393227376,-0.02100000000000002,0,0,0,0,0
2021-01-27,0.03,0.1,-7.000000000000001,-0.623,-2.380952380952382,2.355338414669652,-1.9610972207980835,-0.02100000000000002,0,0,0,0,0
2021-01-28,0.04,0.1,-6.000000000000001,-0.623,-2.6190476190476195,2.4591907302237783,-1.3748231641409634,-0.02100000000000002,0,0,0,0,0
2021-01-29,0.06,0.1,-4.000000000000001,-0.623,-2.80952380952381,2.4003967925958154,-0.49594975053636725,-0.02100000000000002,0,0,0,0,0
2021-02-01,0.07,0.1,-3.0,-0.623,-2.9047619047619055,2.3644187849185494,-0.040279706727746736,-0.02100000000000002,0,0,0,0,0
2021-02-02,0.07,0.1,-3.0,-0.623,-2.9047619047619055,2.3644187849185494,-0.040279706727746736,-0.02100000000000002,0,0,0,0,0
2021-02-03,0.07,0.1,-3.0,-0.623,-3.0476190476190483,2.268836496448911,0.020988311715533357,-0.02100000000000002,0,0,0,0,0
2021-02-04,0.05,0.1,-5.0,-0.623,-3.333333333333334,2.105548226313723,-0.7915594835766709,-0.02100000000000002,0,0,0,0,0
2021-02-05,0.02,0.1,-8.0,-0.625,-3.714285714285715,2.1941480611584208,-1.9532475321886902,-0.02300000000000002,0,0,0,0,0
2021-02-08,0.02,0.1,-8.0,-0.625,-4.095238095238096,2.2114421065168637,-1.7657084005296921,-0.007000000000000006,0,0,0,0,0
2021-02-09,0.05,0.1,-5.0,-0.625,-4.2857142857142865,2.101020160370974,-0.3399708997364372,-0.007000000000000006,0,0,0,0,0
2021-02-10,0.06,0.1,-4.000000000000001,-0.625,-4.428571428571429,1.9639610121238202,0.2182178902360044,-0.007000000000000006,0,0,0,0,0
2021-02-11,0.06,0.1,-4.000000000000001,-0.625,-4.523809523809525,1.8873009198069945,0.2775442529128271,-0.007000000000000006,0,0,0,0,0
2021-02-12,0.05,0.1,-5.0,-0.627,-4.666666666666667,1.7981471945680374,-0.18537599944002833,-0.009000000000000008,0,0,0,0,0
2021-02-16,0.06,0.1,-4.000000000000001,-0.627,-4.761904761904763,1.7001400502534378,0.44814235262041247,-0.006000000000000005,0,0,0,0,0
2021-02-17,0.06,0.1,-4.000000000000001,-0.627,-4.857142857142858,1.5901482410677952,0.5390333020569702,-0.006000000000000005,0,0,0,0,0
2021-02-18,0.03,0.1,-7.000000000000001,-0.627,-5.047619047619048,1.5961262630564745,-1.2231995660808652,-0.006000000000000005,0,0,0,0,0
2021-02-19,0.02,0.1,-8.0,-0.629,-5.238095238095239,1.7001400502534412,-1.6245160282489914,-0.008000000000000007,0,0,0,0,0
2021-02-22,0.03,0.1,-7.000000000000001,-0.629,-5.2857142857142865,1.7361698402763763,-0.9873951698255637,-0.006000000000000005,0,0,0,0,0
2021-02-23,0.01,0.1,-9.000000000000002,-0.629,-5.476190476190477,1.9136103997168155,-1.8414456382192497,-0.006000000000000005,0,0,0,0,0
2021-02-24,0.02,0.1,-8.0,-0.629,-5.666666666666668,1.957890020745018,-1.1917591430623105,-0.006000000000000005,0,0,0,0,0
2021-02-25,0.03,0.1,-7.000000000000001,-0.629,-5.666666666666668,1.957890020745018,-0.6810052246070348,-0.006000000000000005,0,0,0,0,0
2021-02-26,0.01,0.1,-9.000000000000002,-0.631,-5.761904761904764,2.071346467995103,-1.563280353203998,-0.008000000000000007,0,0,0,0,0
2021-03-01,0.02,0.1,-8.0,-0.631,-5.857142857142858,2.128044038212327,-1.0069609013623886,-0.008000000000000007,0,0,0,0,0
2021-03-02,0.04,0.1,-6.000000000000001,-0.631,-5.952380952380953,2.0850944936905496,-0.02283783673264768,-0.008000000000000007,0,0,0,0,0
2021-03-03,0.04,0.1,-6.000000000000001,-0.631,-6.095238095238095,1.9724290077150548,0.04828467583146217,-0.008000000000000007,0,0,0,0,0
2021-03-04,0.02,0.1,-8.0,-0.631,-6.333333333333333,1.8797162906494544,-0.8866586276649348,-0.008000000000000007,0,0,0,0,0
2021-03-05,0.02,0.1,-8.0,-0.635,-6.571428571428571,1.7484687178049465,-0.817041456918302,-0.01200000000000001,0,0,0,0,0
2021-03-08,0.02,0.1,-8.0,-0.635,-6.714285714285714,1.7361698402763868,-0.7405463773691682,-0.010000000000000009,0,0,0,0,0
2021-03-09,0.02,0.1,-8.0,-0.635,-6.714285714285714,1.7361698402763868,-0.7405463773691682,-0.010000000000000009,0,0,0,0,0
2021-03-10,0.02,0.1,-8.0,-0.635,-6.714285714285714,1.7361698402763868,-0.7405463773691682,-0.010000000000000009,0,0,0,0,0
2021-03-11,0.01,0.1,-9.000000000000002,-0.635,-6.904761904761905,1.7579750255552025,-1.1918474749528254,-0.010000000000000009,0,0,0,0,0
2021-03-12,0.01,0.1,-9.000000000000002,-0.64,-7.142857142857144,1.6818357317440544,-1.1042355814482612,-0.015000000000000013,0,0,0,0,0
2021-03-15,0.01,0.1,-9.000000000000002,-0.64,-7.380952380952382,1.5644868320374843,-1.034874558157245,-0.013000000000000012,0,0,0,0,0
2021-03-16,0.01,0.1,-9.000000000000002,-0.64,-7.571428571428573,1.5023790657295841,-0.9508728264112807,-0.013000000000000012,0,0,0,0,0
2021-03-17,0.01,0.1,-9.000000000000002,-0.64,-7.809523809523811,1.2891488517252025,-0.9234590628405996,-0.013000000000000012,0,0,0,0,0
2021-03-18,0.01,0.1,-9.000000000000002,-0.64,-8.04761904761905,0.9734572654301265,-0.9783490104828986,-0.013000000000000012,0,0,0,0,0
2021-03-19,0.01,0.1,-9.000000000000002,-0.645,-8.142857142857144,0.9636241116592522,-0.8894991799934875,-0.016000000000000014,0,0,0,0,0
2021-03-22,0.01,0.1,-9.000000000000002,-0.645,-8.190476190476192,0.9807674351773807,-0.8253983365357155,-0.016000000000000014,0,0,0,0,0
2021-03-23,0.01,0.1,-9.000000000000002,-0.645,-8.285714285714286,0.9561828874673362,-0.7470178808341368,-0.016000000000000014,0,0,0,0,0
2021-03-24,0.01,0.1,-9.000000000000002,-0.645,-8.285714285714286,0.9561828874673362,-0.7470178808341368,-0.016000000000000014,0,0,0,0,0
2021-03-25,0.01,0.1,-9.000000000000002,-0.645,-8.333333333333334,0.9660917830791197,-0.6900655593424813,-0.016000000000000014,0,0,0,0,0
2021-03-26,0.01,0.1,-9.000000000000002,-0.652,-8.42857142857143,0.925820099772369,-0.617213399848489,-0.02100000000000002,0,0,0,0,0
2021-03-29,0.01,0.1,-9.000000000000002,-0.652,-8.42857142857143,0.925820099772369,-0.617213399848489,-0.02100000000000002,0,0,0,0,0
2021-03-30,0.01,0.1,-9.000000000000002,-0.652,-8.476190476190478,0.9283882603223854,-0.5642138598646534,-0.02100000000000002,0,0,0,0,0
2021-03-31,0.01,0.1,-9.000000000000002,-0.652,-8.61904761904762,0.7400128699007302,-0.5147915616703864,-0.02100000000000002,0,0,0,0,0
2021-04-01,0.01,0.1,-9.000000000000002,-0.652,-8.761904761904763,0.4364357804716086,-0.5455447255904533,-0.02100000000000002,0,0,0,0,0
2021-04-05,0.01,0.1,-9.000000000000002,-0.652,-8.809523809523812,0.4023739080810719,-0.4733810683316273,-0.017000000000000015,0,0,0,0,0
2021-04-06,0.01,0.1,-9.000000000000002,-0.652,-8.85714285714286,0.35856858279986403,-0.39840953644530097,-0.017000000000000015,0,0,0,0,0
2021-04-07,0.01,0.1,-9.000000000000002,-0.652,-8.904761904761907,0.3007926037585802,-0.316623793431218,-0.017000000000000015,0,0,0,0,0
2021-04-08,0.01,0.1,-9.000000000000002,-0.652,-8.952380952380954,0.21821789023525265,-0.21821789023673133,-0.017000000000000015,0,0,0,0,0
2021-04-09,0.01,0.1,-9.000000000000002,-0.668,-9.000000000000002,0.0,,-0.03300000000000003,0,0,0,0,0
2021-04-12,0.01,0.1,-9.000000000000002,-0.668,-9.000000000000002,0.0,,-0.028000000000000025,0,0,0,0,0
2021-04-13,0.01,0.1,-9.000000000000002,-0.668,-9.000000000000002,0.0,,-0.028000000000000025,0,0,0,0,0
2021-04-14,0.01,0.1,-9.000000000000002,-0.668,-9.000000000000002,0.0,,-0.028000000000000025,0,0,0,0,0
2021-04-15,0.01,0.1,-9.000000000000002,-0.668,-9.000000000000002,0.0,,-0.028000000000000025,0,0,0,0,0
2021-04-16,0.01,0.1,-9.000000000000002,-0.675,-9.000000000000002,0.0,,-0.03500000000000003,0,0,0,0,0
2021-04-19,0.01,0.1,-9.000000000000002,-0.675,-9.000000000000002,0.0,,-0.030000000000000027,0,0,0,0,0
2021-04-20,0.01,0.1,-9.000000000000002,-0.675,-9.000000000000002,0.0,,-0.030000000000000027,0,0,0,0,0
2021-04-21,0.01,0.1,-9.000000000000002,-0.675,-9.000000000000002,0.0,,-0.030000000000000027,0,0,0,0,0
2021-04-22,0.01,0.1,-9.000000000000002,-0.675,-9.000000000000002,0.0,,-0.030000000000000027,0,0,0,0,0
2021-04-23,0.01,0.1,-9.000000000000002,-0.681,-9.000000000000002,0.0,,-0.03600000000000003,0,0,0,0,0
2021-04-26,0.01,0.1,-9.000000000000002,-0.681,-9.000000000000002,0.0,,-0.029000000000000026,0,0,0,0,0
2021-04-27,0.01,0.1,-9.000000000000002,-0.681,-9.000000000000002,0.0,,-0.029000000000000026,0,0,0,0,0
2021-04-28,0.01,0.1,-9.000000000000002,-0.681,-9.000000000000002,0.0,,-0.029000000000000026,0,0,0,0,0
2021-04-29,0.01,0.1,-9.000000000000002,-0.681,-9.000000000000002,0.0,,-0.029000000000000026,0,0,0,0,0
2021-04-30,0.01,0.1,-9.000000000000002,-0.686,-9.000000000000002,0.0,,-0.03400000000000003,0,0,0,0,0
2021-05-03,0.01,0.1,-9.000000000000002,-0.686,-9.000000000000002,0.0,,-0.03400000000000003,0,0,0,0,0
2021-05-04,0.01,0.1,-9.000000000000002,-0.686,-9.000000000000002,0.0,,-0.03400000000000003,0,0,0,0,0
2021-05-05,0.01,0.1,-9.000000000000002,-0.686,-9.000000000000002,0.0,,-0.03400000000000003,0,0,0,0,0
2021-05-06,0.01,0.1,-9.000000000000002,-0.686,-9.000000000000002,0.0,,-0.03400000000000003,0,0,0,0,0
2021-05-07,0.01,0.1,-9.000000000000002,-0.691,-9.000000000000002,0.0,,-0.02299999999999991,0,0,0,0,0
2021-05-10,0.01,0.1,-9.000000000000002,-0.691,-9.000000000000002,0.0,,-0.02299999999999991,0,0,0,0,0
2021-05-11,0.01,0.1,-9.000000000000002,-0.691,-9.000000000000002,0.0,,-0.02299999999999991,0,0,0,0,0
2021-05-12,0.01,0.1,-9.000000000000002,-0.691,-9.000000000000002,0.0,,-0.02299999999999991,0,0,0,0,0
2021-05-13,0.01,0.1,-9.000000000000002,-0.691,-9.000000000000002,0.0,,-0.02299999999999991,0,0,0,0,0
2021-05-14,0.01,0.1,-9.000000000000002,-0.694,-9.000000000000002,0.0,,-0.018999999999999906,0,0,0,0,0
2021-05-17,0.01,0.1,-9.000000000000002,-0.694,-9.000000000000002,0.0,,-0.018999999999999906,0,0,0,0,0
2021-05-18,0.01,0.1,-9.000000000000002,-0.694,-9.000000000000002,0.0,,-0.018999999999999906,0,0,0,0,0
2021-05-19,0.01,0.1,-9.000000000000002,-0.694,-9.000000000000002,0.0,,-0.018999999999999906,0,0,0,0,0
2021-05-20,0.01,0.1,-9.000000000000002,-0.694,-9.000000000000002,0.0,,-0.018999999999999906,0,0,0,0,0
2021-05-21,0.01,0.1,-9.000000000000002,-0.696,-9.000000000000002,0.0,,-0.014999999999999902,0,0,0,0,0
2021-05-24,0.01,0.1,-9.000000000000002,-0.696,-9.000000000000002,0.0,,-0.014999999999999902,0,0,0,0,0
2021-05-25,0.01,0.1,-9.000000000000002,-0.696,-9.000000000000002,0.0,,-0.014999999999999902,0,0,0,0,0
2021-05-26,0.01,0.1,-9.000000000000002,-0.696,-9.000000000000002,0.0,,-0.014999999999999902,0,0,0,0,0
2021-05-27,0.01,0.1,-9.000000000000002,-0.696,-9.000000000000002,0.0,,-0.014999999999999902,0,0,0,0,0
2021-05-28,0.01,0.1,-9.000000000000002,-0.698,-9.000000000000002,0.0,,-0.0119999999999999,0,0,0,0,0
2021-06-01,0.01,0.1,-9.000000000000002,-0.698,-9.000000000000002,0.0,,-0.0119999999999999,0,0,0,0,0
2021-06-02,0.01,0.1,-9.000000000000002,-0.698,-9.000000000000002,0.0,,-0.0119999999999999,0,0,0,0,0
2021-06-03,0.01,0.1,-9.000000000000002,-0.698,-9.000000000000002,0.0,,-0.0119999999999999,0,0,0,0,0
2021-06-04,0.01,0.1,-9.000000000000002,-0.699,-9.000000000000002,0.0,,-0.0129999999999999,0,0,0,0,0
2021-06-07,0.01,0.1,-9.000000000000002,-0.699,-9.000000000000002,0.0,,-0.008000000000000007,0,0,0,0,0
2021-06-08,0.01,0.1,-9.000000000000002,-0.699,-9.000000000000002,0.0,,-0.008000000000000007,0,0,0,0,0
2021-06-09,0.01,0.1,-9.000000000000002,-0.699,-9.000000000000002,0.0,,-0.008000000000000007,0,0,0,0,0
2021-06-10,0.01,0.1,-9.000000000000002,-0.699,-9.000000000000002,0.0,,-0.008000000000000007,0,0,0,0,0
2021-06-11,0.01,0.1,-9.000000000000002,-0.698,-9.000000000000002,0.0,,-0.007000000000000006,0,0,0,0,0
2021-06-14,0.01,0.1,-9.000000000000002,-0.698,-9.000000000000002,0.0,,-0.0040000000000000036,0,0,0,0,0
2021-06-15,0.01,0.1,-9.000000000000002,-0.698,-9.000000000000002,0.0,,-0.0040000000000000036,0,0,0,0,0
2021-06-16,0.01,0.1,-9.000000000000002,-0.698,-9.000000000000002,0.0,,-0.0040000000000000036,0,0,0,0,0
2021-06-17,0.05,0.15,-10.0,-0.698,-9.047619047619051,0.218217890235259,-4.3643578047344995,-0.0040000000000000036,0,0,0,0,0
2021-06-18,0.05,0.15,-10.0,-0.695,-9.095238095238098,0.30079260375858957,-3.007926037596477,-0.0010000000000000009,0,0,0,0,0
2021-06-21,0.05,0.15,-10.0,-0.695,-9.142857142857146,0.3585685827998758,-2.3904572186717274,0.0010000000000000009,0,0,0,0,0
2021-06-22,0.05,0.15,-10.0,-0.695,-9.190476190476193,0.40237390808108603,-2.011869540409345,0.0010000000000000009,0,0,0,0,0
2021-06-23,0.05,0.15,-10.0,-0.695,-9.23809523809524,0.43643578047162485,-1.7457431218893724,0.0010000000000000009,0,0,0,0,0
2021-06-24,0.05,0.15,-10.0,-0.695,-9.285714285714288,0.4629100498859381,-1.5430334996220392,0.0010000000000000009,0,0,0,0,0
2021-06-25,0.05,0.15,-10.0,-0.691,-9.333333333333334,0.483045891539326,-1.380131118685627,0.0050000000000000044,0,0,0,0,0
2021-06-28,0.05,0.15,-10.0,-0.691,-9.380952380952383,0.49761335152780833,-1.2440333788210711,0.007000000000000006,0,0,0,0,0
2021-06-29,0.05,0.15,-10.0,-0.691,-9.42857142857143,0.5070925528368063,-1.1268723396386928,0.007000000000000006,0,0,0,0,0
2021-06-30,0.05,0.15,-10.0,-0.691,-9.476190476190478,0.5117663157188598,-1.0235326314389128,0.007000000000000006,0,0,0,0,0
2021-07-01,0.05,0.15,-10.0,-0.691,-9.523809523809526,0.5117663157188614,-0.9304842103990085,0.007000000000000006,0,0,0,0,0
2021-07-02,0.05,0.15,-10.0,-0.686,-9.571428571428573,0.5070925528368114,-0.8451542547290111,0.0129999999999999,0,0,0,0,0
2021-07-06,0.05,0.15,-10.0,-0.686,-9.61904761904762,0.4976133515278167,-0.7655590023514155,0.0129999999999999,0,0,0,0,0
2021-07-07,0.05,0.15,-10.0,-0.686,-9.666666666666668,0.4830458915393381,-0.6900655593427945,0.0129999999999999,0,0,0,0,0
2021-07-08,0.05,0.15,-10.0,-0.686,-9.714285714285715,0.46291004988595424,-0.6172133998487941,0.0129999999999999,0,0,0,0,0
2021-07-09,0.05,0.15,-10.0,-0.679,-9.761904761904763,0.43643578047164583,-0.5455447255904027,0.019999999999999907,0,0,0,0,0
2021-07-12,0.05,0.15,-10.0,-0.679,-9.80952380952381,0.4023739080811129,-0.473381068331579,0.018999999999999906,0,0,0,0,0
2021-07-13,0.05,0.15,-10.0,-0.679,-9.857142857142858,0.35856858279991066,-0.3984095364452492,0.018999999999999906,0,0,0,0,0
2021-07-14,0.05,0.15,-10.0,-0.679,-9.904761904761907,0.3007926037586366,-0.3166237934311527,0.018999999999999906,0,0,0,0,0
2021-07-15,0.05,0.15,-10.0,-0.679,-9.952380952380954,0.21821789023533159,-0.21821789023664426,0.018999999999999906,0,0,0,0,0
2021-07-16,0.05,0.15,-10.0,-0.672,-10.0,0.0,,0.025999999999999912,0,0,0,0,0
2021-07-19,0.05,0.15,-10.0,-0.672,-10.0,0.0,,0.02299999999999991,0,0,0,0,0
2021-07-20,0.05,0.15,-10.0,-0.672,-10.0,0.0,,0.02299999999999991,0,0,0,0,0
2021-07-21,0.05,0.15,-10.0,-0.672,-10.0,0.0,,0.02299999999999991,0,0,0,0,0
2021-07-22,0.05,0.15,-10.0,-0.672,-10.0,0.0,,0.02299999999999991,0,0,0,0,0
2021-07-23,0.05,0.15,-10.0,-0.665,-10.0,0.0,,0.029999999999999916,0,0,0,0,0
2021-07-26,0.05,0.15,-10.0,-0.665,-10.0,0.0,,0.025999999999999912,0,0,0,0,0
2021-07-27,0.05,0.15,-10.0,-0.665,-10.0,0.0,,0.025999999999999912,0,0,0,0,0
2021-07-28,0.05,0.15,-10.0,-0.665,-10.0,0.0,,0.025999999999999912,0,0,0,0,0
2021-07-29,0.05,0.15,-10.0,-0.665,-10.0,0.0,,0.025999999999999912,0,0,0,0,0
2021-07-30,0.05,0.15,-10.0,-0.66,-10.0,0.0,,0.030999999999999917,0,0,0,0,0
2021-08-02,0.05,0.15,-10.0,-0.66,-10.0,0.0,,0.026000000000000023,0,0,0,0,0
2021-08-03,0.05,0.15,-10.0,-0.66,-10.0,0.0,,0.026000000000000023,0,0,0,0,0
2021-08-04,0.05,0.15,-10.0,-0.66,-10.0,0.0,,0.026000000000000023,0,0,0,0,0
2021-08-05,0.05,0.15,-10.0,-0.66,-10.0,0.0,,0.026000000000000023,0,0,0,0,0
2021-08-06,0.05,0.15,-10.0,-0.655,-10.0,0.0,,0.02400000000000002,0,0,0,0,0
2021-08-09,0.05,0.15,-10.0,-0.655,-10.0,0.0,,0.02400000000000002,0,0,0,0,0
2021-08-10,0.05,0.15,-10.0,-0.655,-10.0,0.0,,0.02400000000000002,0,0,0,0,0
2021-08-11,0.05,0.15,-10.0,-0.655,-10.0,0.0,,0.02400000000000002,0,0,0,0,0
2021-08-12,0.05,0.15,-10.0,-0.655,-10.0,0.0,,0.02400000000000002,0,0,0,0,0
2021-08-13,0.05,0.15,-10.0,-0.652,-10.0,0.0,,0.020000000000000018,0,0,0,0,0
2021-08-16,0.05,0.15,-10.0,-0.652,-10.0,0.0,,0.020000000000000018,0,0,0,0,0
2021-08-17,0.05,0.15,-10.0,-0.652,-10.0,0.0,,0.020000000000000018,0,0,0,0,0
2021-08-18,0.05,0.15,-10.0,-0.652,-10.0,0.0,,0.020000000000000018,0,0,0,0,0
2021-08-19,0.05,0.15,-10.0,-0.652,-10.0,0.0,,0.020000000000000018,0,0,0,0,0
2021-08-20,0.05,0.15,-10.0,-0.651,-10.0,0.0,,0.014000000000000012,0,0,0,0,0
2021-08-23,0.05,0.15,-10.0,-0.651,-10.0,0.0,,0.014000000000000012,0,0,0,0,0
2021-08-24,0.05,0.15,-10.0,-0.651,-10.0,0.0,,0.014000000000000012,0,0,0,0,0
2021-08-25,0.05,0.15,-10.0,-0.651,-10.0,0.0,,0.014000000000000012,0,0,0,0,0
2021-08-26,0.05,0.15,-10.0,-0.651,-10.0,0.0,,0.014000000000000012,0,0,0,0,0
2021-08-27,0.05,0.15,-10.0,-0.652,-10.0,0.0,,0.008000000000000007,0,0,0,0,0
2021-08-30,0.05,0.15,-10.0,-0.652,-10.0,0.0,,0.008000000000000007,0,0,0,0,0
2021-08-31,0.05,0.15,-10.0,-0.652,-10.0,0.0,,0.008000000000000007,0,0,0,0,0
2021-09-01,0.05,0.15,-10.0,-0.652,-10.0,0.0,,0.008000000000000007,0,0,0,0,0
2021-09-02,0.05,0.15,-10.0,-0.652,-10.0,0.0,,0.008000000000000007,0,0,0,0,0
2021-09-03,0.05,0.15,-10.0,-0.653,-10.0,0.0,,0.0020000000000000018,0,0,0,0,0
2021-09-07,0.05,0.15,-10.0,-0.653,-10.0,0.0,,0.0020000000000000018,0,0,0,0,0
2021-09-08,0.05,0.15,-10.0,-0.653,-10.0,0.0,,0.0020000000000000018,0,0,0,0,0
2021-09-09,0.05,0.15,-10.0,-0.653,-10.0,0.0,,0.0020000000000000018,0,0,0,0,0
2021-09-10,0.05,0.15,-10.0,-0.655,-10.0,0.0,,0.0,0,0,0,0,0
2021-09-13,0.05,0.15,-10.0,-0.655,-10.0,0.0,,-0.0030000000000000027,0,0,0,0,0
2021-09-14,0.05,0.15,-10.0,-0.655,-10.0,0.0,,-0.0030000000000000027,0,0,0,0,0
2021-09-15,0.05,0.15,-10.0,-0.655,-10.0,0.0,,-0.0030000000000000027,0,0,0,0,0
2021-09-16,0.05,0.15,-10.0,-0.655,-10.0,0.0,,-0.0030000000000000027,0,0,0,0,0
2021-09-17,0.05,0.15,-10.0,-0.657,-10.0,0.0,,-0.0050000000000000044,0,0,0,0,0
2021-09-20,0.05,0.15,-10.0,-0.657,-10.0,0.0,,-0.006000000000000005,0,0,0,0,0
2021-09-21,0.05,0.15,-10.0,-0.657,-10.0,0.0,,-0.006000000000000005,0,0,0,0,0
2021-09-22,0.05,0.15,-10.0,-0.657,-10.0,0.0,,-0.006000000000000005,0,0,0,0,0
2021-09-23,0.05,0.15,-10.0,-0.657,-10.0,0.0,,-0.006000000000000005,0,0,0,0,0
2021-09-24,0.05,0.15,-10.0,-0.658,-10.0,0.0,,-0.007000000000000006,0,0,0,0,0
2021-09-27,0.05,0.15,-10.0,-0.658,-10.0,0.0,,-0.006000000000000005,0,0,0,0,0
2021-09-28,0.05,0.15,-10.0,-0.658,-10.0,0.0,,-0.006000000000000005,0,0,0,0,0
2021-09-29,0.05,0.15,-10.0,-0.658,-10.0,0.0,,-0.006000000000000005,0,0,0,0,0
2021-09-30,0.05,0.15,-10.0,-0.658,-10.0,0.0,,-0.006000000000000005,0,0,0,0,0
2021-10-01,0.05,0.15,-10.0,-0.659,-10.0,0.0,,-0.007000000000000006,0,0,0,0,0
2021-10-04,0.05,0.15,-10.0,-0.659,-10.0,0.0,,-0.006000000000000005,0,0,0,0,0
2021-10-05,0.05,0.15,-10.0,-0.659,-10.0,0.0,,-0.006000000000000005,0,0,0,0,0
2021-10-06,0.05,0.15,-10.0,-0.659,-10.0,0.0,,-0.006000000000000005,0,0,0,0,0
2021-10-07,0.05,0.15,-10.0,-0.659,-10.0,0.0,,-0.006000000000000005,0,0,0,0,0
2021-10-08,0.05,0.15,-10.0,-0.657,-10.0,0.0,,-0.0020000000000000018,0,0,0,0,0
2021-10-12,0.05,0.15,-10.0,-0.657,-10.0,0.0,,-0.0020000000000000018,0,0,0,0,0
2021-10-13,0.05,0.15,-10.0,-0.657,-10.0,0.0,,-0.0020000000000000018,0,0,0,0,0
2021-10-14,0.05,0.15,-10.0,-0.657,-10.0,0.0,,-0.0020000000000000018,0,0,0,0,0
2021-10-15,0.05,0.15,-10.0,-0.651,-10.0,0.0,,0.0040000000000000036,0,0,0,0,0
2021-10-18,0.05,0.15,-10.0,-0.651,-10.0,0.0,,0.006000000000000005,0,0,0,0,0
2021-10-19,0.03,0.15,-12.0,-0.651,-10.095238095238097,0.4364357804716604,-4.364357804723088,0.006000000000000005,0,0,0,0,0
2021-10-20,0.03,0.15,-12.0,-0.651,-10.190476190476192,0.6015852075180056,-3.0079260375923536,0.006000000000000005,0,0,0,0,0
2021-10-21,0.03,0.15,-12.0,-0.651,-10.285714285714286,0.7171371656004428,-2.3904572186694306,0.006000000000000005,0,0,0,0,0
2021-10-22,0.05,0.15,-10.0,-0.64,-10.285714285714286,0.7171371656004428,0.39840953644490634,0.017000000000000015,0,0,0,0,0
2021-10-25,0.04,0.15,-10.999999999999998,-0.64,-10.333333333333334,0.7302967433400325,-0.9128709291755098,0.018000000000000016,0,0,0,0,0
2021-10-26,0.05,0.15,-10.0,-0.64,-10.333333333333334,0.7302967433400325,0.45643546458775736,0.018000000000000016,0,0,0,0,0
2021-10-27,0.05,0.15,-10.0,-0.64,-10.333333333333334,0.7302967433400325,0.45643546458775736,0.018000000000000016,0,0,0,0,0
2021-10-28,0.05,0.15,-10.0,-0.64,-10.333333333333334,0.7302967433400325,0.45643546458775736,0.018000000000000016,0,0,0,0,0
2021-10-29,0.05,0.15,-10.0,-0.626,-10.333333333333334,0.7302967433400325,0.45643546458775736,0.03200000000000003,0,0,0,0,0
2021-11-01,0.05,0.15,-10.0,-0.626,-10.333333333333334,0.7302967433400325,0.45643546458775736,0.03300000000000003,0,0,0,0,0
2021-11-02,0.05,0.15,-10.0,-0.626,-10.333333333333334,0.7302967433400325,0.45643546458775736,0.03300000000000003,0,0,0,0,0
2021-11-03,0.05,0.15,-10.0,-0.626,-10.333333333333334,0.7302967433400325,0.45643546458775736,0.03300000000000003,0,0,0,0,0
2021-11-04,0.05,0.15,-10.0,-0.626,-10.333333333333334,0.7302967433400325,0.45643546458775736,0.03300000000000003,0,0,0,0,0
2021-11-05,0.05,0.15,-10.0,-0.608,-10.333333333333334,0.7302967433400325,0.45643546458775736,0.051000000000000045,0,0,0,0,0
2021-11-08,0.05,0.15,-10.0,-0.608,-10.333333333333334,0.7302967433400325,0.45643546458775736,0.049000000000000044,0,0,0,0,0
2021-11-09,0.05,0.15,-10.0,-0.608,-10.333333333333334,0.7302967433400325,0.45643546458775736,0.049000000000000044,0,0,0,0,0
2021-11-10,0.05,0.15,-10.0,-0.608,-10.333333333333334,0.7302967433400325,0.45643546458775736,0.049000000000000044,0,0,0,0,0
2021-11-12,0.05,0.15,-10.0,-0.588,-10.333333333333334,0.7302967433400325,0.45643546458775736,0.06900000000000006,0,0,0,0,0
2021-11-15,0.05,0.15,-10.0,-0.588,-10.333333333333334,0.7302967433400325,0.45643546458775736,0.06300000000000006,0,0,0,0,0
2021-11-16,0.05,0.15,-10.0,-0.588,-10.333333333333334,0.7302967433400325,0.45643546458775736,0.06300000000000006,0,0,0,0,0
2021-11-17,0.05,0.15,-10.0,-0.588,-10.333333333333334,0.7302967433400325,0.45643546458775736,0.06300000000000006,0,0,0,0,0
2021-11-18,0.05,0.15,-10.0,-0.588,-10.238095238095239,0.6248809410407007,0.38102496404948133,0.06300000000000006,0,0,0,0,0
2021-11-19,0.05,0.15,-10.0,-0.57,-10.142857142857144,0.4780914437334631,0.2988071523337851,0.08100000000000007,0,0,0,0,0
2021-11-22,0.05,0.15,-10.0,-0.57,-10.04761904761905,0.21821789023534155,0.21821789023665059,0.07000000000000006,0,0,0,0,0
2021-11-23,0.05,0.15,-10.0,-0.57,-10.04761904761905,0.21821789023534155,0.21821789023665059,0.07000000000000006,0,0,0,0,0
2021-11-24,0.05,0.15,-10.0,-0.57,-10.0,0.0,,0.07000000000000006,0,0,0,0,0
2021-11-26,0.05,0.15,-10.0,-0.554,-10.0,0.0,,0.08599999999999997,0,0,0,0,0
2021-11-29,0.05,0.15,-10.0,-0.554,-10.0,0.0,,0.08599999999999997,0,0,0,0,0
2021-11-30,0.05,0.15,-10.0,-0.554,-10.0,0.0,,0.07199999999999995,0,0,0,0,0
2021-12-01,0.05,0.15,-10.0,-0.554,-10.0,0.0,,0.07199999999999995,0,0,0,0,0
2021-12-02,0.05,0.15,-10.0,-0.554,-10.0,0.0,,0.07199999999999995,0,0,0,0,0
2021-12-03,0.05,0.15,-10.0,-0.543,-10.0,0.0,,0.08299999999999996,0,0,0,0,0
2021-12-06,0.05,0.15,-10.0,-0.543,-10.0,0.0,,0.08299999999999996,0,0,0,0,0
2021-12-07,0.05,0.15,-10.0,-0.543,-10.0,0.0,,0.06499999999999995,0,0,0,0,0
2021-12-08,0.05,0.15,-10.0,-0.543,-10.0,0.0,,0.06499999999999995,0,0,0,0,0
2021-12-09,0.05,0.15,-10.0,-0.543,-10.0,0.0,,0.06499999999999995,0,0,0,0,0
2021-12-10,0.05,0.15,-10.0,-0.541,-10.0,0.0,,0.06699999999999995,0,0,0,0,0
2021-12-13,0.05,0.15,-10.0,-0.541,-10.0,0.0,,0.04699999999999993,0,0,0,0,0
2021-12-14,0.05,0.15,-10.0,-0.541,-10.0,0.0,,0.04699999999999993,0,0,0,0,0
2021-12-15,0.05,0.15,-10.0,-0.541,-10.0,0.0,,0.04699999999999993,0,0,0,0,0
2021-12-16,0.05,0.15,-10.0,-0.541,-10.0,0.0,,0.04699999999999993,0,0,0,0,0
2021-12-17,0.05,0.15,-10.0,-0.544,-10.0,0.0,,0.04399999999999993,0,0,0,0,0
2021-12-20,0.04,0.15,-10.999999999999998,-0.544,-10.04761904761905,0.21821789023534155,-4.364357804732848,0.025999999999999912,0,0,0,0,0
2021-12-21,0.05,0.15,-10.0,-0.544,-10.04761904761905,0.21821789023534155,0.21821789023665059,0.025999999999999912,0,0,0,0,0
2021-12-22,0.05,0.15,-10.0,-0.544,-10.04761904761905,0.21821789023534155,0.21821789023665059,0.025999999999999912,0,0,0,0,0
2021-12-23,0.05,0.15,-10.0,-0.544,-10.04761904761905,0.21821789023534155,0.21821789023665059,0.025999999999999912,0,0,0,0,0
2021-12-27,0.05,0.15,-10.0,-0.544,-10.04761904761905,0.21821789023534155,0.21821789023665059,0.010000000000000009,0,0,0,0,0
2021-12-28,0.05,0.15,-10.0,-0.544,-10.04761904761905,0.21821789023534155,0.21821789023665059,0.010000000000000009,0,0,0,0,0
2021-12-29,0.05,0.15,-10.0,-0.544,-10.04761904761905,0.21821789023534155,0.21821789023665059,0.010000000000000009,0,0,0,0,0
2021-12-30,0.05,0.15,-10.0,-0.544,-10.04761904761905,0.21821789023534155,0.21821789023665059,0.010000000000000009,0,0,0,0,0
2021-12-31,0.05,0.15,-10.0,-0.559,-10.04761904761905,0.21821789023534155,0.21821789023665059,-0.0050000000000000044,0,0,0,0,0
2022-01-03,0.05,0.15,-10.0,-0.559,-10.04761904761905,0.21821789023534155,0.21821789023665059,-0.016000000000000014,0,0,0,0,0
2022-01-04,0.05,0.15,-10.0,-0.559,-10.04761904761905,0.21821789023534155,0.21821789023665059,-0.016000000000000014,0,0,0,0,0
2022-01-05,0.05,0.15,-10.0,-0.559,-10.04761904761905,0.21821789023534155,0.21821789023665059,-0.016000000000000014,0,0,0,0,0
2022-01-06,0.05,0.15,-10.0,-0.559,-10.04761904761905,0.21821789023534155,0.21821789023665059,-0.016000000000000014,0,0,0,0,0
2022-01-07,0.05,0.15,-10.0,-0.565,-10.04761904761905,0.21821789023534155,0.21821789023665059,-0.02199999999999991,0,0,0,0,0
2022-01-10,0.05,0.15,-10.0,-0.565,-10.04761904761905,0.21821789023534155,0.21821789023665059,-0.02399999999999991,0,0,0,0,0
2022-01-11,0.05,0.15,-10.0,-0.565,-10.04761904761905,0.21821789023534155,0.21821789023665059,-0.02399999999999991,0,0,0,0,0
2022-01-12,0.05,0.15,-10.0,-0.565,-10.04761904761905,0.21821789023534155,0.21821789023665059,-0.02399999999999991,0,0,0,0,0
2022-01-13,0.05,0.15,-10.0,-0.565,-10.04761904761905,0.21821789023534155,0.21821789023665059,-0.02399999999999991,0,0,0,0,0
2022-01-14,0.05,0.15,-10.0,-0.564,-10.04761904761905,0.21821789023534155,0.21821789023665059,-0.02299999999999991,0,0,0,0,0
2022-01-18,0.05,0.15,-10.0,-0.564,-10.04761904761905,0.21821789023534155,0.21821789023665059,-0.019999999999999907,0,0,0,0,0
2022-01-19,0.05,0.15,-10.0,-0.564,-10.04761904761905,0.21821789023534155,0.21821789023665059,-0.019999999999999907,0,0,0,0,0
2022-01-20,0.04,0.15,-10.999999999999998,-0.564,-10.047619047619047,0.21821789023534155,-4.364357804732857,-0.019999999999999907,0,0,0,0,0
2022-01-21,0.05,0.15,-10.0,-0.557,-10.047619047619047,0.21821789023534155,0.21821789023664243,-0.013000000000000012,0,0,0,0,0
2022-01-24,0.04,0.15,-10.999999999999998,-0.557,-10.095238095238095,0.30079260375864886,-3.0079260375958903,-0.013000000000000012,0,0,0,0,0
2022-01-25,0.05,0.15,-10.0,-0.557,-10.095238095238095,0.30079260375864886,0.3166237934311457,-0.013000000000000012,0,0,0,0,0
2022-01-26,0.04,0.15,-10.999999999999998,-0.557,-10.142857142857142,0.3585685827999251,-2.3904572186714037,-0.013000000000000012,0,0,0,0,0
2022-01-27,0.04,0.15,-10.999999999999998,-0.557,-10.19047619047619,0.4023739080811295,-2.0118695404091325,-0.013000000000000012,0,0,0,0,0
2022-01-28,0.05,0.15,-10.0,-0.543,-10.19047619047619,0.4023739080811295,0.4733810683315595,0.0010000000000000009,0,0,0,0,0
2022-01-31,0.05,0.15,-10.0,-0.543,-10.19047619047619,0.4023739080811295,0.4733810683315595,0.016000000000000014,0,0,0,0,0
2022-02-01,0.05,0.15,-10.0,-0.543,-10.19047619047619,0.4023739080811295,0.4733810683315595,0.016000000000000014,0,0,0,0,0
2022-02-02,0.05,0.15,-10.0,-0.543,-10.19047619047619,0.4023739080811295,0.4733810683315595,0.016000000000000014,0,0,0,0,0
2022-02-03,0.05,0.15,-10.0,-0.543,-10.19047619047619,0.4023739080811295,0.4733810683315595,0.016000000000000014,0,0,0,0,0
2022-02-04,0.05,0.15,-10.0,-0.523,-10.19047619047619,0.4023739080811295,0.4733810683315595,0.03600000000000003,0,0,0,0,0
2022-02-07,0.05,0.15,-10.0,-0.523,-10.19047619047619,0.4023739080811295,0.4733810683315595,0.041999999999999926,0,0,0,0,0
2022-02-08,0.05,0.15,-10.0,-0.523,-10.19047619047619,0.4023739080811295,0.4733810683315595,0.041999999999999926,0,0,0,0,0
2022-02-09,0.04,0.15,-10.999999999999998,-0.523,-10.238095238095237,0.43643578047166454,-1.7457431218892179,0.041999999999999926,0,0,0,0,0
2022-02-10,0.05,0.15,-10.0,-0.523,-10.238095238095237,0.43643578047166454,0.5455447255903793,0.041999999999999926,0,0,0,0,0
2022-02-11,0.05,0.15,-10.0,-0.497,-10.238095238095237,0.43643578047166454,0.5455447255903793,0.06799999999999995,0,0,0,0,0
2022-02-14,0.05,0.15,-10.0,-0.497,-10.238095238095237,0.43643578047166454,0.5455447255903793,0.06699999999999995,0,0,0,0,0
2022-02-15,0.05,0.15,-10.0,-0.497,-10.238095238095237,0.43643578047166454,0.5455447255903793,0.06699999999999995,0,0,0,0,0
2022-02-16,0.05,0.15,-10.0,-0.497,-10.238095238095237,0.43643578047166454,0.5455447255903793,0.06699999999999995,0,0,0,0,0
2022-02-17,0.05,0.15,-10.0,-0.497,-10.238095238095237,0.43643578047166454,0.5455447255903793,0.06699999999999995,0,0,0,0,0
2022-02-18,0.05,0.15,-10.0,-0.467,-10.19047619047619,0.4023739080811295,0.4733810683315595,0.09000000000000002,0,0,0,0,0
2022-02-22,0.05,0.15,-10.0,-0.467,-10.19047619047619,0.4023739080811295,0.4733810683315595,0.09000000000000002,0,0,0,0,0
2022-02-23,0.05,0.15,-10.0,-0.467,-10.142857142857142,0.3585685827999251,0.39840953644523314,0.09000000000000002,0,0,0,0,0
2022-02-24,0.05,0.15,-10.0,-0.467,-10.142857142857142,0.3585685827999251,0.39840953644523314,0.09000000000000002,0,0,0,0,0
2022-02-25,0.05,0.15,-10.0,-0.437,-10.095238095238095,0.30079260375864886,0.3166237934311457,0.12000000000000005,0,0,0,0,0
2022-02-28,0.05,0.15,-10.0,-0.437,-10.047619047619047,0.21821789023534158,0.2182178902366424,0.10600000000000004,0,0,0,0,0
2022-03-01,0.05,0.15,-10.0,-0.437,-10.047619047619047,0.21821789023534158,0.2182178902366424,0.10600000000000004,0,0,0,0,0
2022-03-02,0.05,0.15,-10.0,-0.437,-10.047619047619047,0.21821789023534158,0.2182178902366424,0.10600000000000004,0,0,0,0,0
2022-03-03,0.05,0.15,-10.0,-0.437,-10.047619047619047,0.21821789023534158,0.2182178902366424,0.10600000000000004,0,0,0,0,0
2022-03-04,0.05,0.15,-10.0,-0.41,-10.047619047619047,0.21821789023534158,0.2182178902366424,0.13300000000000006,0,0,0,0,0
2022-03-07,0.05,0.15,-10.0,-0.41,-10.047619047619047,0.21821789023534158,0.2182178902366424,0.11300000000000004,0,0,0,0,0
2022-03-08,0.05,0.15,-10.0,-0.41,-10.047619047619047,0.21821789023534158,0.2182178902366424,0.11300000000000004,0,0,0,0,0
2022-03-09,0.05,0.15,-10.0,-0.41,-10.047619047619047,0.21821789023534158,0.2182178902366424,0.11300000000000004,0,0,0,0,0
2022-03-10,0.05,0.15,-10.0,-0.41,-10.047619047619047,0.21821789023534158,0.2182178902366424,0.11300000000000004,0,0,0,0,0
2022-03-11,0.05,0.15,-10.0,-0.389,-10.0,0.0,,0.134,0,0,0,0,0
2022-03-14,0.05,0.15,-10.0,-0.389,-10.0,0.0,,0.10799999999999998,0,0,0,0,0
2022-03-15,0.05,0.15,-10.0,-0.389,-10.0,0.0,,0.10799999999999998,0,0,0,0,0
2022-03-16,0.05,0.15,-10.0,-0.389,-10.0,0.0,,0.10799999999999998,0,0,0,0,0
2022-03-17,0.3,0.4,-10.000000000000004,-0.389,-10.0,0.0,,0.10799999999999998,0,0,0,0,0
2022-03-18,0.3,0.4,-10.000000000000004,-0.376,-10.0,0.0,,0.121,0,0,0,0,0
2022-03-21,0.29,0.4,-11.000000000000004,-0.376,-10.04761904761905,0.21821789023534255,-4.364357804732853,0.09100000000000003,0,0,0,0,0
2022-03-22,0.28,0.4,-12.0,-0.376,-10.142857142857144,0.4780914437334632,-3.8844929803391675,0.09100000000000003,0,0,0,0,0
2022-03-23,0.27,0.4,-13.0,-0.376,-10.285714285714286,0.7837638128195487,-3.4631424287391055,0.09100000000000003,0,0,0,0,0
2022-03-24,0.27,0.4,-13.0,-0.376,-10.42857142857143,0.978336781043513,-2.628367471460936,0.09100000000000003,0,0,0,0,0
2022-03-25,0.28,0.4,-12.0,-0.37,-10.523809523809526,1.030487633067224,-1.4325164405870896,0.067,0,0,0,0,0
2022-03-28,0.28,0.4,-12.0,-0.37,-10.61904761904762,1.0712698295101835,-1.2890798778341328,0.067,0,0,0,0,0
2022-03-29,0.28,0.4,-12.0,-0.37,-10.714285714285715,1.101946330038558,-1.1667667023940236,0.067,0,0,0,0,0
2022-03-30,0.27,0.4,-13.0,-0.37,-10.857142857142858,1.1952286093342832,-1.7928429140017557,0.067,0,0,0,0,0
2022-03-31,0.29,0.4,-11.000000000000004,-0.37,-10.904761904761907,1.1791845447070308,-0.08076606470597751,0.067,0,0,0,0,0
2022-04-01,0.3,0.4,-10.000000000000004,-0.368,-10.904761904761907,1.1791845447070306,0.7672776147067737,0.04199999999999998,0,0,0,0,0
2022-04-04,0.3,0.4,-10.000000000000004,-0.368,-10.904761904761907,1.1791845447070304,0.7672776147067738,0.04199999999999998,0,0,0,0,0
2022-04-05,0.3,0.4,-10.000000000000004,-0.368,-10.904761904761907,1.1791845447070304,0.7672776147067738,0.04199999999999998,0,0,0,0,0
2022-04-06,0.3,0.4,-10.000000000000004,-0.368,-10.904761904761907,1.1791845447070302,0.7672776147067739,0.04199999999999998,0,0,0,0,0
2022-04-07,0.3,0.4,-10.000000000000004,-0.368,-10.904761904761907,1.1791845447070302,0.7672776147067739,0.04199999999999998,0,0,0,0,0
2022-04-08,0.3,0.4,-10.000000000000004,-0.365,-10.904761904761907,1.17918454470703,0.767277614706774,0.02400000000000002,0,0,0,0,0
2022-04-11,0.3,0.4,-10.000000000000004,-0.365,-10.904761904761907,1.1791845447070297,0.7672776147067742,0.02400000000000002,0,0,0,0,0
2022-04-12,0.29,0.4,-11.000000000000004,-0.365,-10.952380952380954,1.1608699529313278,-0.041020139679561654,0.02400000000000002,0,0,0,0,0
2022-04-13,0.29,0.4,-11.000000000000004,-0.365,-11.000000000000004,1.1401754250990226,0.0,0.02400000000000002,0,0,0,0,0
2022-04-14,0.29,0.4,-11.000000000000004,-0.365,-11.047619047619051,1.1169686869464093,0.042632392631551136,0.02400000000000002,0,0,0,0,0
2022-04-18,0.29,0.4,-11.000000000000004,-0.365,-11.095238095238098,1.0910894511798426,0.0872871560944062,0.01100000000000001,0,0,0,0,0
2022-04-19,0.28,0.4,-12.0,-0.365,-11.190476190476193,1.077916862241474,-0.7510076499225019,0.01100000000000001,0,0,0,0,0
2022-04-20,0.27,0.4,-13.0,-0.365,-11.285714285714288,1.1464230084421105,-1.4953343588378232,0.01100000000000001,0,0,0,0,0
2022-04-21,0.26,0.4,-14.000000000000002,-0.365,-11.380952380952383,1.2835961388298096,-2.0403984865794884,0.01100000000000001,0,0,0,0,0
2022-04-22,0.27,0.4,-13.0,-0.347,-11.380952380952383,1.2835961388298096,-1.2613372462491368,0.029000000000000026,0,0,0,0,0
2022-04-25,0.27,0.4,-13.0,-0.347,-11.380952380952383,1.2835961388298096,-1.2613372462491368,0.02300000000000002,0,0,0,0,0
2022-04-26,0.27,0.4,-13.0,-0.347,-11.42857142857143,1.3255726525327107,-1.1854714778749493,0.02300000000000002,0,0,0,0,0
2022-04-27,0.28,0.4,-12.0,-0.347,-11.42857142857143,1.3255726525327107,-0.43108053740907154,0.02300000000000002,0,0,0,0,0
2022-04-28,0.28,0.4,-12.0,-0.347,-11.42857142857143,1.3255726525327107,-0.43108053740907154,0.02300000000000002,0,0,0,0,0
2022-04-29,0.28,0.4,-12.0,-0.332,-11.380952380952383,1.2835961388298096,-0.48227600591878655,0.03799999999999998,0,0,0,0,0
2022-05-02,0.3,0.4,-10.000000000000004,-0.332,-11.333333333333336,1.3165611772086705,1.0127393670837397,0.035999999999999976,0,0,0,0,0
2022-05-03,0.3,0.4,-10.000000000000004,-0.332,-11.333333333333334,1.3165611772086705,1.0127393670837384,0.035999999999999976,0,0,0,0,0
2022-05-04,0.3,0.4,-10.000000000000004,-0.332,-11.333333333333336,1.3165611772086705,1.0127393670837397,0.035999999999999976,0,0,0,0,0
2022-05-05,0.79,0.9,-10.999999999999998,-0.332,-11.380952380952383,1.2835961388298098,0.29678523441156507,0.035999999999999976,0,0,0,0,0
2022-05-06,0.78,0.9,-12.0,-0.314,-11.476190476190478,1.2497618820817482,-0.41912746045431,0.05399999999999999,0,0,0,0,0
2022-05-09,0.78,0.9,-12.0,-0.314,-11.571428571428575,1.207121724244333,-0.35503580124839035,0.05099999999999999,0,0,0,0,0
2022-05-10,0.78,0.9,-12.0,-0.314,-11.66666666666667,1.1547005383791467,-0.2886751345948365,0.05099999999999999,0,0,0,0,0
2022-05-11,0.78,0.9,-12.0,-0.314,-11.761904761904765,1.0910894511798523,-0.2182178902360119,0.05099999999999999,0,0,0,0,0
2022-05-12,0.79,0.9,-10.999999999999998,-0.314,-11.761904761904763,1.0910894511798528,0.6982972487552479,0.05099999999999999,0,0,0,0,0
2022-05-13,0.79,0.9,-10.999999999999998,-0.295,-11.761904761904763,1.0910894511798528,0.6982972487552479,0.07,0,0,0,0,0
2022-05-16,0.8,0.9,-9.999999999999998,-0.295,-11.714285714285714,1.1464230084421176,1.495334358837817,0.07,0,0,0,0,0
2022-05-17,0.8,0.9,-9.999999999999998,-0.295,-11.666666666666666,1.1972189997377647,1.3921151159743785,0.07,0,0,0,0,0
2022-05-18,0.79,0.9,-10.999999999999998,-0.295,-11.619047619047619,1.2031704150363767,0.514513664324853,0.07,0,0,0,0,0
2022-05-19,0.79,0.9,-10.999999999999998,-0.295,-11.523809523809524,1.1670067531529194,0.44884875121274287,0.07,0,0,0,0,0
2022-05-20,0.78,0.9,-12.0,-0.275,-11.428571428571429,1.028174526596828,-0.5557700143767927,0.07199999999999995,0,0,0,0,0
2022-05-23,0.78,0.9,-12.0,-0.275,-11.380952380952381,0.9734572654301782,-0.6359268568138498,0.07199999999999995,0,0,0,0,0
2022-05-24,0.78,0.9,-12.0,-0.275,-11.333333333333334,0.9128709291751407,-0.7302967433403298,0.07199999999999995,0,0,0,0,0
2022-05-25,0.78,0.9,-12.0,-0.275,-11.285714285714286,0.8451542547283686,-0.8451542547286637,0.07199999999999995,0,0,0,0,0
2022-05-26,0.78,0.9,-12.0,-0.275,-11.285714285714286,0.8451542547283686,-0.8451542547286637,0.07199999999999995,0,0,0,0,0
2022-05-27,0.78,0.9,-12.0,-0.253,-11.285714285714286,0.8451542547283686,-0.8451542547286637,0.07900000000000001,0,0,0,0,0
2022-05-31,0.79,0.9,-10.999999999999998,-0.253,-11.238095238095237,0.8309489698386651,0.28653412753067975,0.07900000000000001,0,0,0,0,0
2022-06-01,0.8,0.9,-9.999999999999998,-0.253,-11.238095238095237,0.8309489698386656,1.489977463159529,0.07900000000000001,0,0,0,0,0
2022-06-02,0.79,0.9,-10.999999999999998,-0.253,-11.285714285714286,0.7837638128195671,0.36454130828832165,0.07900000000000001,0,0,0,0,0
2022-06-03,0.78,0.9,-12.0,-0.229,-11.380952380952381,0.7400128699007892,-0.8365362877143098,0.10300000000000001,0,0,0,0,0
2022-06-06,0.78,0.9,-12.0,-0.229,-11.428571428571429,0.7464200272920156,-0.76555900235112,0.08499999999999999,0,0,0,0,0
2022-06-07,0.77,0.9,-13.0,-0.229,-11.476190476190476,0.8135752957806177,-1.8729790982006689,0.08499999999999999,0,0,0,0,0
2022-06-08,0.76,0.9,-14.000000000000002,-0.229,-11.571428571428571,0.9783367810435311,-2.482347056379731,0.08499999999999999,0,0,0,0,0
2022-06-09,0.75,0.9,-15.000000000000002,-0.229,-11.714285714285714,1.2305631695632209,-2.6700898962224975,0.08499999999999999,0,0,0,0,0
2022-06-10,0.75,0.9,-15.000000000000002,-0.203,-11.857142857142858,1.4242792663558643,-2.206629849283984,0.11099999999999999,0,0,0,0,0
2022-06-13,0.73,0.9,-17.000000000000004,-0.203,-12.142857142857142,1.7968225924033814,-2.7031844310495217,0.09199999999999997,0,0,0,0,0
2022-06-14,0.69,0.9,-21.000000000000007,-0.203,-12.619047619047619,2.616795568556865,-3.20275396429779,0.09199999999999997,0,0,0,0,0
2022-06-15,0.7,0.9,-20.000000000000007,-0.203,-13.095238095238095,2.9984122782692855,-2.3028060399844055,0.09199999999999997,0,0,0,0,0
2022-06-16,1.45,1.65,-19.999999999999996,-0.203,-13.571428571428571,3.2645279685036677,-1.9692192839499647,0.09199999999999997,0,0,0,0,0
2022-06-17,1.45,1.65,-19.999999999999996,-0.179,-14.0,3.492849839314573,-1.717795002941615,0.11599999999999999,0,0,0,0,0
2022-06-21,1.45,1.65,-19.999999999999996,-0.179,-14.428571428571429,3.6547425158474165,-1.524438054738511,0.09600000000000003,0,0,0,0,0
2022-06-22,1.45,1.65,-19.999999999999996,-0.179,-14.80952380952381,3.8028811133014164,-1.3648799517611396,0.09600000000000003,0,0,0,0,0
2022-06-23,1.44,1.65,-20.999999999999996,-0.179,-15.238095238095237,3.9737232151316304,-1.4500015350751838,0.09600000000000003,0,0,0,0,0
2022-06-24,1.46,1.65,-18.999999999999993,-0.163,-15.571428571428571,3.9821028185046576,-0.8609952040010118,0.11200000000000002,0,0,0,0,0
2022-06-27,1.5,1.65,-14.999999999999991,-0.163,-15.714285714285714,3.900549411850285,0.18312438553288066,0.11200000000000002,0,0,0,0,0
2022-06-28,1.52,1.65,-12.99999999999999,-0.163,-15.761904761904763,3.8588179784068704,0.7157385441240838,0.09,0,0,0,0,0
2022-06-29,1.51,1.65,-13.99999999999999,-0.163,-15.857142857142854,3.7853099514532924,0.4906184383738121,0.09,0,0,0,0,0
2022-06-30,1.5,1.65,-14.999999999999991,-0.163,-16.047619047619044,3.625964567893481,0.28892147951342817,0.09,0,0,0,0,0
2022-07-01,1.52,1.65,-12.99999999999999,-0.157,-16.190476190476186,3.4295633485772905,0.9302864143914193,0.096,0,0,0,0,0
2022-07-05,1.54,1.65,-10.999999999999988,-0.157,-16.190476190476186,3.4295633485772914,1.513451032368129,0.07200000000000001,0,0,0,0,0
2022-07-06,1.54,1.65,-10.999999999999988,-0.157,-16.14285714285714,3.496937435610102,1.4706746224528577,0.07200000000000001,0,0,0,0,0
2022-07-07,1.54,1.65,-10.999999999999988,-0.157,-16.09523809523809,3.562369462938414,1.4302946811797859,0.07200000000000001,0,0,0,0,0
2022-07-08,1.53,1.65,-11.99999999999999,-0.16,-16.047619047619044,3.612148813050064,1.1205571135374357,0.069,0,0,0,0,0
2022-07-11,1.53,1.65,-11.99999999999999,-0.16,-15.952380952380947,3.694268404923901,1.069868379653474,0.069,0,0,0,0,0
2022-07-12,1.54,1.65,-10.999999999999988,-0.16,-15.761904761904756,3.8458388149370126,1.2381966564510736,0.04300000000000001,0,0,0,0,0
2022-07-13,1.53,1.65,-11.99999999999999,-0.16,-15.619047619047613,3.930345919587611,0.9207962080414922,0.04300000000000001,0,0,0,0,0
2022-07-14,1.53,1.65,-11.99999999999999,-0.16,-15.380952380952372,3.9934470132479505,0.8466250759647833,0.04300000000000001,0,0,0,0,0
2022-07-15,1.54,1.65,-10.999999999999988,-0.174,-14.904761904761896,3.884646211751605,1.0051782561174942,0.029000000000000026,0,0,0,0,0
2022-07-18,1.54,1.65,-10.999999999999988,-0.174,-14.476190476190467,3.789710379686639,0.9172707483989625,0.029000000000000026,0,0,0,0,0
2022-07-19,1.54,1.65,-10.999999999999988,-0.174,-14.04761904761904,3.639727880984912,0.8373205765026493,0.0050000000000000044,0,0,0,0,0
2022-07-20,1.53,1.65,-11.99999999999999,-0.174,-13.666666666666659,3.396076167186653,0.4907624519055928,0.0050000000000000044,0,0,0,0,0
2022-07-21,1.53,1.65,-11.99999999999999,-0.174,-13.285714285714274,3.084523579790816,0.41682751078254954,0.0050000000000000044,0,0,0,0,0
2022-07-22,1.52,1.65,-12.99999999999999,-0.194,-12.952380952380942,2.6735031415015893,-0.01781147995670651,-0.015000000000000013,0,0,0,0,0
2022-07-25,1.53,1.65,-11.99999999999999,-0.194,-12.523809523809513,1.9395630337538818,0.2700657388771371,-0.031,0,0,0,0,0
2022-07-26,1.53,1.65,-11.99999999999999,-0.194,-12.19047619047618,1.249761882081762,0.15240998561974742,-0.031,0,0,0,0,0
2022-07-27,1.53,1.65,-11.99999999999999,-0.194,-12.047619047619037,1.0712698295102072,0.04445103027014141,-0.031,0,0,0,0,0
2022-07-28,2.28,2.4,-12.00000000000001,-0.194,-11.999999999999991,1.0488088481700462,-1.8630587706707347e-14,-0.031,0,0,0,0,0
2022-07-29,2.27,2.4,-12.99999999999999,-0.212,-11.952380952380942,0.9734572654301908,-1.076183911531117,-0.04899999999999999,0,0,0,0,0
2022-08-01,2.28,2.4,-12.00000000000001,-0.212,-11.809523809523801,0.6796357567878064,-0.28026216774771484,-0.05499999999999999,0,0,0,0,0
2022-08-02,2.3,2.4,-10.000000000000009,-0.212,-11.666666666666659,0.7302967433400602,2.2821773229386735,-0.05499999999999999,0,0,0,0,0
2022-08-03,2.29,2.4,-10.999999999999988,-0.212,-11.66666666666666,0.7302967433400602,0.9128709291754874,-0.05499999999999999,0,0,0,0,0
2022-08-04,2.29,2.4,-10.999999999999988,-0.212,-11.666666666666659,0.7302967433400602,0.912870929175485,-0.05499999999999999,0,0,0,0,0
2022-08-05,2.28,2.4,-12.00000000000001,-0.226,-11.714285714285706,0.7171371656004734,-0.39840953644491417,-0.066,0,0,0,0,0
2022-08-08,2.28,2.4,-12.00000000000001,-0.226,-11.714285714285708,0.7171371656004738,-0.39840953644491145,-0.066,0,0,0,0,0
2022-08-09,2.29,2.4,-10.999999999999988,-0.226,-11.66666666666666,0.7302967433400613,0.912870929175486,-0.066,0,0,0,0,0
2022-08-10,2.28,2.4,-12.00000000000001,-0.226,-11.71428571428571,0.7171371656004741,-0.3984095364449088,-0.066,0,0,0,0,0
2022-08-11,2.28,2.4,-12.00000000000001,-0.226,-11.71428571428571,0.7171371656004746,-0.39840953644490856,-0.066,0,0,0,0,0
2022-08-12,2.28,2.4,-12.00000000000001,-0.234,-11.714285714285712,0.717137165600475,-0.3984095364449058,-0.060000000000000026,0,0,0,0,0
2022-08-15,2.29,2.4,-10.999999999999988,-0.234,-11.714285714285712,0.717137165600475,0.9960238411122323,-0.060000000000000026,0,0,0,0,0
2022-08-16,2.29,2.4,-10.999999999999988,-0.234,-11.714285714285712,0.717137165600475,0.9960238411122323,-0.060000000000000026,0,0,0,0,0
2022-08-17,2.29,2.4,-10.999999999999988,-0.234,-11.714285714285712,0.717137165600475,0.9960238411122323,-0.060000000000000026,0,0,0,0,0
2022-08-18,2.28,2.4,-12.00000000000001,-0.234,-11.714285714285714,0.7171371656004754,-0.3984095364449032,-0.060000000000000026,0,0,0,0,0
2022-08-19,2.28,2.4,-12.00000000000001,-0.232,-11.714285714285714,0.7171371656004758,-0.3984095364449029,-0.038000000000000006,0,0,0,0,0
2022-08-22,2.28,2.4,-12.00000000000001,-0.232,-11.666666666666666,0.6582805886042089,-0.5063696835419845,-0.038000000000000006,0,0,0,0,0
2022-08-23,2.27,2.4,-12.99999999999999,-0.232,-11.714285714285714,0.7171371656004762,-1.7928429140019766,-0.038000000000000006,0,0,0,0,0
2022-08-24,2.27,2.4,-12.99999999999999,-0.232,-11.761904761904763,0.768424485864396,-1.6112126316517632,-0.038000000000000006,0,0,0,0,0
2022-08-25,2.28,2.4,-12.00000000000001,-0.232,-11.761904761904763,0.7684244858643964,-0.30984858300997,-0.038000000000000006,0,0,0,0,0
2022-08-26,2.28,2.4,-12.00000000000001,-0.219,-11.761904761904763,0.7684244858643964,-0.30984858300997,-0.007000000000000006,0,0,0,0,0
2022-08-29,2.28,2.4,-12.00000000000001,-0.219,-11.714285714285717,0.7171371656004771,-0.39840953644489724,-0.007000000000000006,0,0,0,0,0
2022-08-30,2.29,2.4,-10.999999999999988,-0.219,-11.666666666666668,0.7302967433400647,0.9128709291754915,-0.007000000000000006,0,0,0,0,0
2022-08-31,2.29,2.4,-10.999999999999988,-0.219,-11.714285714285714,0.6436503043466141,1.1097419040465082,-0.007000000000000006,0,0,0,0,0
2022-09-01,2.29,2.4,-10.999999999999988,-0.219,-11.714285714285714,0.6436503043466141,1.1097419040465082,-0.007000000000000006,0,0,0,0,0
2022-09-02,2.29,2.4,-10.999999999999988,-0.198,-11.714285714285714,0.6436503043466141,1.1097419040465082,0.027999999999999997,0,0,0,0,0
2022-09-06,2.29,2.4,-10.999999999999988,-0.198,-11.666666666666666,0.6582805886042113,1.012739367083949,0.027999999999999997,0,0,0,0,0
2022-09-07,2.28,2.4,-12.00000000000001,-0.198,-11.666666666666666,0.6582805886042113,-0.5063696835419826,0.027999999999999997,0,0,0,0,0
2022-09-08,2.28,2.4,-12.00000000000001,-0.198,-11.714285714285714,0.6436503043466141,-0.44389676161861374,0.027999999999999997,0,0,0,0,0
2022-09-09,2.28,2.4,-12.00000000000001,-0.171,-11.714285714285714,0.6436503043466141,-0.44389676161861374,0.05499999999999999,0,0,0,0,0
2022-09-12,2.28,2.4,-12.00000000000001,-0.171,-11.714285714285714,0.6436503043466141,-0.44389676161861374,0.063,0,0,0,0,0
2022-09-13,2.28,2.4,-12.00000000000001,-0.171,-11.714285714285714,0.6436503043466141,-0.44389676161861374,0.063,0,0,0,0,0
2022-09-14,2.27,2.4,-12.99999999999999,-0.171,-11.80952380952381,0.6796357567878085,-1.7516385484230224,0.063,0,0,0,0,0
2022-09-15,2.28,2.4,-12.00000000000001,-0.171,-11.857142857142858,0.6546536707078058,-0.218217890236065,0.063,0,0,0,0,0
2022-09-16,2.27,2.4,-12.99999999999999,-0.142,-11.952380952380954,0.669043382463965,-1.5658462142781306,0.09200000000000003,0,0,0,0,0
2022-09-19,2.27,2.4,-12.99999999999999,-0.142,-12.000000000000002,0.707106781186389,-1.4142135623733945,0.09000000000000002,0,0,0,0,0
2022-09-20,2.26,2.4,-14.000000000000012,-0.142,-12.095238095238095,0.8309489698386847,-2.2922730202453905,0.09000000000000002,0,0,0,0,0
2022-09-21,2.25,2.4,-14.999999999999991,-0.142,-12.238095238095237,1.0442586798662357,-2.6448473114521205,0.09000000000000002,0,0,0,0,0
2022-09-22,2.99,3.15,-15.99999999999997,-0.142,-12.380952380952378,1.3219754338182024,-2.737605803002601,0.09000000000000002,0,0,0,0,0
2022-09-23,2.99,3.15,-15.99999999999997,-0.116,-12.523809523809522,1.536848971729016,-2.2618946559723407,0.116,0,0,0,0,0
2022-09-26,2.99,3.15,-15.99999999999997,-0.116,-12.714285714285708,1.7071279138616073,-1.924703040138225,0.103,0,0,0,0,0
2022-09-27,2.98,3.15,-16.999999999999993,-0.116,-12.952380952380947,1.9358768162305224,-2.090845354251641,0.103,0,0,0,0,0
2022-09-28,2.98,3.15,-16.999999999999993,-0.116,-13.190476190476184,2.112322125506559,-1.8034767346908516,0.103,0,0,0,0,0
2022-09-29,2.96,3.15,-18.999999999999993,-0.116,-13.571428571428566,2.3994046880721585,-2.2624659589763088,0.103,0,0,0,0,0
2022-09-30,2.98,3.15,-16.999999999999993,-0.096,-13.857142857142852,2.4348657927227175,-1.2907722274675075,0.123,0,0,0,0,0
2022-10-03,3.0,3.15,-14.999999999999991,-0.096,-14.047619047619042,2.355338414669716,-0.40434994243258215,0.10200000000000001,0,0,0,0,0
2022-10-04,3.04,3.15,-10.999999999999988,-0.096,-14.047619047619042,2.355338414669716,1.2939198157842704,0.10200000000000001,0,0,0,0,0
2022-10-05,3.04,3.15,-10.999999999999988,-0.096,-14.047619047619042,2.355338414669716,1.2939198157842704,0.10200000000000001,0,0,0,0,0
2022-10-06,3.05,3.15,-10.000000000000009,-0.096,-13.952380952380947,2.4794392607238525,1.5940624216892785,0.10200000000000001,0,0,0,0,0
2022-10-07,3.05,3.15,-10.000000000000009,-0.089,-13.857142857142852,2.593949002692848,1.4869771353016732,0.08200000000000002,0,0,0,0,0
2022-10-11,3.05,3.15,-10.000000000000009,-0.089,-13.761904761904756,2.7000881819814655,1.393252556345795,0.08200000000000002,0,0,0,0,0
2022-10-12,3.04,3.15,-10.999999999999988,-0.089,-13.714285714285706,2.7412197493607664,0.990174434179774,0.08200000000000002,0,0,0,0,0
2022-10-13,3.04,3.15,-10.999999999999988,-0.089,-13.666666666666659,2.7808871486151907,0.9589266029707828,0.08200000000000002,0,0,0,0,0
2022-10-14,3.04,3.15,-10.999999999999988,-0.09,-13.571428571428564,2.8385106758902015,0.9059076625181747,0.08100000000000002,0,0,0,0,0
2022-10-17,3.05,3.15,-10.000000000000009,-0.09,-13.476190476190467,2.926073266667215,1.1880052751207506,0.05199999999999999,0,0,0,0,0
2022-10-18,3.04,3.15,-10.999999999999988,-0.09,-13.380952380952372,2.9744947550161913,0.8004560697029787,0.05199999999999999,0,0,0,0,0
2022-10-19,3.04,3.15,-10.999999999999988,-0.09,-13.285714285714278,3.0189875313232903,0.7571128605199671,0.05199999999999999,0,0,0,0,0
2022-10-20,3.03,3.15,-12.00000000000001,-0.09,-13.190476190476183,3.026863849251323,0.3933035147156121,0.05199999999999999,0,0,0,0,0
2022-10-21,3.02,3.15,-12.99999999999999,-0.101,-13.095238095238088,2.9984122782692784,0.0317628419308205,0.04099999999999998,0,0,0,0,0
2022-10-24,3.01,3.15,-14.000000000000012,-0.101,-12.999999999999995,2.932575659722998,-0.34099716973524724,0.015,0,0,0,0,0
2022-10-25,3.02,3.15,-12.99999999999999,-0.101,-12.857142857142852,2.8510649639338648,-0.05010658987581415,0.015,0,0,0,0,0
2022-10-26,3.03,3.15,-12.00000000000001,-0.101,-12.666666666666664,2.7628487713469077,0.24129683592549622,0.015,0,0,0,0,0
2022-10-27,3.04,3.15,-10.999999999999988,-0.101,-12.380952380952378,2.5976179564398665,0.5316225881210944,0.015,0,0,0,0,0
2022-10-28,3.05,3.15,-10.000000000000009,-0.117,-12.047619047619046,2.418185073070054,0.8467586167916595,-0.0010000000000000009,0,0,0,0,0
2022-10-31,3.05,3.15,-10.000000000000009,-0.117,-11.619047619047617,1.8567765206450706,0.871966874336136,-0.021000000000000005,0,0,0,0,0
2022-11-01,3.05,3.15,-10.000000000000009,-0.117,-11.285714285714285,1.419255337945035,0.9059076625182079,-0.021000000000000005,0,0,0,0,0
2022-11-02,3.05,3.15,-10.000000000000009,-0.117,-11.047619047619047,1.1608699529313373,0.9024430729503107,-0.021000000000000005,0,0,0,0,0
2022-11-03,3.8,3.9,-10.000000000000009,-0.117,-11.0,1.18321595661982,0.8451542547285829,-0.021000000000000005,0,0,0,0,0
2022-11-04,3.8,3.9,-10.000000000000009,-0.135,-10.952380952380954,1.2031704150363745,0.7915594835766909,-0.03900000000000001,0,0,0,0,0
2022-11-07,3.78,3.9,-12.00000000000001,-0.135,-11.04761904761905,1.203170415036376,-0.7915594835767031,-0.04600000000000001,0,0,0,0,0
2022-11-08,3.78,3.9,-12.00000000000001,-0.135,-11.142857142857144,1.1952286093342936,-0.7171371656007041,-0.04600000000000001,0,0,0,0,0
2022-11-09,3.78,3.9,-12.00000000000001,-0.135,-11.23809523809524,1.1791845447070421,-0.6461285176478109,-0.04600000000000001,0,0,0,0,0
2022-11-10,3.78,3.9,-12.00000000000001,-0.135,-11.285714285714288,1.1892374507580388,-0.6006249751304295,-0.04600000000000001,0,0,0,0,0
2022-11-14,3.79,3.9,-10.999999999999988,-0.135,-11.285714285714288,1.1892374507580388,0.24024999005218164,-0.04500000000000001,0,0,0,0,0
2022-11-15,3.8,3.9,-10.000000000000009,-0.135,-11.238095238095243,1.2208506012104647,1.0141251000471891,-0.04500000000000001,0,0,0,0,0
2022-11-16,3.81,3.9,-8.999999999999986,-0.135,-11.190476190476193,1.2891488517252492,1.6991646756266547,-0.04500000000000001,0,0,0,0,0
2022-11-17,3.8,3.9,-10.000000000000009,-0.135,-11.142857142857148,1.3147514702677436,0.8692571704250696,-0.04500000000000001,0,0,0,0,0
2022-11-18,3.8,3.9,-10.000000000000009,-0.167,-11.0952380952381,1.338086764928177,0.8185105210997878,-0.07700000000000001,0,0,0,0,0
2022-11-21,3.8,3.9,-10.000000000000009,-0.167,-11.000000000000004,1.3416407864997848,0.7453559924999754,-0.066,0,0,0,0,0
2022-11-22,3.8,3.9,-10.000000000000009,-0.167,-10.857142857142863,1.276154939092895,0.6716604942595142,-0.066,0,0,0,0,0
2022-11-23,3.79,3.9,-10.999999999999988,-0.167,-10.714285714285719,1.0555973258233802,-0.2706659809803968,-0.066,0,0,0,0,0
2022-11-25,3.8,3.9,-10.000000000000009,-0.175,-10.571428571428577,0.925820099772421,0.6172133998484505,-0.07399999999999998,0,0,0,0,0
2022-11-28,3.8,3.9,-10.000000000000009,-0.175,-10.476190476190482,0.8728715609438297,0.5455447255900644,-0.07399999999999998,0,0,0,0,0
2022-11-29,3.81,3.9,-8.999999999999986,-0.175,-10.380952380952387,0.9206622874967811,1.4999554122143066,-0.05799999999999998,0,0,0,0,0
2022-11-30,3.82,3.9,-8.000000000000007,-0.175,-10.28571428571429,1.0555973258233797,2.1653278478433013,-0.05799999999999998,0,0,0,0,0
2022-12-01,3.82,3.9,-8.000000000000007,-0.175,-10.190476190476195,1.1670067531529182,1.8770038687078274,-0.05799999999999998,0,0,0,0,0
2022-12-02,3.81,3.9,-8.999999999999986,-0.181,-10.142857142857148,1.1952286093342914,0.9561828874676126,-0.06399999999999999,0,0,0,0,0
2022-12-05,3.81,3.9,-8.999999999999986,-0.181,-10.095238095238098,1.2208506012104625,0.8971106654263789,-0.06399999999999999,0,0,0,0,0
2022-12-06,3.8,3.9,-10.000000000000009,-0.181,-10.095238095238098,1.2208506012104625,0.07800962308054879,-0.045999999999999985,0,0,0,0,0
2022-12-07,3.8,3.9,-10.000000000000009,-0.181,-10.095238095238098,1.2208506012104625,0.07800962308054879,-0.045999999999999985,0,0,0,0,0
2022-12-08,3.8,3.9,-10.000000000000009,-0.181,-10.000000000000004,1.1401754250990301,-4.6739040334410765e-15,-0.045999999999999985,0,0,0,0,0
2022-12-09,3.8,3.9,-10.000000000000009,-0.184,-9.904761904761907,1.0442586798662203,-0.09120163142939154,-0.04899999999999999,0,0,0,0,0
2022-12-12,3.8,3.9,-10.000000000000009,-0.184,-9.809523809523812,0.9283882603224308,-0.20516867631441635,-0.04899999999999999,0,0,0,0,0
2022-12-13,3.8,3.9,-10.000000000000009,-0.184,-9.714285714285717,0.7837638128195623,-0.3645413082883284,-0.04899999999999999,0,0,0,0,0
2022-12-14,3.8,3.9,-10.000000000000009,-0.184,-9.666666666666671,0.7302967433400467,-0.45643546458775336,-0.04899999999999999,0,0,0,0,0
2022-12-15,4.32,4.4,-8.000000000000007,-0.184,-9.571428571428575,0.8106434833776183,1.93849528633854,-0.04899999999999999,0,0,0,0,0
2022-12-16,4.32,4.4,-8.000000000000007,-0.19,-9.523809523809527,0.87287156094382,1.745743121888234,-0.05499999999999999,0,0,0,0,0
2022-12-19,4.3,4.4,-10.000000000000053,-0.19,-9.52380952380953,0.8728715609438212,-0.5455447255901267,-0.022999999999999993,0,0,0,0,0
2022-12-20,4.3,4.4,-10.000000000000053,-0.19,-9.523809523809533,0.8728715609438225,-0.5455447255901238,-0.022999999999999993,0,0,0,0,0
2022-12-21,4.3,4.4,-10.000000000000053,-0.19,-9.523809523809534,0.8728715609438237,-0.545544725590121,-0.022999999999999993,0,0,0,0,0
2022-12-22,4.3,4.4,-10.000000000000053,-0.19,-9.523809523809538,0.8728715609438249,-0.5455447255901162,-0.022999999999999993,0,0,0,0,0
2022-12-23,4.3,4.4,-10.000000000000053,-0.201,-9.476190476190492,0.8135752957806146,-0.6438365650065281,-0.026000000000000023,0,0,0,0,0
2022-12-27,4.3,4.4,-10.000000000000053,-0.201,-9.476190476190496,0.813575295780616,-0.6438365650065226,-0.026000000000000023,0,0,0,0,0
2022-12-28,4.3,4.4,-10.000000000000053,-0.201,-9.476190476190498,0.8135752957806175,-0.6438365650065193,-0.026000000000000023,0,0,0,0,0
2022-12-29,4.3,4.4,-10.000000000000053,-0.201,-9.523809523809547,0.8135752957806179,-0.585305968187746,-0.026000000000000023,0,0,0,0,0
2022-12-30,4.3,4.4,-10.000000000000053,-0.218,-9.619047619047645,0.7400128699007917,-0.5147915616703796,-0.04300000000000001,0,0,0,0,0
2023-01-03,4.31,4.4,-9.000000000000075,-0.218,-9.666666666666696,0.6582805886041958,1.0127393670838867,-0.037000000000000005,0,0,0,0,0
2023-01-04,4.3,4.4,-10.000000000000053,-0.218,-9.714285714285747,0.6436503043465963,-0.4438967616186398,-0.037000000000000005,0,0,0,0,0
2023-01-05,4.31,4.4,-9.000000000000075,-0.218,-9.71428571428575,0.6436503043465914,1.10974190404647,-0.037000000000000005,0,0,0,0,0
2023-01-06,4.31,4.4,-9.000000000000075,-0.241,-9.666666666666705,0.658280588604188,1.0127393670839122,-0.06,0,0,0,0,0
2023-01-09,4.31,4.4,-9.000000000000075,-0.241,-9.619047619047663,0.669043382463939,0.925272762982533,-0.06,0,0,0,0,0
2023-01-10,4.31,4.4,-9.000000000000075,-0.241,-9.571428571428617,0.6761234037826207,0.8451542547287149,-0.056999999999999995,0,0,0,0,0
2023-01-11,4.3,4.4,-10.000000000000053,-0.241,-9.57142857142862,0.6761234037826221,-0.6338656910465749,-0.056999999999999995,0,0,0,0,0
2023-01-12,4.3,4.4,-10.000000000000053,-0.241,-9.571428571428621,0.6761234037826235,-0.633865691046571,-0.056999999999999995,0,0,0,0,0
2023-01-13,4.3,4.4,-10.000000000000053,-0.266,-9.571428571428624,0.6761234037826249,-0.6338656910465644,-0.08200000000000002,0,0,0,0,0
2023-01-17,4.31,4.4,-9.000000000000075,-0.266,-9.523809523809579,0.6796357567877863,0.7707209613061334,-0.08200000000000002,0,0,0,0,0
2023-01-18,4.3,4.4,-10.000000000000053,-0.266,-9.619047619047675,0.5895922723533502,-0.6461285176479861,-0.07600000000000001,0,0,0,0,0
2023-01-19,4.31,4.4,-9.000000000000075,-0.266,-9.666666666666728,0.4830458915393696,1.3801311186854768,-0.07600000000000001,0,0,0,0,0
2023-01-20,4.3,4.4,-10.000000000000053,-0.287,-9.666666666666728,0.4830458915393696,-0.6900655593427347,-0.09699999999999998,0,0,0,0,0
2023-01-23,4.3,4.4,-10.000000000000053,-0.287,-9.666666666666728,0.4830458915393696,-0.6900655593427347,-0.09699999999999998,0,0,0,0,0
2023-01-24,4.3,4.4,-10.000000000000053,-0.287,-9.666666666666728,0.4830458915393696,-0.6900655593427347,-0.09699999999999998,0,0,0,0,0
2023-01-25,4.31,4.4,-9.000000000000075,-0.287,-9.61904761904768,0.49761335152784725,1.2440333788209526,-0.08599999999999997,0,0,0,0,0
2023-01-26,4.3,4.4,-10.000000000000053,-0.287,-9.61904761904768,0.49761335152784725,-0.7655590023513543,-0.08599999999999997,0,0,0,0,0
2023-01-27,4.3,4.4,-10.000000000000053,-0.304,-9.61904761904768,0.49761335152784725,-0.7655590023513543,-0.10299999999999998,0,0,0,0,0
2023-01-30,4.3,4.4,-10.000000000000053,-0.304,-9.61904761904768,0.49761335152784725,-0.7655590023513543,-0.10299999999999998,0,0,0,0,0
2023-01-31,4.31,4.4,-9.000000000000075,-0.304,-9.571428571428633,0.5070925528368414,1.1268723396385938,-0.086,0,0,0,0,0
2023-02-01,4.31,4.4,-9.000000000000075,-0.304,-9.523809523809588,0.5117663157188916,1.0235326314388316,-0.086,0,0,0,0,0
2023-02-02,4.56,4.65,-9.000000000000075,-0.304,-9.523809523809588,0.5117663157188916,1.0235326314388316,-0.086,0,0,0,0,0
2023-02-03,4.55,4.65,-10.000000000000053,-0.312,-9.52380952380959,0.5117663157188916,-0.9304842103989328,-0.094,0,0,0,0,0
2023-02-06,4.55,4.65,-10.000000000000053,-0.312,-9.571428571428633,0.5070925528368414,-0.8451542547289471,-0.07100000000000001,0,0,0,0,0
2023-02-07,4.55,4.65,-10.000000000000053,-0.312,-9.61904761904768,0.49761335152784725,-0.7655590023513543,-0.07100000000000001,0,0,0,0,0
2023-02-08,4.55,4.65,-10.000000000000053,-0.312,-9.666666666666728,0.4830458915393696,-0.6900655593427347,-0.07100000000000001,0,0,0,0,0
2023-02-09,4.55,4.65,-10.000000000000053,-0.312,-9.714285714285774,0.4629100498859874,-0.6172133998487384,-0.07100000000000001,0,0,0,0,0
2023-02-10,4.55,4.65,-10.000000000000053,-0.308,-9.714285714285774,0.4629100498859874,-0.6172133998487384,-0.067,0,0,0,0,0
2023-02-13,4.55,4.65,-10.000000000000053,-0.308,-9.714285714285774,0.4629100498859874,-0.6172133998487384,-0.04199999999999998,0,0,0,0,0
2023-02-14,4.55,4.65,-10.000000000000053,-0.308,-9.714285714285774,0.4629100498859874,-0.6172133998487384,-0.04199999999999998,0,0,0,0,0
2023-02-15,4.55,4.65,-10.000000000000053,-0.308,-9.761904761904821,0.43643578047168147,-0.545544725590346,-0.04199999999999998,0,0,0,0,0
2023-02-16,4.55,4.65,-10.000000000000053,-0.308,-9.761904761904821,0.43643578047168147,-0.545544725590346,-0.04199999999999998,0,0,0,0,0
2023-02-17,4.55,4.65,-10.000000000000053,-0.293,-9.809523809523867,0.4023739080811523,-0.4733810683315238,-0.006000000000000005,0,0,0,0,0
2023-02-21,4.55,4.65,-10.000000000000053,-0.293,-9.809523809523867,0.4023739080811523,-0.4733810683315238,-0.006000000000000005,0,0,0,0,0
2023-02-22,4.55,4.65,-10.000000000000053,-0.293,-9.809523809523867,0.4023739080811523,-0.4733810683315238,-0.006000000000000005,0,0,0,0,0
2023-02-23,4.55,4.65,-10.000000000000053,-0.293,-9.809523809523867,0.4023739080811523,-0.4733810683315238,-0.006000000000000005,0,0,0,0,0
2023-02-24,4.55,4.65,-10.000000000000053,-0.267,-9.857142857142914,0.35856858279995596,-0.39840953644518895,0.019999999999999962,0,0,0,0,0
2023-02-27,4.55,4.65,-10.000000000000053,-0.267,-9.857142857142914,0.35856858279995596,-0.39840953644518895,0.03699999999999998,0,0,0,0,0
2023-02-28,4.55,4.65,-10.000000000000053,-0.267,-9.857142857142914,0.35856858279995596,-0.39840953644518895,0.03699999999999998,0,0,0,0,0
2023-03-01,4.55,4.65,-10.000000000000053,-0.267,-9.857142857142914,0.35856858279995596,-0.39840953644518895,0.03699999999999998,0,0,0,0,0
2023-03-02,4.55,4.65,-10.000000000000053,-0.267,-9.90476190476196,0.3007926037586921,-0.3166237934310943,0.03699999999999998,0,0,0,0,0
2023-03-03,4.55,4.65,-10.000000000000053,-0.235,-9.952380952381006,0.2182178902354107,-0.2182178902365733,0.069,0,0,0,0,0
2023-03-06,4.55,4.65,-10.000000000000053,-0.235,-10.000000000000053,0.0,,0.07700000000000001,0,0,0,0,0
2023-03-07,4.55,4.65,-10.000000000000053,-0.235,-10.000000000000053,0.0,,0.07700000000000001,0,0,0,0,0
2023-03-08,4.55,4.65,-10.000000000000053,-0.235,-10.000000000000053,0.0,,0.07700000000000001,0,0,0,0,0
2023-03-09,4.55,4.65,-10.000000000000053,-0.235,-10.000000000000053,0.0,,0.07700000000000001,0,0,0,0,0
2023-03-10,4.55,4.65,-10.000000000000053,-0.202,-10.000000000000053,0.0,,0.10999999999999999,0,0,0,0,0
2023-03-13,4.55,4.65,-10.000000000000053,-0.202,-10.000000000000053,0.0,,0.10599999999999998,0,0,0,0,0
2023-03-14,4.55,4.65,-10.000000000000053,-0.202,-10.000000000000053,0.0,,0.10599999999999998,0,0,0,0,0
2023-03-15,4.58,4.65,-7.000000000000028,-0.202,-9.85714285714291,0.6546536707077883,4.364357804721142,0.10599999999999998,0,1,0,0,1
2023-03-16,4.57,4.65,-8.000000000000007,-0.202,-9.761904761904812,0.7684244858643877,2.2928795142737655,0.10599999999999998,0,0,0,0,0
2023-03-17,4.55,4.65,-10.000000000000053,-0.17,-9.761904761904812,0.7684244858643877,-0.3098485830099642,0.13799999999999998,0,0,0,0,0
2023-03-20,4.55,4.65,-10.000000000000053,-0.17,-9.761904761904812,0.7684244858643877,-0.3098485830099642,0.12299999999999997,0,0,0,0,0
2023-03-21,4.55,4.65,-10.000000000000053,-0.17,-9.761904761904812,0.7684244858643877,-0.3098485830099642,0.12299999999999997,0,0,0,0,0
2023-03-22,4.55,4.65,-10.000000000000053,-0.17,-9.761904761904812,0.7684244858643877,-0.3098485830099642,0.12299999999999997,0,0,0,0,0
2023-03-23,4.8,4.9,-10.000000000000053,-0.17,-9.761904761904812,0.7684244858643877,-0.3098485830099642,0.12299999999999997,0,0,0,0,0
2023-03-24,4.8,4.9,-10.000000000000053,-0.151,-9.761904761904812,0.7684244858643877,-0.3098485830099642,0.11600000000000002,0,0,0,0,0
2023-03-27,4.81,4.9,-9.000000000000075,-0.151,-9.714285714285765,0.7837638128195695,0.9113532707207628,0.11600000000000002,0,0,0,0,0
2023-03-28,4.84,4.9,-6.00000000000005,-0.151,-9.523809523809573,1.1233453440080263,3.136888885155112,0.11600000000000002,0,1,0,0,1
2023-03-29,4.83,4.9,-7.000000000000028,-0.151,-9.380952380952431,1.2440333788201976,1.9138975058775543,0.11600000000000002,0,0,0,0,0
2023-03-30,4.82,4.9,-8.000000000000007,-0.151,-9.285714285714334,1.2705454396775686,1.0119388457610836,0.11600000000000002,0,0,0,0,0
2023-03-31,4.87,4.9,-3.000000000000025,-0.146,-8.952380952380999,1.8567765206450673,3.2057605674123035,0.089,0,1,0,0,1
2023-04-03,4.84,4.9,-6.00000000000005,-0.146,-8.761904761904807,1.9469145308605453,1.4186060651999872,0.089,0,0,0,0,0
2023-04-04,4.83,4.9,-7.000000000000028,-0.146,-8.619047619047663,1.9615348703550473,0.8253983365356025,0.089,0,0,0,0,0
2023-04-05,4.81,4.9,-9.000000000000075,-0.146,-8.571428571428617,1.9383350734954472,-0.2211028600945676,0.089,0,0,0,0,0
2023-04-06,4.81,4.9,-9.000000000000075,-0.146,-8.52380952380957,1.9136103997168556,-0.24884400516477306,0.089,0,0,0,0,0
2023-04-10,4.81,4.9,-9.000000000000075,-0.146,-8.476190476190524,1.887300919807041,-0.2775442529128344,0.05600000000000002,0,0,0,0,0
2023-04-11,4.8,4.9,-10.000000000000053,-0.146,-8.476190476190524,1.887300919807041,-0.8074014630191164,0.05600000000000002,0,0,0,0,0
2023-04-12,4.8,4.9,-10.000000000000053,-0.146,-8.476190476190524,1.887300919807041,-0.8074014630191164,0.05600000000000002,0,0,0,0,0
2023-04-13,4.8,4.9,-10.000000000000053,-0.146,-8.476190476190524,1.887300919807041,-0.8074014630191164,0.05600000000000002,0,0,0,0,0
2023-04-14,4.8,4.9,-10.000000000000053,-0.161,-8.619047619047668,1.8835124230062277,-0.7331793324454324,0.04100000000000001,0,0,0,0,0
2023-04-17,4.8,4.9,-10.000000000000053,-0.161,-8.714285714285765,1.9011274850165776,-0.6762904096897411,0.009000000000000008,0,0,0,0,0
2023-04-18,4.8,4.9,-10.000000000000053,-0.161,-8.714285714285765,1.9011274850165776,-0.6762904096897411,0.009000000000000008,0,0,0,0,0
2023-04-19,4.8,4.9,-10.000000000000053,-0.161,-8.714285714285765,1.9011274850165776,-0.6762904096897411,0.009000000000000008,0,0,0,0,0
2023-04-20,4.8,4.9,-10.000000000000053,-0.161,-8.714285714285765,1.9011274850165776,-0.6762904096897411,0.009000000000000008,0,0,0,0,0
2023-04-21,4.8,4.9,-10.000000000000053,-0.175,-8.714285714285765,1.9011274850165776,-0.6762904096897411,-0.004999999999999977,0,0,0,0,0
2023-04-24,4.8,4.9,-10.000000000000053,-0.175,-8.714285714285765,1.9011274850165776,-0.6762904096897411,-0.023999999999999994,0,0,0,0,0
2023-04-25,4.8,4.9,-10.000000000000053,-0.175,-8.714285714285765,1.9011274850165776,-0.6762904096897411,-0.023999999999999994,0,0,0,0,0
2023-04-26,4.8,4.9,-10.000000000000053,-0.175,-8.761904761904812,1.9210612146612962,-0.64448505266061,-0.023999999999999994,0,0,0,0,0
2023-04-27,4.81,4.9,-9.000000000000075,-0.175,-8.904761904761957,1.8139669761260646,-0.0525026621165452,-0.023999999999999994,0,0,0,0,0
2023-04-28,4.81,4.9,-9.000000000000075,-0.187,-9.000000000000053,1.760681686165829,-1.2106834665397514e-14,-0.036000000000000004,0,0,0,0,0
2023-05-01,4.81,4.9,-9.000000000000075,-0.187,-9.047619047619104,1.7457431218878654,0.027277236279489928,-0.04100000000000001,0,0,0,0,0
2023-05-02,4.81,4.9,-9.000000000000075,-0.187,-9.333333333333393,1.064581294844628,0.31311214554259736,-0.04100000000000001,0,0,0,0,0
2023-05-03,4.81,4.9,-9.000000000000075,-0.187,-9.476190476190537,0.7496030695671505,0.6352568386165129,-0.04100000000000001,0,0,0,0,0
2023-05-04,5.06,5.15,-9.000000000000075,-0.187,-9.571428571428633,0.5070925528368404,1.126872339638596,-0.04100000000000001,0,0,0,0,0
2023-05-05,5.06,5.15,-9.000000000000075,-0.196,-9.571428571428635,0.5070925528368404,1.1268723396385996,-0.05000000000000002,0,0,0,0,0
2023-05-08,5.06,5.15,-9.000000000000075,-0.196,-9.571428571428633,0.5070925528368404,1.126872339638596,-0.05000000000000002,0,0,0,0,0
2023-05-09,5.06,5.15,-9.000000000000075,-0.196,-9.571428571428633,0.5070925528368404,1.126872339638596,-0.05000000000000002,0,0,0,0,0
2023-05-10,5.06,5.15,-9.000000000000075,-0.196,-9.523809523809588,0.5117663157188902,1.0235326314388344,-0.05000000000000002,0,0,0,0,0
2023-05-11,5.05,5.15,-10.000000000000053,-0.196,-9.52380952380959,0.5117663157188902,-0.9304842103989355,-0.05000000000000002,0,0,0,0,0
2023-05-12,5.05,5.15,-10.000000000000053,-0.204,-9.52380952380959,0.5117663157188902,-0.9304842103989355,-0.04299999999999998,0,0,0,0,0
2023-05-15,5.06,5.15,-9.000000000000075,-0.204,-9.476190476190542,0.5117663157188886,0.9304842103989452,-0.04299999999999998,0,0,0,0,0
2023-05-16,5.05,5.15,-10.000000000000053,-0.204,-9.476190476190542,0.5117663157188886,-1.0235326314388342,-0.04299999999999998,0,0,0,0,0
2023-05-17,5.05,5.15,-10.000000000000053,-0.204,-9.476190476190542,0.5117663157188886,-1.0235326314388342,-0.04299999999999998,0,0,0,0,0
2023-05-18,5.05,5.15,-10.000000000000053,-0.204,-9.476190476190542,0.5117663157188886,-1.0235326314388342,-0.04299999999999998,0,0,0,0,0
2023-05-19,5.05,5.15,-10.000000000000053,-0.209,-9.476190476190542,0.5117663157188886,-1.0235326314388342,-0.034,0,0,0,0,0
2023-05-22,5.05,5.15,-10.000000000000053,-0.209,-9.476190476190542,0.5117663157188886,-1.0235326314388342,-0.034,0,0,0,0,0
2023-05-23,5.05,5.15,-10.000000000000053,-0.209,-9.47619047619054,0.5117663157188886,-1.0235326314388375,-0.034,0,0,0,0,0
2023-05-24,5.05,5.15,-10.000000000000053,-0.209,-9.476190476190542,0.5117663157188886,-1.0235326314388342,-0.034,0,0,0,0,0
2023-05-25,5.06,5.15,-9.000000000000075,-0.209,-9.428571428571495,0.5070925528368359,0.8451542547289563,-0.034,0,0,0,0,0
2023-05-26,5.06,5.15,-9.000000000000075,-0.211,-9.428571428571493,0.5070925528368359,0.8451542547289529,-0.023999999999999994,0,0,0,0,0
2023-05-30,5.06,5.15,-9.000000000000075,-0.211,-9.428571428571495,0.5070925528368359,0.8451542547289563,-0.023999999999999994,0,0,0,0,0
2023-05-31,5.08,5.15,-7.000000000000028,-0.211,-9.333333333333396,0.7302967433400352,3.1950482521143306,-0.023999999999999994,0,1,0,0,1
2023-06-01,5.08,5.15,-7.000000000000028,-0.211,-9.2380952380953,0.8890872794478187,2.517295309280855,-0.023999999999999994,0,1,0,0,1
2023-06-02,5.07,5.15,-8.000000000000007,-0.214,-9.190476190476248,0.9283882603224258,1.2823042269651206,-0.026999999999999996,0,0,0,0,0
2023-06-05,5.06,5.15,-9.000000000000075,-0.214,-9.190476190476248,0.9283882603224258,0.20516867631439256,-0.017999999999999988,0,0,0,0,0
2023-06-06,5.05,5.15,-10.000000000000053,-0.214,-9.238095238095294,0.943650459903417,-0.8074014630191994,-0.017999999999999988,0,0,0,0,0
2023-06-07,5.05,5.15,-10.000000000000053,-0.214,-9.285714285714343,0.9561828874673798,-0.747017880834097,-0.017999999999999988,0,0,0,0,0
2023-06-08,5.05,5.15,-10.000000000000053,-0.214,-9.333333333333389,0.9660917830791632,-0.6900655593424465,-0.017999999999999988,0,0,0,0,0
2023-06-09,5.05,5.15,-10.000000000000053,-0.215,-9.380952380952435,0.9734572654301745,-0.6359268568138521,-0.01899999999999999,0,0,0,0,0
2023-06-12,5.05,5.15,-10.000000000000053,-0.215,-9.380952380952435,0.9734572654301745,-0.6359268568138521,-0.01100000000000001,0,0,0,0,0
2023-06-13,5.05,5.15,-10.000000000000053,-0.215,-9.380952380952435,0.9734572654301745,-0.6359268568138521,-0.01100000000000001,0,0,0,0,0
2023-06-14,5.05,5.15,-10.000000000000053,-0.215,-9.428571428571482,0.9783367810435245,-0.5840816603246457,-0.01100000000000001,0,0,0,0,0
2023-06-15,5.06,5.15,-9.000000000000075,-0.215,-9.380952380952435,0.9734572654301745,0.3913396041931186,-0.01100000000000001,0,0,0,0,0
2023-06-16,5.05,5.15,-10.000000000000053,-0.217,-9.380952380952435,0.9734572654301745,-0.6359268568138521,-0.013000000000000012,0,0,0,0,0
2023-06-20,5.05,5.15,-10.000000000000053,-0.217,-9.380952380952435,0.9734572654301745,-0.6359268568138521,-0.008000000000000007,0,0,0,0,0
2023-06-21,5.05,5.15,-10.000000000000053,-0.217,-9.380952380952435,0.9734572654301745,-0.6359268568138521,-0.008000000000000007,0,0,0,0,0
2023-06-22,5.05,5.15,-10.000000000000053,-0.217,-9.380952380952435,0.9734572654301745,-0.6359268568138521,-0.008000000000000007,0,0,0,0,0
2023-06-23,5.05,5.15,-10.000000000000053,-0.221,-9.380952380952435,0.9734572654301745,-0.6359268568138521,-0.01200000000000001,0,0,0,0,0
2023-06-26,5.05,5.15,-10.000000000000053,-0.221,-9.380952380952435,0.9734572654301745,-0.6359268568138521,-0.01200000000000001,0,0,0,0,0
2023-06-27,5.05,5.15,-10.000000000000053,-0.221,-9.428571428571482,0.9783367810435245,-0.5840816603246457,-0.010000000000000009,0,0,0,0,0
2023-06-28,5.06,5.15,-9.000000000000075,-0.221,-9.428571428571482,0.9783367810435245,0.43806124524346296,-0.010000000000000009,0,0,0,0,0
2023-06-29,5.06,5.15,-9.000000000000075,-0.221,-9.428571428571482,0.9783367810435245,0.43806124524346296,-0.010000000000000009,0,0,0,0,0
2023-06-30,5.09,5.15,-6.00000000000005,-0.227,-9.380952380952435,1.1169686869464108,3.026899876840141,-0.016000000000000014,0,1,0,0,1
2023-07-03,5.06,5.15,-9.000000000000075,-0.227,-9.476190476190533,0.9807674351774224,0.48552843325626416,-0.013000000000000012,0,0,0,0,0
2023-07-05,5.06,5.15,-9.000000000000075,-0.227,-9.523809523809584,0.9283882603224216,0.5642138598646161,-0.013000000000000012,0,0,0,0,0
2023-07-06,5.06,5.15,-9.000000000000075,-0.227,-9.523809523809584,0.9283882603224216,0.5642138598646161,-0.013000000000000012,0,0,0,0,0
2023-07-07,5.06,5.15,-9.000000000000075,-0.236,-9.476190476190535,0.9283882603224205,0.5129216907860121,-0.021999999999999992,0,0,0,0,0
2023-07-10,5.06,5.15,-9.000000000000075,-0.236,-9.42857142857149,0.925820099772404,0.4629100498863344,-0.021999999999999992,0,0,0,0,0
2023-07-11,5.06,5.15,-9.000000000000075,-0.236,-9.380952380952445,0.9206622874967634,0.41378080336945483,-0.02099999999999999,0,0,0,0,0
2023-07-12,5.05,5.15,-10.000000000000053,-0.236,-9.380952380952444,0.9206622874967634,-0.672393805475372,-0.02099999999999999,0,0,0,0,0
2023-07-13,5.06,5.15,-9.000000000000075,-0.236,-9.333333333333396,0.9128709291751258,0.3651483716701582,-0.02099999999999999,0,0,0,0,0
2023-07-14,5.05,5.15,-10.000000000000053,-0.249,-9.333333333333396,0.9128709291751258,-0.7302967433403319,-0.034,0,0,0,0,0
2023-07-17,5.06,5.15,-9.000000000000075,-0.249,-9.28571428571435,0.9023778112772042,0.31662379343069463,-0.034,0,0,0,0,0
2023-07-18,5.06,5.15,-9.000000000000075,-0.249,-9.28571428571435,0.9023778112772042,0.31662379343069463,-0.032,0,0,0,0,0
2023-07-19,5.05,5.15,-10.000000000000053,-0.249,-9.28571428571435,0.9023778112772042,-0.7915594835767513,-0.032,0,0,0,0,0
2023-07-20,5.06,5.15,-9.000000000000075,-0.249,-9.238095238095305,0.8890872794478126,0.2677973733277395,-0.032,0,0,0,0,0
2023-07-21,5.05,5.15,-10.000000000000053,-0.264,-9.238095238095305,0.8890872794478126,-0.85695159464878,-0.047000000000000014,0,0,0,0,0
2023-07-24,5.05,5.15,-10.000000000000053,-0.264,-9.238095238095303,0.8890872794478126,-0.856951594648782,-0.04300000000000001,0,0,0,0,0
2023-07-25,5.06,5.15,-9.000000000000075,-0.264,-9.190476190476257,0.8728715609438101,0.2182178902360233,-0.04300000000000001,0,0,0,0,0
2023-07-26,5.06,5.15,-9.000000000000075,-0.264,-9.14285714285721,0.8535639569306743,0.16736548175116767,-0.04300000000000001,0,0,0,0,0
2023-07-27,5.31,5.4,-9.000000000000075,-0.264,-9.095238095238162,0.8309489698386487,0.11461365101226476,-0.04300000000000001,0,0,0,0,0
2023-07-28,5.3,5.4,-10.000000000000053,-0.28,-9.14285714285721,0.8535639569306743,-1.0041928905070434,-0.059000000000000025,0,0,0,0,0
2023-07-31,5.31,5.4,-9.000000000000075,-0.28,-9.14285714285721,0.8535639569306743,0.16736548175116767,-0.05300000000000002,0,0,0,0,0
2023-08-01,5.31,5.4,-9.000000000000075,-0.28,-9.285714285714354,0.4629100498859731,0.6172133998487574,-0.05300000000000002,0,0,0,0,0
2023-08-02,5.3,5.4,-10.000000000000053,-0.28,-9.333333333333401,0.48304589153935873,-1.380131118685504,-0.05300000000000002,0,0,0,0,0
2023-08-03,5.3,5.4,-10.000000000000053,-0.28,-9.380952380952447,0.49761335152783936,-1.244033378820972,-0.05300000000000002,0,0,0,0,0
2023-08-04,5.3,5.4,-10.000000000000053,-0.297,-9.428571428571493,0.5070925528368364,-1.1268723396386084,-0.061,0,0,0,0,0
2023-08-07,5.3,5.4,-10.000000000000053,-0.297,-9.476190476190542,0.5117663157188892,-1.023532631438833,-0.061,0,0,0,0,0
2023-08-08,5.3,5.4,-10.000000000000053,-0.297,-9.523809523809588,0.5117663157188906,-0.9304842103989381,-0.061,0,0,0,0,0
2023-08-09,5.3,5.4,-10.000000000000053,-0.297,-9.571428571428635,0.5070925528368408,-0.8451542547289446,-0.061,0,0,0,0,0
2023-08-10,5.3,5.4,-10.000000000000053,-0.297,-9.571428571428635,0.5070925528368408,-0.8451542547289446,-0.061,0,0,0,0,0
2023-08-11,5.3,5.4,-10.000000000000053,-0.312,-9.61904761904768,0.497613351527847,-0.7655590023513547,-0.063,0,0,0,0,0
2023-08-14,5.3,5.4,-10.000000000000053,-0.312,-9.61904761904768,0.497613351527847,-0.7655590023513547,-0.063,0,0,0,0,0
2023-08-15,5.3,5.4,-10.000000000000053,-0.312,-9.666666666666728,0.48304589153936967,-0.6900655593427346,-0.063,0,0,0,0,0
2023-08-16,5.3,5.4,-10.000000000000053,-0.312,-9.714285714285774,0.4629100498859879,-0.6172133998487377,-0.063,0,0,0,0,0
2023-08-17,5.3,5.4,-10.000000000000053,-0.312,-9.714285714285774,0.4629100498859879,-0.6172133998487377,-0.063,0,0,0,0,0
2023-08-18,5.3,5.4,-10.000000000000053,-0.325,-9.761904761904821,0.4364357804716824,-0.5455447255903447,-0.061,0,0,0,0,0
2023-08-21,5.3,5.4,-10.000000000000053,-0.325,-9.761904761904821,0.4364357804716824,-0.5455447255903447,-0.061,0,0,0,0,0
2023-08-22,5.3,5.4,-10.000000000000053,-0.325,-9.761904761904821,0.4364357804716824,-0.5455447255903447,-0.061,0,0,0,0,0
2023-08-23,5.3,5.4,-10.000000000000053,-0.325,-9.809523809523867,0.4023739080811537,-0.4733810683315222,-0.061,0,0,0,0,0
2023-08-24,5.3,5.4,-10.000000000000053,-0.325,-9.857142857142914,0.358568582799958,-0.3984095364451866,-0.061,0,0,0,0,0
2023-08-25,5.3,5.4,-10.000000000000053,-0.333,-9.90476190476196,0.30079260375869515,-0.3166237934310911,-0.05299999999999999,0,0,0,0,0
2023-08-28,5.3,5.4,-10.000000000000053,-0.333,-9.90476190476196,0.30079260375869515,-0.3166237934310911,-0.05299999999999999,0,0,0,0,0
2023-08-29,5.3,5.4,-10.000000000000053,-0.333,-9.952380952381006,0.21821789023541563,-0.21821789023656835,-0.05299999999999999,0,0,0,0,0
2023-08-30,5.3,5.4,-10.000000000000053,-0.333,-10.000000000000053,0.0,,-0.05299999999999999,0,0,0,0,0
2023-08-31,5.31,5.4,-9.000000000000075,-0.333,-9.952380952381006,0.21821789023541563,4.364357804731286,-0.05299999999999999,0,1,0,0,1
2023-09-01,5.31,5.4,-9.000000000000075,-0.338,-9.90476190476196,0.30079260375869515,3.007926037595368,-0.041000000000000036,0,1,0,0,1
2023-09-05,5.31,5.4,-9.000000000000075,-0.338,-9.857142857142914,0.358568582799958,2.3904572186711395,-0.041000000000000036,0,0,0,0,0
2023-09-06,5.3,5.4,-10.000000000000053,-0.338,-9.857142857142914,0.358568582799958,-0.3984095364451866,-0.041000000000000036,0,0,0,0,0
2023-09-07,5.31,5.4,-9.000000000000075,-0.338,-9.809523809523867,0.4023739080811537,2.0118695404089717,-0.041000000000000036,0,0,0,0,0
2023-09-08,5.3,5.4,-10.000000000000053,-0.337,-9.809523809523867,0.4023739080811537,-0.4733810683315222,-0.040000000000000036,0,0,0,0,0
2023-09-11,5.3,5.4,-10.000000000000053,-0.337,-9.809523809523867,0.4023739080811537,-0.4733810683315222,-0.025000000000000022,0,0,0,0,0
2023-09-12,5.3,5.4,-10.000000000000053,-0.337,-9.809523809523867,0.4023739080811537,-0.4733810683315222,-0.025000000000000022,0,0,0,0,0
2023-09-13,5.3,5.4,-10.000000000000053,-0.337,-9.809523809523867,0.4023739080811537,-0.4733810683315222,-0.025000000000000022,0,0,0,0,0
2023-09-14,5.3,5.4,-10.000000000000053,-0.337,-9.809523809523867,0.4023739080811537,-0.4733810683315222,-0.025000000000000022,0,0,0,0,0
2023-09-15,5.31,5.4,-9.000000000000075,-0.332,-9.76190476190482,0.4364357804716824,1.7457431218891097,-0.020000000000000018,0,0,0,0,0
2023-09-18,5.31,5.4,-9.000000000000075,-0.332,-9.714285714285774,0.4629100498859879,1.5430334996218462,-0.007000000000000006,0,0,0,0,0
2023-09-19,5.31,5.4,-9.000000000000075,-0.332,-9.666666666666726,0.48304589153936967,1.380131118685473,-0.007000000000000006,0,0,0,0,0
2023-09-20,5.3,5.4,-10.000000000000053,-0.332,-9.666666666666726,0.48304589153936967,-0.6900655593427383,-0.007000000000000006,0,0,0,0,0
2023-09-21,5.3,5.4,-10.000000000000053,-0.332,-9.666666666666728,0.48304589153936967,-0.6900655593427346,-0.007000000000000006,0,0,0,0,0
2023-09-22,5.3,5.4,-10.000000000000053,-0.323,-9.666666666666728,0.48304589153936967,-0.6900655593427346,0.0020000000000000018,0,0,0,0,0
2023-09-25,5.31,5.4,-9.000000000000075,-0.323,-9.61904761904768,0.497613351527847,1.244033378820953,0.010000000000000009,0,0,0,0,0
2023-09-26,5.31,5.4,-9.000000000000075,-0.323,-9.571428571428633,0.5070925528368408,1.1268723396385951,0.010000000000000009,0,0,0,0,0
2023-09-27,5.32,5.4,-8.000000000000007,-0.323,-9.476190476190537,0.6015852075180161,2.4538343990885463,0.010000000000000009,0,0,0,0,0
2023-09-28,5.31,5.4,-9.000000000000075,-0.323,-9.42857142857149,0.5976143046669716,0.717137165600883,0.010000000000000009,0,0,0,0,0
2023-09-29,5.31,5.4,-9.000000000000075,-0.31,-9.380952380952444,0.5895922723533416,0.6461285176479804,0.02300000000000002,0,0,0,0,0
2023-10-02,5.32,5.4,-8.000000000000007,-0.31,-9.333333333333393,0.6582805886041824,2.0254787341680305,0.028000000000000025,0,0,0,0,0
2023-10-03,5.33,5.4,-7.000000000000028,-0.31,-9.238095238095294,0.8309489698386598,2.6934207987884293,0.028000000000000025,0,1,0,0,1
2023-10-04,5.32,5.4,-8.000000000000007,-0.31,-9.190476190476245,0.8728715609438231,1.3638618139752352,0.028000000000000025,0,0,0,0,0
2023-10-05,5.32,5.4,-8.000000000000007,-0.31,-9.095238095238148,0.8890872794478262,1.2318679173076756,0.028000000000000025,0,0,0,0,0
2023-10-06,5.31,5.4,-9.000000000000075,-0.299,-9.095238095238146,0.8890872794478262,0.1071189493310714,0.038000000000000034,0,0,0,0,0
2023-10-10,5.31,5.4,-9.000000000000075,-0.299,-9.0476190476191,0.8646496675641484,0.05507322723337921,0.038000000000000034,0,0,0,0,0
2023-10-11,5.31,5.4,-9.000000000000075,-0.299,-9.000000000000053,0.8366600265339221,-2.5477830178060675e-14,0.038000000000000034,0,0,0,0,0
2023-10-12,5.31,5.4,-9.000000000000075,-0.299,-8.952380952381006,0.8047478161627962,-0.05917263354143192,0.038000000000000034,0,0,0,0,0
2023-10-13,5.31,5.4,-9.000000000000075,-0.289,-8.90476190476196,0.7684244858643767,-0.12393943320401103,0.04800000000000004,0,0,0,0,0
2023-10-16,5.31,5.4,-9.000000000000075,-0.289,-8.857142857142914,0.7270291799997913,-0.19649437297303682,0.04300000000000004,0,0,0,0,0
2023-10-17,5.31,5.4,-9.000000000000075,-0.289,-8.857142857142914,0.7270291799997913,-0.19649437297303682,0.04300000000000004,0,0,0,0,0
2023-10-18,5.3,5.4,-10.000000000000053,-0.289,-8.90476190476196,0.7684244858643767,-1.4253034818458368,0.04300000000000004,0,0,0,0,0
2023-10-19,5.3,5.4,-10.000000000000053,-0.289,-8.952380952381008,0.8047478161627962,-1.3017979379109217,0.04300000000000004,0,0,0,0,0
2023-10-20,5.3,5.4,-10.000000000000053,-0.283,-8.952380952381008,0.8047478161627962,-1.3017979379109217,0.049000000000000044,0,0,0,0,0
2023-10-23,5.3,5.4,-10.000000000000053,-0.283,-8.952380952381006,0.8047478161627962,-1.301797937910924,0.040000000000000036,0,0,0,0,0
2023-10-24,5.3,5.4,-10.000000000000053,-0.283,-8.952380952381006,0.8047478161627962,-1.301797937910924,0.040000000000000036,0,0,0,0,0
2023-10-25,5.3,5.4,-10.000000000000053,-0.283,-9.000000000000053,0.8366600265339221,-1.1952286093346127,0.040000000000000036,0,0,0,0,0
2023-10-26,5.31,5.4,-9.000000000000075,-0.283,-9.000000000000053,0.8366600265339221,-2.5477830178060675e-14,0.040000000000000036,0,0,0,0,0
2023-10-27,5.31,5.4,-9.000000000000075,-0.283,-9.047619047619104,0.8047478161627947,0.059172633541383475,0.040000000000000036,0,0,0,0,0
2023-10-30,5.31,5.4,-9.000000000000075,-0.283,-9.047619047619104,0.8047478161627947,0.059172633541383475,0.027000000000000024,0,0,0,0,0
2023-10-31,5.35,5.4,-5.000000000000071,-0.283,-8.857142857142914,1.1952286093342803,3.227117245203157,0.027000000000000024,0,1,0,0,1
2023-11-01,5.32,5.4,-8.000000000000007,-0.283,-8.857142857142914,1.1952286093342803,0.7171371656007463,0.027000000000000024,0,0,0,0,0
2023-11-02,5.33,5.4,-7.000000000000028,-0.283,-8.857142857142914,1.1952286093342803,1.5537971921348832,0.027000000000000024,0,0,0,0,0
2023-11-03,5.32,5.4,-8.000000000000007,-0.288,-8.857142857142914,1.1952286093342803,0.7171371656007463,0.02200000000000002,0,0,0,0,0
2023-11-06,5.32,5.4,-8.000000000000007,-0.288,-8.857142857142914,1.1952286093342803,0.7171371656007463,0.01100000000000001,0,0,0,0,0
2023-11-07,5.32,5.4,-8.000000000000007,-0.288,-8.809523809523863,1.2090925365349394,0.6695300690911703,0.01100000000000001,0,0,0,0,0
2023-11-08,5.32,5.4,-8.000000000000007,-0.288,-8.761904761904812,1.2208506012104527,0.6240769846444681,0.01100000000000001,0,0,0,0,0
2023-11-09,5.32,5.4,-8.000000000000007,-0.288,-8.714285714285761,1.2305631695632082,0.5804543252657984,0.01100000000000001,0,0,0,0,0
2023-11-10,5.32,5.4,-8.000000000000007,-0.297,-8.66666666666671,1.2382783747336736,0.5383819020582417,-0.008000000000000007,0,0,0,0,0
2023-11-13,5.32,5.4,-8.000000000000007,-0.297,-8.619047619047661,1.2440333788201918,0.4976133515281901,-0.008000000000000007,0,0,0,0,0
2023-11-14,5.32,5.4,-8.000000000000007,-0.297,-8.571428571428608,1.247855302966891,0.4579285515475851,-0.008000000000000007,0,0,0,0,0
2023-11-15,5.32,5.4,-8.000000000000007,-0.297,-8.523809523809557,1.2497618820817407,0.41912746045433524,-0.008000000000000007,0,0,0,0,0
2023-11-16,5.32,5.4,-8.000000000000007,-0.297,-8.428571428571459,1.2071217242443222,0.3550358012484156,-0.008000000000000007,0,0,0,0,0
2023-11-17,5.32,5.4,-8.000000000000007,-0.308,-8.333333333333364,1.1547005383791313,0.28867513459486344,-0.025000000000000022,0,0,0,0,0
2023-11-20,5.31,5.4,-9.000000000000075,-0.308,-8.285714285714317,1.1019463300385526,-0.6482037235522786,-0.025000000000000022,0,0,0,0,0
2023-11-21,5.31,5.4,-9.000000000000075,-0.308,-8.238095238095271,1.0442586798662046,-0.7296130514351314,-0.025000000000000022,0,0,0,0,0
2023-11-22,5.31,5.4,-9.000000000000075,-0.308,-8.190476190476224,0.9807674351774115,-0.8253983365357312,-0.025000000000000022,0,0,0,0,0
2023-11-24,5.32,5.4,-8.000000000000007,-0.32,-8.095238095238127,0.8890872794478053,0.10711894933112785,-0.03700000000000003,0,0,0,0,0
2023-11-27,5.32,5.4,-8.000000000000007,-0.32,-8.047619047619074,0.8646496675641248,0.05507322723342796,-0.03700000000000003,0,0,0,0,0
2023-11-28,5.32,5.4,-8.000000000000007,-0.32,-8.000000000000025,0.8366600265338948,2.123152514838459e-14,-0.03700000000000003,0,0,0,0,0
2023-11-29,5.31,5.4,-9.000000000000075,-0.32,-8.000000000000025,0.8366600265338948,-1.1952286093347113,-0.03700000000000003,0,0,0,0,0
2023-11-30,5.33,5.4,-7.000000000000028,-0.32,-8.095238095238118,0.5389584311205319,2.032138346849893,-0.03700000000000003,0,0,0,0,0
2023-12-01,5.39,5.4,-1.0000000000000675,-0.331,-7.761904761904786,1.640267109490361,4.122441230932001,-0.04800000000000004,0,1,0,0,1
2023-12-04,5.37,5.4,-3.000000000000025,-0.331,-7.571428571428596,1.9383350734954274,2.3584305076752536,-0.04300000000000004,0,0,0,0,0
2023-12-05,5.33,5.4,-7.000000000000028,-0.331,-7.5238095238095495,1.9395630337538476,0.27006573887714047,-0.04300000000000004,0,0,0,0,0
2023-12-06,5.32,5.4,-8.000000000000007,-0.331,-7.5238095238095495,1.9395630337538476,-0.24551430807011945,-0.04300000000000004,0,0,0,0,0
2023-12-07,5.32,5.4,-8.000000000000007,-0.331,-7.523809523809551,1.9395630337538476,-0.24551430807011854,-0.04300000000000004,0,0,0,0,0
2023-12-08,5.32,5.4,-8.000000000000007,-0.34,-7.5238095238095495,1.9395630337538476,-0.24551430807011945,-0.052000000000000046,0,0,0,0,0
2023-12-11,5.32,5.4,-8.000000000000007,-0.34,-7.5238095238095495,1.9395630337538476,-0.24551430807011945,-0.04300000000000004,0,0,0,0,0
2023-12-12,5.31,5.4,-9.000000000000075,-0.34,-7.571428571428601,1.9639610121238489,-0.7273929674533612,-0.04300000000000004,0,0,0,0,0
2023-12-13,5.31,5.4,-9.000000000000075,-0.34,-7.6190476190476515,1.986861607565744,-0.6950420581352585,-0.04300000000000004,0,0,0,0,0
2023-12-14,5.31,5.4,-9.000000000000075,-0.34,-7.666666666666702,2.0083160441855323,-0.6639061303093374,-0.04300000000000004,0,0,0,0,0
2023-12-15,5.32,5.4,-8.000000000000007,-0.349,-7.666666666666702,2.0083160441855323,-0.16597653257731554,-0.05199999999999999,0,0,0,0,0
2023-12-18,5.32,5.4,-8.000000000000007,-0.349,-7.666666666666702,2.0083160441855323,-0.16597653257731554,-0.04099999999999998,0,0,0,0,0
2023-12-19,5.31,5.4,-9.000000000000075,-0.349,-7.7142857142857535,2.0283702113483657,-0.633865691046428,-0.04099999999999998,0,0,0,0,0
2023-12-20,5.31,5.4,-9.000000000000075,-0.349,-7.7142857142857535,2.0283702113483657,-0.633865691046428,-0.04099999999999998,0,0,0,0,0
2023-12-21,5.31,5.4,-9.000000000000075,-0.349,-7.714285714285753,2.0283702113483657,-0.6338656910464284,-0.04099999999999998,0,0,0,0,0
2023-12-22,5.32,5.4,-8.000000000000007,-0.358,-7.666666666666703,2.0083160441855323,-0.16597653257731468,-0.03799999999999998,0,0,0,0,0
2023-12-26,5.35,5.4,-5.000000000000071,-0.358,-7.523809523809562,2.0885173597326028,1.2084216164392425,-0.03799999999999998,0,0,0,0,0
2023-12-27,5.39,5.4,-1.0000000000000675,-0.358,-7.190476190476231,2.5222816579249066,2.454315984507891,-0.03799999999999998,0,0,0,0,0
2023-12-28,5.4,5.4,0.0,-0.358,-6.80952380952385,2.9600514796037647,2.3004747912138948,-0.03799999999999998,1,0,0,0,0
2023-12-29,5.38,5.4,-2.000000000000046,-0.367,-6.476190476190515,3.092232973419761,1.4475592604654761,-0.046999999999999986,0,0,0,0,0
2024-01-02,5.4,5.4,0.0,-0.367,-6.1428571428571805,3.3953750055879093,1.8091837080580573,-0.035999999999999976,1,0,0,0,0
2024-01-03,5.39,5.4,-1.0000000000000675,-0.367,-6.1428571428571805,3.3953750055879093,1.5146654300020763,-0.035999999999999976,0,0,0,0,0
2024-01-04,5.32,5.4,-8.000000000000007,-0.367,-6.380952380952419,3.338805032885076,-0.4849182875612723,-0.035999999999999976,0,0,0,0,0
2024-01-05,5.31,5.4,-9.000000000000075,-0.375,-6.476190476190515,3.3855434957927275,-0.7454665778023352,-0.043999999999999984,0,0,0,0,0
2024-01-08,5.31,5.4,-9.000000000000075,-0.375,-6.523809523809567,3.4149531126948807,-0.7251023350761157,-0.043999999999999984,0,0,0,0,0
2024-01-09,5.31,5.4,-9.000000000000075,-0.375,-6.571428571428619,3.4434202266268006,-0.7052788415982855,-0.034999999999999976,0,0,0,0,0
2024-01-10,5.31,5.4,-9.000000000000075,-0.375,-6.6190476190476675,3.470968027455564,-0.6859620607619925,-0.034999999999999976,0,0,0,0,0
2024-01-11,5.31,5.4,-9.000000000000075,-0.375,-6.666666666666719,3.4976182372198754,-0.6671206447013593,-0.034999999999999976,0,0,0,0,0
2024-01-12,5.31,5.4,-9.000000000000075,-0.383,-6.6666666666667185,3.4976182372198754,-0.6671206447013596,-0.04299999999999998,0,0,0,0,0
2024-01-16,5.32,5.4,-8.000000000000007,-0.383,-6.619047619047669,3.470968027455564,-0.3978579952419389,-0.04299999999999998,0,0,0,0,0
2024-01-17,5.32,5.4,-8.000000000000007,-0.383,-6.571428571428617,3.4434202266268006,-0.41486990682250496,-0.03400000000000003,0,0,0,0,0
2024-01-18,5.31,5.4,-9.000000000000075,-0.383,-6.619047619047669,3.470968027455564,-0.6859620607619921,-0.03400000000000003,0,0,0,0,0
2024-01-19,5.31,5.4,-9.000000000000075,-0.39,-6.666666666666719,3.4976182372198754,-0.6671206447013593,-0.041000000000000036,0,0,0,0,0
2024-01-22,5.31,5.4,-9.000000000000075,-0.39,-6.666666666666719,3.4976182372198754,-0.6671206447013593,-0.041000000000000036,0,0,0,0,0
2024-01-23,5.31,5.4,-9.000000000000075,-0.39,-6.6666666666667185,3.4976182372198754,-0.6671206447013596,-0.041000000000000036,0,0,0,0,0
2024-01-24,5.31,5.4,-9.000000000000075,-0.39,-6.666666666666719,3.4976182372198754,-0.6671206447013593,-0.03200000000000003,0,0,0,0,0
2024-01-25,5.32,5.4,-8.000000000000007,-0.39,-6.666666666666719,3.4976182372198754,-0.3812117969721887,-0.03200000000000003,0,0,0,0,0
2024-01-26,5.32,5.4,-8.000000000000007,-0.396,-6.80952380952386,3.48739225810698,-0.34136572612636334,-0.038000000000000034,0,0,0,0,0
2024-01-29,5.31,5.4,-9.000000000000075,-0.396,-7.19047619047624,3.2499084236181996,-0.5567922457055724,-0.038000000000000034,0,0,0,0,0
2024-01-30,5.31,5.4,-9.000000000000075,-0.396,-7.619047619047673,2.8191521859627935,-0.48984669498457056,-0.029000000000000026,0,0,0,0,0
2024-01-31,5.32,5.4,-8.000000000000007,-0.396,-7.904761904761957,2.508082173788559,-0.03797247802857652,-0.029000000000000026,0,0,0,0,0
2024-02-01,5.32,5.4,-8.000000000000007,-0.396,-8.285714285714338,1.7361698402764172,0.16456586163761608,-0.029000000000000026,0,0,0,0,0
2024-02-02,5.32,5.4,-8.000000000000007,-0.403,-8.619047619047668,0.4976133515278712,1.2440333788210034,-0.03600000000000003,0,0,0,0,0
2024-02-05,5.31,5.4,-9.000000000000075,-0.403,-8.666666666666718,0.4830458915393922,-0.6900655593427686,-0.028000000000000025,0,0,0,0,0
2024-02-06,5.31,5.4,-9.000000000000075,-0.403,-8.66666666666672,0.4830458915393922,-0.6900655593427649,-0.028000000000000025,0,0,0,0,0
2024-02-07,5.31,5.4,-9.000000000000075,-0.403,-8.666666666666718,0.4830458915393922,-0.6900655593427686,-0.028000000000000025,0,0,0,0,0
2024-02-08,5.31,5.4,-9.000000000000075,-0.403,-8.66666666666672,0.4830458915393922,-0.6900655593427649,-0.028000000000000025,0,0,0,0,0
2024-02-09,5.31,5.4,-9.000000000000075,-0.41,-8.66666666666672,0.4830458915393922,-0.6900655593427649,-0.034999999999999976,0,0,0,0,0
2024-02-12,5.31,5.4,-9.000000000000075,-0.41,-8.666666666666718,0.4830458915393922,-0.6900655593427686,-0.02699999999999997,0,0,0,0,0
2024-02-13,5.31,5.4,-9.000000000000075,-0.41,-8.66666666666672,0.4830458915393922,-0.6900655593427649,-0.02699999999999997,0,0,0,0,0
2024-02-14,5.3,5.4,-10.000000000000053,-0.41,-8.761904761904816,0.5389584311205675,-2.2971998703519114,-0.02699999999999997,0,0,0,0,0
2024-02-15,5.31,5.4,-9.000000000000075,-0.41,-8.809523809523867,0.5117663157189158,-0.3721936841595986,-0.02699999999999997,0,0,0,0,0
2024-02-16,5.3,5.4,-10.000000000000053,-0.419,-8.857142857142914,0.5732115042208945,-1.9937791451176528,-0.02899999999999997,0,0,0,0,0
2024-02-20,5.3,5.4,-10.000000000000053,-0.419,-8.90476190476196,0.6248809410407264,-1.7527148346275314,-0.02899999999999997,0,0,0,0,0
2024-02-21,5.3,5.4,-10.000000000000053,-0.419,-8.952380952381006,0.6690433824639493,-1.5658462142781857,-0.02899999999999997,0,0,0,0,0
2024-02-22,5.3,5.4,-10.000000000000053,-0.419,-9.000000000000053,0.7071067811863752,-1.4142135623734398,-0.02899999999999997,0,0,0,0,0
2024-02-23,5.31,5.4,-9.000000000000075,-0.427,-9.000000000000053,0.7071067811863752,-3.014577520673583e-14,-0.03699999999999998,0,0,0,0,0
2024-02-26,5.31,5.4,-9.000000000000075,-0.427,-9.047619047619104,0.6690433824639481,0.07117482792170905,-0.030999999999999972,0,0,0,0,0
2024-02-27,5.31,5.4,-9.000000000000075,-0.427,-9.095238095238155,0.6248809410407231,0.15240998561976318,-0.030999999999999972,0,0,0,0,0
2024-02-28,5.31,5.4,-9.000000000000075,-0.427,-9.095238095238155,0.6248809410407231,0.15240998561976318,-0.030999999999999972,0,0,0,0,0
2024-02-29,5.32,5.4,-8.000000000000007,-0.427,-9.047619047619104,0.6690433824639481,1.565846214278263,-0.030999999999999972,0,0,0,0,0
2024-03-01,5.31,5.4,-9.000000000000075,-0.434,-9.095238095238155,0.6248809410407231,0.15240998561976318,-0.03799999999999998,0,0,0,0,0
2024-03-04,5.31,5.4,-9.000000000000075,-0.434,-9.142857142857206,0.5732115042208882,0.24922239313969075,-0.030999999999999972,0,0,0,0,0
2024-03-05,5.31,5.4,-9.000000000000075,-0.434,-9.190476190476257,0.5117663157189046,0.3721936841595581,-0.030999999999999972,0,0,0,0,0
2024-03-06,5.31,5.4,-9.000000000000075,-0.434,-9.190476190476257,0.5117663157189046,0.3721936841595581,-0.030999999999999972,0,0,0,0,0
2024-03-07,5.31,5.4,-9.000000000000075,-0.434,-9.190476190476257,0.5117663157189046,0.3721936841595581,-0.030999999999999972,0,0,0,0,0
2024-03-08,5.31,5.4,-9.000000000000075,-0.438,-9.190476190476257,0.5117663157189046,0.3721936841595581,-0.034999999999999976,0,0,0,0,0
2024-03-11,5.31,5.4,-9.000000000000075,-0.438,-9.190476190476257,0.5117663157189046,0.3721936841595581,-0.028000000000000025,0,0,0,0,0
2024-03-12,5.31,5.4,-9.000000000000075,-0.438,-9.190476190476257,0.5117663157189046,0.3721936841595581,-0.028000000000000025,0,0,0,0,0
2024-03-13,5.31,5.4,-9.000000000000075,-0.438,-9.190476190476257,0.5117663157189046,0.3721936841595581,-0.028000000000000025,0,0,0,0,0
2024-03-14,5.31,5.4,-9.000000000000075,-0.438,-9.190476190476257,0.5117663157189046,0.3721936841595581,-0.028000000000000025,0,0,0,0,0
2024-03-15,5.31,5.4,-9.000000000000075,-0.439,-9.14285714285721,0.4780914437334844,0.29880715233375316,-0.029000000000000026,0,0,0,0,0
2024-03-18,5.31,5.4,-9.000000000000075,-0.439,-9.14285714285721,0.4780914437334844,0.29880715233375316,-0.020000000000000018,0,0,0,0,0
2024-03-19,5.31,5.4,-9.000000000000075,-0.439,-9.095238095238164,0.43643578047168496,0.2182178902361293,-0.020000000000000018,0,0,0,0,0
2024-03-20,5.31,5.4,-9.000000000000075,-0.439,-9.047619047619119,0.38421224293193157,0.12393943320405919,-0.020000000000000018,0,0,0,0,0
2024-03-21,5.31,5.4,-9.000000000000075,-0.439,-9.000000000000071,0.31622776601642333,-1.1234667099460174e-14,-0.020000000000000018,0,0,0,0,0
2024-03-22,5.31,5.4,-9.000000000000075,-0.437,-8.952380952381024,0.21821789023539173,-0.21821789023660854,-0.010000000000000009,0,0,0,0,0
2024-03-25,5.31,5.4,-9.000000000000075,-0.437,-8.952380952381024,0.21821789023539173,-0.21821789023660854,-0.010000000000000009,0,0,0,0,0
2024-03-26,5.32,5.4,-8.000000000000007,-0.437,-8.904761904761974,0.30079260375869005,3.007926037595691,-0.010000000000000009,0,1,0,0,1
2024-03-27,5.33,5.4,-7.000000000000028,-0.437,-8.809523809523876,0.51176631571891,3.535839999515984,-0.010000000000000009,0,1,0,0,1
2024-03-28,5.34,5.4,-6.00000000000005,-0.437,-8.666666666666732,0.7958224257540603,3.350831266334262,-0.010000000000000009,0,1,0,0,1
2024-04-01,5.35,5.4,-5.000000000000071,-0.437,-8.523809523809593,1.1233453440080188,3.1368888851551318,-0.0030000000000000027,0,1,0,0,1
2024-04-02,5.34,5.4,-6.00000000000005,-0.437,-8.380952380952449,1.2440333788201898,1.9138975058775634,-0.0030000000000000027,0,0,0,0,0
2024-04-03,5.32,5.4,-8.000000000000007,-0.437,-8.333333333333396,1.2382783747336714,0.26919095102915147,-0.0030000000000000027,0,0,0,0,0
2024-04-04,5.32,5.4,-8.000000000000007,-0.437,-8.285714285714347,1.2305631695632056,0.2321817301063508,-0.0030000000000000027,0,0,0,0,0
2024-04-05,5.32,5.4,-8.000000000000007,-0.427,-8.238095238095294,1.2208506012104499,0.19502405770142567,0.007000000000000006,0,0,0,0,0
2024-04-08,5.31,5.4,-9.000000000000075,-0.427,-8.238095238095294,1.2208506012104499,-0.6240769846444493,0.01100000000000001,0,0,0,0,0
2024-04-09,5.31,5.4,-9.000000000000075,-0.427,-8.238095238095296,1.2208506012104499,-0.6240769846444477,0.01100000000000001,0,0,0,0,0
2024-04-10,5.31,5.4,-9.000000000000075,-0.427,-8.238095238095294,1.2208506012104499,-0.6240769846444493,0.01100000000000001,0,0,0,0,0
2024-04-11,5.31,5.4,-9.000000000000075,-0.427,-8.238095238095296,1.2208506012104499,-0.6240769846444477,0.01100000000000001,0,0,0,0,0
2024-04-12,5.31,5.4,-9.000000000000075,-0.421,-8.238095238095294,1.2208506012104499,-0.6240769846444493,0.017000000000000015,0,0,0,0,0
2024-04-15,5.32,5.4,-8.000000000000007,-0.421,-8.190476190476245,1.209092536534936,0.15753648684501168,0.018000000000000016,0,0,0,0,0
2024-04-16,5.31,5.4,-9.000000000000075,-0.421,-8.190476190476245,1.209092536534936,-0.6695300690911501,0.018000000000000016,0,0,0,0,0
2024-04-17,5.31,5.4,-9.000000000000075,-0.421,-8.190476190476245,1.209092536534936,-0.6695300690911501,0.018000000000000016,0,0,0,0,0
2024-04-18,5.3,5.4,-10.000000000000053,-0.421,-8.23809523809529,1.2611408289623784,-1.3970721757968894,0.018000000000000016,0,0,0,0,0
2024-04-19,5.31,5.4,-9.000000000000075,-0.416,-8.238095238095292,1.2611408289623784,-0.6041393192635356,0.02300000000000002,0,0,0,0,0
2024-04-22,5.31,5.4,-9.000000000000075,-0.416,-8.23809523809529,1.2611408289623784,-0.604139319263537,0.02100000000000002,0,0,0,0,0
2024-04-23,5.31,5.4,-9.000000000000075,-0.416,-8.23809523809529,1.2611408289623784,-0.604139319263537,0.02100000000000002,0,0,0,0,0
2024-04-24,5.31,5.4,-9.000000000000075,-0.416,-8.23809523809529,1.2611408289623784,-0.604139319263537,0.02100000000000002,0,0,0,0,0
2024-04-25,5.31,5.4,-9.000000000000075,-0.416,-8.285714285714343,1.2705454396775588,-0.5621882476450459,0.02100000000000002,0,0,0,0,0
2024-04-26,5.32,5.4,-8.000000000000007,-0.414,-8.333333333333389,1.2382783747336705,0.2691909510291459,0.02300000000000002,0,0,0,0,0
2024-04-29,5.32,5.4,-8.000000000000007,-0.414,-8.428571428571482,1.1212238211626568,0.3822353935783013,0.02300000000000002,0,0,0,0,0
2024-04-30,5.34,5.4,-6.00000000000005,-0.414,-8.476190476190528,0.9807674351774243,2.5247478529326646,0.02300000000000002,0,1,0,0,1
2024-05-01,5.32,5.4,-8.000000000000007,-0.414,-8.571428571428623,0.8106434833776218,0.7049073768504313,0.02300000000000002,0,0,0,0,0
2024-05-02,5.31,5.4,-9.000000000000075,-0.414,-8.619047619047672,0.8047478161627999,-0.47338106833127,0.02300000000000002,0,0,0,0,0
2024-05-03,5.31,5.4,-9.000000000000075,-0.413,-8.666666666666723,0.7958224257540629,-0.418853908291802,0.014000000000000012,0,0,0,0,0
2024-05-06,5.31,5.4,-9.000000000000075,-0.413,-8.714285714285774,0.7837638128195643,-0.36454130828833886,0.014000000000000012,0,0,0,0,0
2024-05-07,5.31,5.4,-9.000000000000075,-0.413,-8.714285714285774,0.7837638128195643,-0.36454130828833886,0.014000000000000012,0,0,0,0,0
2024-05-08,5.31,5.4,-9.000000000000075,-0.413,-8.714285714285776,0.7837638128195643,-0.3645413082883366,0.014000000000000012,0,0,0,0,0
2024-05-09,5.31,5.4,-9.000000000000075,-0.413,-8.714285714285774,0.7837638128195643,-0.36454130828833886,0.014000000000000012,0,0,0,0,0
2024-05-10,5.31,5.4,-9.000000000000075,-0.414,-8.714285714285774,0.7837638128195643,-0.36454130828833886,0.007000000000000006,0,0,0,0,0
2024-05-13,5.31,5.4,-9.000000000000075,-0.414,-8.714285714285774,0.7837638128195643,-0.36454130828833886,0.007000000000000006,0,0,0,0,0
2024-05-14,5.31,5.4,-9.000000000000075,-0.414,-8.761904761904825,0.7684244858643794,-0.30984858300997914,0.007000000000000006,0,0,0,0,0
2024-05-15,5.31,5.4,-9.000000000000075,-0.414,-8.761904761904825,0.7684244858643794,-0.30984858300997914,0.007000000000000006,0,0,0,0,0
2024-05-16,5.31,5.4,-9.000000000000075,-0.414,-8.761904761904825,0.7684244858643794,-0.30984858300997914,0.007000000000000006,0,0,0,0,0
2024-05-17,5.31,5.4,-9.000000000000075,-0.414,-8.714285714285777,0.7171371656004581,-0.3984095364449127,0.0020000000000000018,0,0,0,0,0
2024-05-20,5.31,5.4,-9.000000000000075,-0.414,-8.71428571428578,0.7171371656004581,-0.39840953644491023,0.0020000000000000018,0,0,0,0,0
2024-05-21,5.31,5.4,-9.000000000000075,-0.414,-8.714285714285777,0.7171371656004581,-0.3984095364449127,0.0020000000000000018,0,0,0,0,0
2024-05-22,5.31,5.4,-9.000000000000075,-0.414,-8.714285714285777,0.7171371656004581,-0.3984095364449127,0.0020000000000000018,0,0,0,0,0
2024-05-23,5.31,5.4,-9.000000000000075,-0.414,-8.71428571428578,0.7171371656004581,-0.39840953644491023,0.0020000000000000018,0,0,0,0,0
2024-05-24,5.32,5.4,-8.000000000000007,-0.413,-8.666666666666728,0.7302967433400473,0.9128709291755691,0.0010000000000000009,0,0,0,0,0
2024-05-28,5.32,5.4,-8.000000000000007,-0.413,-8.666666666666728,0.7302967433400473,0.9128709291755691,0.0010000000000000009,0,0,0,0,0
2024-05-29,5.33,5.4,-7.000000000000028,-0.413,-8.61904761904768,0.8047478161627982,2.011869540407828,0.0010000000000000009,0,0,0,0,0
2024-05-30,5.33,5.4,-7.000000000000028,-0.413,-8.666666666666728,0.6582805886041933,2.531848417709948,0.0010000000000000009,0,1,0,0,1
2024-05-31,5.34,5.4,-6.00000000000005,-0.409,-8.571428571428635,0.8701395618764854,2.9551909648645474,0.0050000000000000044,0,1,0,0,1
2024-06-03,5.35,5.4,-5.000000000000071,-0.409,-8.380952380952444,1.160869952931326,2.912429917248776,0.0040000000000000036,0,1,0,0,1
2024-06-04,5.33,5.4,-7.000000000000028,-0.409,-8.285714285714347,1.1892374507580243,1.0811249552348015,0.0040000000000000036,0,0,0,0,0
2024-06-05,5.33,5.4,-7.000000000000028,-0.409,-8.190476190476248,1.2090925365349374,0.9846030427811019,0.0040000000000000036,0,0,0,0,0
2024-06-06,5.33,5.4,-7.000000000000028,-0.409,-8.09523809523815,1.2208506012104485,0.8971106654263964,0.0040000000000000036,0,0,0,0,0
2024-06-07,5.33,5.4,-7.000000000000028,-0.403,-8.000000000000053,1.2247448713914741,0.816496580927823,0.009999999999999953,0,0,0,0,0
2024-06-10,5.32,5.4,-8.000000000000007,-0.403,-7.952380952381004,1.2031704150363576,-0.03957797417879834,0.010999999999999954,0,0,0,0,0
2024-06-11,5.32,5.4,-8.000000000000007,-0.403,-7.904761904761952,1.1791845447070182,-0.08076606470594297,0.010999999999999954,0,0,0,0,0
2024-06-12,5.31,5.4,-9.000000000000075,-0.403,-7.904761904761952,1.1791845447070182,-0.9288097441187603,0.010999999999999954,0,0,0,0,0
2024-06-13,5.31,5.4,-9.000000000000075,-0.403,-7.904761904761952,1.1791845447070182,-0.9288097441187603,0.010999999999999954,0,0,0,0,0
2024-06-14,5.31,5.4,-9.000000000000075,-0.396,-7.904761904761952,1.1791845447070182,-0.9288097441187603,0.01799999999999996,0,0,0,0,0
2024-06-17,5.33,5.4,-7.000000000000028,-0.396,-7.8095238095238555,1.167006753152895,0.6936753427833572,0.01799999999999996,0,0,0,0,0
2024-06-18,5.33,5.4,-7.000000000000028,-0.396,-7.714285714285758,1.1464230084420872,0.6230559828491199,0.01799999999999996,0,0,0,0,0
2024-06-20,5.32,5.4,-8.000000000000007,-0.396,-7.666666666666707,1.1105554165970362,-0.3001501125938408,0.01799999999999996,0,0,0,0,0
2024-06-21,5.31,5.4,-9.000000000000075,-0.387,-7.666666666666707,1.1105554165970362,-1.2006004503755134,0.02699999999999997,0,0,0,0,0
2024-06-24,5.31,5.4,-9.000000000000075,-0.387,-7.666666666666706,1.1105554165970362,-1.2006004503755143,0.02699999999999997,0,0,0,0,0
2024-06-25,5.33,5.4,-7.000000000000028,-0.387,-7.571428571428609,1.0757057484008026,0.5312127152598143,0.025999999999999968,0,0,0,0,0
2024-06-26,5.34,5.4,-6.00000000000005,-0.387,-7.476190476190517,1.1233453440079901,1.314102100537987,0.025999999999999968,0,0,0,0,0
2024-06-27,5.34,5.4,-6.00000000000005,-0.387,-7.380952380952423,1.1608699529312962,1.1895840507072735,0.025999999999999968,0,0,0,0,0
2024-06-28,5.33,5.4,-7.000000000000028,-0.38,-7.380952380952423,1.1608699529312962,0.3281611174365029,0.032999999999999974,0,0,0,0,0
2024-07-01,5.4,5.4,0.0,-0.38,-7.047619047619088,1.9868616075657408,3.547111193241927,0.02899999999999997,1,1,0,0,1
2024-07-02,5.35,5.4,-5.000000000000071,-0.38,-7.000000000000041,2.024845673131576,0.9877295966496151,0.02899999999999997,0,0,0,0,0
2024-07-03,5.33,5.4,-7.000000000000028,-0.38,-7.095238095238135,1.972429007715073,0.048284675831468025,0.02899999999999997,0,0,0,0,0
2024-07-05,5.32,5.4,-8.000000000000007,-0.375,-7.1428571428571805,1.982062417930148,-0.4324499820938707,0.033999999999999975,0,0,0,0,0
2024-07-08,5.32,5.4,-8.000000000000007,-0.375,-7.190476190476228,1.9904534061123957,-0.406703219998945,0.033999999999999975,0,0,0,0,0
2024-07-09,5.34,5.4,-6.00000000000005,-0.375,-7.1428571428571805,2.007130147392316,0.569398623373747,0.028000000000000025,0,0,0,0,0
2024-07-10,5.34,5.4,-6.00000000000005,-0.375,-7.095238095238135,2.022492568707203,0.5415288600729802,0.028000000000000025,0,0,0,0,0
2024-07-11,5.34,5.4,-6.00000000000005,-0.375,-7.000000000000042,2.024845673131576,0.49386479832481106,0.028000000000000025,0,0,0,0,0
2024-07-12,5.34,5.4,-6.00000000000005,-0.369,-6.904761904761948,2.022492568707201,0.4473499278863761,0.03400000000000003,0,0,0,0,0
2024-07-15,5.34,5.4,-6.00000000000005,-0.369,-6.761904761904804,1.9724290077150655,0.38627740665169613,0.03400000000000003,0,0,0,0,0
2024-07-16,5.35,5.4,-5.000000000000071,-0.369,-6.571428571428614,1.9383350734954161,0.8107104870133585,0.027000000000000024,0,0,0,0,0
2024-07-17,5.35,5.4,-5.000000000000071,-0.369,-6.380952380952423,1.8835124230061897,0.7331793324454298,0.027000000000000024,0,0,0,0,0
2024-07-18,5.34,5.4,-6.00000000000005,-0.369,-6.333333333333377,1.879716290649451,0.1773317255329838,0.027000000000000024,0,0,0,0,0
2024-07-19,5.34,5.4,-6.00000000000005,-0.364,-6.285714285714329,1.8746428231226635,0.1524099856197429,0.03200000000000003,0,0,0,0,0
2024-07-22,5.33,5.4,-7.000000000000028,-0.364,-6.2380952380952825,1.841324574993716,-0.4137808033694147,0.02300000000000002,0,0,0,0,0
2024-07-23,5.34,5.4,-6.00000000000005,-0.364,-6.095238095238138,1.729299335128471,0.055073227233394716,0.02300000000000002,0,0,0,0,0
2024-07-24,5.34,5.4,-6.00000000000005,-0.364,-5.952380952380995,1.5961262630564697,-0.029834135758074316,0.02300000000000002,0,0,0,0,0
2024-07-25,5.35,5.4,-5.000000000000071,-0.364,-5.857142857142902,1.5901482410677896,0.5390333020569559,0.02300000000000002,0,0,0,0,0
2024-07-26,5.35,5.4,-5.000000000000071,-0.36,-5.8095238095238555,1.600595127414898,0.505764259592141,0.027000000000000024,0,0,0,0,0
2024-07-29,5.33,5.4,-7.000000000000028,-0.36,-5.857142857142902,1.621286966755417,-0.7049073768502913,0.020000000000000018,0,0,0,0,0
2024-07-30,5.33,5.4,-7.000000000000028,-0.36,-5.857142857142902,1.621286966755417,-0.7049073768502913,0.020000000000000018,0,0,0,0,0
2024-07-31,5.38,5.4,-2.000000000000046,-0.36,-5.952380952380999,1.283596138829725,3.079146807020159,0.020000000000000018,0,1,0,0,1
2024-08-01,5.35,5.4,-5.000000000000071,-0.36,-5.952380952380999,1.283596138829725,0.7419630860289347,0.020000000000000018,0,0,0,0,0
2024-08-02,5.35,5.4,-5.000000000000071,-0.359,-5.857142857142906,1.2761549390928022,0.6716604942595478,0.016000000000000014,0,0,0,0,0
2024-08-05,5.32,5.4,-8.000000000000007,-0.359,-5.857142857142906,1.2761549390928022,-1.6791512356488811,0.016000000000000014,0,0,0,0,0
2024-08-06,5.33,5.4,-7.000000000000028,-0.359,-5.80952380952386,1.2090925365348555,-0.984603042781126,0.016000000000000014,0,0,0,0,0
2024-08-07,5.33,5.4,-7.000000000000028,-0.359,-5.857142857142906,1.2363540870523129,-0.9243768875160163,0.016000000000000014,0,0,0,0,0
2024-08-08,5.34,5.4,-6.00000000000005,-0.359,-5.857142857142906,1.2363540870523129,-0.1155471109395051,0.016000000000000014,0,0,0,0,0
2024-08-09,5.34,5.4,-6.00000000000005,-0.36,-5.857142857142906,1.2363540870523129,-0.1155471109395051,0.009000000000000008,0,0,0,0,0
2024-08-12,5.34,5.4,-6.00000000000005,-0.36,-5.857142857142906,1.2363540870523129,-0.1155471109395051,0.009000000000000008,0,0,0,0,0
2024-08-13,5.34,5.4,-6.00000000000005,-0.36,-5.857142857142906,1.2363540870523129,-0.1155471109395051,0.009000000000000008,0,0,0,0,0
2024-08-14,5.33,5.4,-7.000000000000028,-0.36,-5.952380952381,1.2440333788201114,-0.8421149025861593,0.009000000000000008,0,0,0,0,0
2024-08-15,5.35,5.4,-5.000000000000071,-0.36,-5.952380952381,1.2440333788201114,0.7655590023510486,0.009000000000000008,0,0,0,0,0
2024-08-16,5.32,5.4,-8.000000000000007,-0.368,-6.047619047619092,1.3219754338181102,-1.4768662884620154,-0.0040000000000000036,0,0,0,0,0
2024-08-19,5.32,5.4,-8.000000000000007,-0.368,-6.142857142857186,1.3887301496586586,-1.3372956996715997,-0.0040000000000000036,0,0,0,0,0
2024-08-20,5.32,5.4,-8.000000000000007,-0.368,-6.190476190476232,1.435933411375434,-1.2601725088285887,-0.0040000000000000036,0,0,0,0,0
2024-08-21,5.31,5.4,-9.000000000000075,-0.368,-6.333333333333377,1.559914527572867,-1.709495372682932,-0.0040000000000000036,0,0,0,0,0
2024-08-22,5.31,5.4,-9.000000000000075,-0.368,-6.476190476190521,1.661897939677502,-1.5186308759124578,-0.0040000000000000036,0,0,0,0,0
2024-08-23,5.33,5.4,-7.000000000000028,-0.379,-6.571428571428614,1.6300744943536878,-0.26291524102482194,-0.019000000000000017,0,0,0,0,0
2024-08-26,5.34,5.4,-6.00000000000005,-0.379,-6.6190476190476595,1.596126263056475,0.3878437648549025,-0.019000000000000017,0,0,0,0,0
2024-08-27,5.35,5.4,-5.000000000000071,-0.379,-6.523809523809567,1.63153448075863,0.9339732269102619,-0.019000000000000017,0,0,0,0,0
2024-08-28,5.35,5.4,-5.000000000000071,-0.379,-6.428571428571475,1.6604646509764724,0.8603443787444083,-0.019000000000000017,0,0,0,0,0
2024-08-29,5.33,5.4,-7.000000000000028,-0.379,-6.66666666666671,1.3165611772086054,-0.25318484177093664,-0.019000000000000017,0,0,0,0,0
2024-08-30,5.32,5.4,-8.000000000000007,-0.391,-6.809523809523851,1.2891488517251786,-0.92345906284059,-0.03200000000000003,0,0,0,0,0
2024-09-03,5.34,5.4,-6.00000000000005,-0.391,-6.857142857142898,1.2363540870523382,0.6932826656370027,-0.03200000000000003,0,0,0,0,0
2024-09-04,5.35,5.4,-5.000000000000071,-0.391,-6.714285714285758,1.270545439677502,1.349251794348117,-0.03200000000000003,0,0,0,0,0
2024-09-05,5.35,5.4,-5.000000000000071,-0.391,-6.619047619047665,1.3219754338181253,1.2247183855538566,-0.03200000000000003,0,0,0,0,0
2024-09-06,5.34,5.4,-6.00000000000005,-0.402,-6.571428571428617,1.3255726525326434,0.4310805374090921,-0.04300000000000004,0,0,0,0,0
2024-09-09,5.34,5.4,-6.00000000000005,-0.402,-6.571428571428617,1.3255726525326434,0.4310805374090921,-0.04200000000000004,0,0,0,0,0
2024-09-10,5.33,5.4,-7.000000000000028,-0.402,-6.619047619047664,1.3219754338181253,-0.28816903189501714,-0.04200000000000004,0,0,0,0,0
2024-09-11,5.32,5.4,-8.000000000000007,-0.402,-6.714285714285758,1.3469542361510611,-0.9545344980600039,-0.04200000000000004,0,0,0,0,0
2024-09-12,5.33,5.4,-7.000000000000028,-0.402,-6.761904761904804,1.3380867649281072,-0.17793706980430168,-0.04200000000000004,0,0,0,0,0
2024-09-13,5.33,5.4,-7.000000000000028,-0.412,-6.761904761904804,1.3380867649281072,-0.17793706980430168,-0.05199999999999999,0,0,0,0,0
2024-09-16,5.38,5.4,-2.000000000000046,-0.412,-6.6190476190476595,1.6575943555703305,2.7865970968864286,-0.043999999999999984,0,1,0,0,1
2024-09-17,5.38,5.4,-2.000000000000046,-0.412,-6.333333333333377,1.906130460732657,2.273366604543811,-0.043999999999999984,0,0,0,0,0
2024-09-18,5.33,5.4,-7.000000000000028,-0.412,-6.285714285714329,1.8746428231226542,-0.3810249640493596,-0.043999999999999984,0,0,0,0,0
2024-09-19,4.82,4.9,-8.000000000000007,-0.412,-6.28571428571433,1.8746428231226542,-0.9144599137184624,-0.043999999999999984,0,0,0,0,0
2024-09-20,4.83,4.9,-7.000000000000028,-0.42,-6.190476190476232,1.7781745588958096,-0.4552555346571176,-0.05199999999999999,0,0,0,0,0
2024-09-23,4.83,4.9,-7.000000000000028,-0.42,-6.095238095238135,1.67047184665762,-0.5416205646160367,-0.04099999999999998,0,0,0,0,0
2024-09-24,4.84,4.9,-6.00000000000005,-0.42,-6.047619047619088,1.657594355570317,0.02872780512253531,-0.04099999999999998,0,0,0,0,0
2024-09-25,4.84,4.9,-6.00000000000005,-0.42,-6.047619047619088,1.657594355570317,0.02872780512253531,-0.04099999999999998,0,0,0,0,0
2024-09-26,4.83,4.9,-7.000000000000028,-0.42,-6.142857142857182,1.651838802235546,-0.5189022415400439,-0.04099999999999998,0,0,0,0,0
2024-09-27,4.84,4.9,-6.00000000000005,-0.427,-6.190476190476228,1.631534480758621,0.116746653363778,-0.04799999999999999,0,0,0,0,0
2024-09-30,4.96,4.9,5.999999999999961,-0.427,-5.571428571428609,3.1075943842693436,3.7235968213880137,-0.035999999999999976,1,1,0,0,1
2024-10-01,5.05,4.9,14.999999999999947,-0.427,-4.476190476190517,5.409427396860427,3.600416282043869,-0.035999999999999976,1,1,0,0,1
2024-10-02,4.92,4.9,1.9999999999999574,-0.427,-4.095238095238135,5.575883444843121,1.093143024873538,-0.035999999999999976,1,0,0,0,0
2024-10-03,4.85,4.9,-5.000000000000071,-0.427,-4.095238095238136,5.575883444843121,-0.16226341775467135,-0.035999999999999976,0,0,0,0,0
2024-10-04,4.83,4.9,-7.000000000000028,-0.432,-4.190476190476228,5.609091259901568,-0.5008875198035383,-0.02999999999999997,0,0,0,0,0
2024-10-07,4.83,4.9,-7.000000000000028,-0.432,-4.2380952380952746,5.629429472910695,-0.4906189473010152,-0.02999999999999997,0,0,0,0,0
2024-10-08,4.84,4.9,-6.00000000000005,-0.432,-4.2380952380952746,5.629429472910695,-0.31298105258858194,-0.02999999999999997,0,0,0,0,0
2024-10-09,4.83,4.9,-7.000000000000028,-0.432,-4.2380952380952746,5.629429472910695,-0.4906189473010152,-0.02999999999999997,0,0,0,0,0
2024-10-10,4.82,4.9,-8.000000000000007,-0.432,-4.2380952380952746,5.629429472910695,-0.6682568420134485,-0.02999999999999997,0,0,0,0,0
2024-10-11,4.81,4.9,-9.000000000000075,-0.435,-4.333333333333373,5.695027070465316,-0.819428355462656,-0.02300000000000002,0,0,0,0,0
2024-10-15,4.86,4.9,-4.0000000000000036,-0.435,-4.190476190476228,5.662323265401241,0.033639229261264544,-0.02300000000000002,0,0,0,0,0
2024-10-16,4.86,4.9,-4.0000000000000036,-0.435,-4.285714285714322,5.640415384906074,0.050654830578417805,-0.02300000000000002,0,0,0,0,0
2024-10-17,4.85,4.9,-5.000000000000071,-0.435,-4.428571428571466,5.6175744638716,-0.10172158377314676,-0.02300000000000002,0,0,0,0,0
2024-10-18,4.84,4.9,-6.00000000000005,-0.44,-4.380952380952419,5.598894448694177,-0.2891727347039449,-0.028000000000000025,0,0,0,0,0
2024-10-21,4.82,4.9,-8.000000000000007,-0.44,-4.380952380952419,5.598894448694177,-0.6463861128676313,-0.020000000000000018,0,0,0,0,0
2024-10-22,4.83,4.9,-7.000000000000028,-0.44,-4.380952380952419,5.598894448694177,-0.4677794237857881,-0.020000000000000018,0,0,0,0,0
2024-10-23,4.83,4.9,-7.000000000000028,-0.44,-4.380952380952419,5.598894448694177,-0.4677794237857881,-0.020000000000000018,0,0,0,0,0
2024-10-24,4.83,4.9,-7.000000000000028,-0.44,-4.428571428571465,5.6175744638716,-0.4577471269791321,-0.020000000000000018,0,0,0,0,0
2024-10-25,4.83,4.9,-7.000000000000028,-0.445,-4.476190476190512,5.63577011258481,-0.4478198140434773,-0.025000000000000022,0,0,0,0,0
2024-10-28,4.82,4.9,-8.000000000000007,-0.445,-4.523809523809559,5.662323265401242,-0.6139159340179634,-0.018000000000000016,0,0,0,0,0
2024-10-29,4.82,4.9,-8.000000000000007,-0.445,-4.6190476190476515,5.705052063532678,-0.5926242816544613,-0.018000000000000016,0,0,0,0,0
2024-10-30,4.81,4.9,-9.000000000000075,-0.445,-5.333333333333369,5.228129047119325,-0.7013343843696862,-0.018000000000000016,0,0,0,0,0
2024-10-31,4.9,4.9,0.0,-0.445,-6.04761904761908,2.7472930399974875,2.2013010478214623,-0.018000000000000016,1,0,0,0,0
2024-11-01,4.86,4.9,-4.0000000000000036,-0.452,-6.333333333333363,2.105548226313744,1.1081832770073412,-0.025000000000000022,0,0,0,0,0
2024-11-04,4.82,4.9,-8.000000000000007,-0.452,-6.476190476190503,2.1123221255065223,-0.7213906938763441,-0.020000000000000018,0,0,0,0,0
2024-11-05,4.82,4.9,-8.000000000000007,-0.452,-6.5238095238095495,2.135861597085446,-0.6911451932114129,-0.020000000000000018,0,0,0,0,0
2024-11-06,4.81,4.9,-9.000000000000075,-0.452,-6.619047619047647,2.2017309208026976,-1.0814002557971027,-0.020000000000000018,0,0,0,0,0
2024-11-07,4.82,4.9,-8.000000000000007,-0.452,-6.71428571428574,2.2168188275737295,-0.5799816700047876,-0.020000000000000018,0,0,0,0,0
2024-11-08,4.6,4.65,-5.000000000000071,-0.46,-6.619047619047647,2.2466906880161956,0.7206366357788121,-0.028000000000000025,0,0,0,0,0
2024-11-12,4.6,4.65,-5.000000000000071,-0.46,-6.476190476190507,2.2498677209792555,0.6561232300127956,-0.025000000000000022,0,0,0,0,0
2024-11-13,4.59,4.65,-6.00000000000005,-0.46,-6.333333333333363,2.175622516277339,0.15321285325897116,-0.025000000000000022,0,0,0,0,0
2024-11-14,4.58,4.65,-7.000000000000028,-0.46,-6.476190476190508,2.112322125506517,-0.2479780510199954,-0.025000000000000022,0,0,0,0,0
2024-11-15,4.57,4.65,-8.000000000000007,-0.468,-6.666666666666699,2.0575065816013667,-0.6480335690083522,-0.03300000000000003,0,0,0,0,0
2024-11-18,4.57,4.65,-8.000000000000007,-0.468,-6.809523809523838,2.0400746951776996,-0.5835453933575082,-0.028000000000000025,0,0,0,0,0
2024-11-19,4.57,4.65,-8.000000000000007,-0.468,-6.904761904761931,2.0470652628765444,-0.5350284209791354,-0.028000000000000025,0,0,0,0,0
2024-11-20,4.56,4.65,-9.000000000000075,-0.468,-6.952380952380982,2.085094493690559,-0.982026979503871,-0.028000000000000025,0,0,0,0,0
2024-11-21,4.57,4.65,-8.000000000000007,-0.468,-7.000000000000028,2.0976176963402176,-0.47673129462280545,-0.028000000000000025,0,0,0,0,0
2024-11-22,4.57,4.65,-8.000000000000007,-0.473,-7.047619047619075,2.1089378956286713,-0.4515926971367873,-0.032999999999999974,0,0,0,0,0
2024-11-25,4.58,4.65,-7.000000000000028,-0.473,-7.047619047619075,2.1089378956286713,0.022579634856839344,-0.02799999999999997,0,0,0,0,0
2024-11-26,4.58,4.65,-7.000000000000028,-0.473,-7.047619047619075,2.1089378956286713,0.022579634856839344,-0.02799999999999997,0,0,0,0,0
2024-11-27,4.57,4.65,-8.000000000000007,-0.473,-7.047619047619076,2.1089378956286713,-0.4515926971367869,-0.02799999999999997,0,0,0,0,0
2024-11-29,4.59,4.65,-6.00000000000005,-0.477,-6.952380952380982,2.1089378956286704,0.4515926971367875,-0.03199999999999997,0,0,0,0,0
2024-12-02,4.64,4.65,-1.0000000000000675,-0.477,-6.571428571428601,2.4201534780138303,2.302097210793792,-0.03199999999999997,0,0,0,0,0
2024-12-03,4.64,4.65,-1.0000000000000675,-0.477,-6.6190476190476515,2.2907682221513794,2.452909711559751,-0.024999999999999967,0,0,0,0,0
2024-12-04,4.59,4.65,-6.00000000000005,-0.477,-6.714285714285749,2.2168188275737046,0.32221203889155026,-0.024999999999999967,0,0,0,0,0
2024-12-05,4.59,4.65,-6.00000000000005,-0.477,-6.619047619047657,2.2017309208026727,0.2811640665072389,-0.024999999999999967,0,0,0,0,0
2024-12-06,4.6,4.65,-5.000000000000071,-0.479,-6.476190476190515,2.204972734957122,0.6694824170781188,-0.02699999999999997,0,0,0,0,0
2024-12-09,4.63,4.65,-2.000000000000046,-0.479,-6.142857142857182,2.329929490042762,1.7781040845064806,-0.02699999999999997,0,0,0,0,0
2024-12-10,4.64,4.65,-1.0000000000000675,-0.479,-5.809523809523851,2.5420276870845115,1.8920029211168412,-0.01899999999999996,0,0,0,0,0
2024-12-11,4.62,4.65,-3.000000000000025,-0.479,-5.7142857142857535,2.610418685629795,1.0397894135633168,-0.01899999999999996,0,0,0,0,0
2024-12-12,4.62,4.65,-3.000000000000025,-0.479,-5.619047619047656,2.673503141501524,0.9796313976188901,-0.01899999999999996,0,0,0,0,0
2024-12-13,4.6,4.65,-5.000000000000071,-0.481,-5.57142857142861,2.6752836965716966,0.21359550471630706,-0.020999999999999963,0,0,0,0,0
2024-12-16,4.65,4.65,0.0,-0.481,-5.2380952380952746,2.913842169795004,1.797659218606129,-0.012999999999999956,1,0,0,0,0
2024-12-17,4.62,4.65,-3.000000000000025,-0.481,-5.000000000000038,2.880972058177494,0.6942101345006503,-0.012999999999999956,0,0,0,0,0
2024-12-18,4.57,4.65,-8.000000000000007,-0.481,-5.000000000000038,2.880972058177494,-1.0413152017509577,-0.012999999999999956,0,0,0,0,0
2024-12-19,4.3,4.4,-10.000000000000053,-0.481,-5.095238095238135,3.015041656507531,-1.6267642253551289,-0.012999999999999956,0,0,0,0,0
2024-12-20,4.3,4.4,-10.000000000000053,-0.482,-5.142857142857182,3.0868384195760736,-1.5735008435621063,-0.013999999999999957,0,0,0,0,0
2024-12-23,4.31,4.4,-9.000000000000075,-0.482,-5.190476190476232,3.1403669788584057,-1.2130823674972822,-0.009000000000000008,0,0,0,0,0
2024-12-24,4.4,4.4,0.0,-0.482,-4.809523809523851,3.2652572275250042,1.472938722554905,-0.009000000000000008,1,0,0,0,0
2024-12-26,4.53,4.4,12.99999999999999,-0.482,-3.8571428571428976,5.032749887344984,3.3494894907316435,-0.009000000000000008,1,1,0,0,1
2024-12-27,4.46,4.4,5.999999999999961,-0.485,-3.2380952380952794,5.412067644669242,1.7069437864832575,-0.01200000000000001,1,1,0,0,1
2024-12-30,4.37,4.4,-3.000000000000025,-0.485,-3.0000000000000417,5.30094331227938,3.183469239373179e-15,-0.008000000000000007,0,0,0,0,0
2024-12-31,4.49,4.4,8.999999999999986,-0.485,-2.2857142857143264,5.857839679803911,1.926600061217807,-0.008000000000000007,1,1,0,0,1
2025-01-02,4.4,4.4,0.0,-0.485,-2.2380952380952754,5.872859285771767,0.38109124179384485,-0.008000000000000007,1,0,0,0,0
2025-01-03,4.31,4.4,-9.000000000000075,-0.49,-2.6190476190476564,6.045462682675213,-1.0554944618612294,-0.013000000000000012,0,0,0,0,0
2025-01-06,4.27,4.4,-13.000000000000078,-0.49,-2.9523809523809916,6.4224309297662865,-1.5644573149165375,-0.013000000000000012,0,0,0,0,0
2025-01-07,4.27,4.4,-13.000000000000078,-0.49,-3.2857142857143256,6.761234037828107,-1.4367622330384893,-0.01100000000000001,0,0,0,0,0
2025-01-08,4.29,4.4,-11.000000000000032,-0.49,-3.5714285714286094,6.961116495013031,-1.0671522928675705,-0.01100000000000001,0,0,0,0,0
2025-01-09,4.3,4.4,-10.000000000000053,-0.49,-3.9523809523809907,7.088555497957163,-0.8531525286586124,-0.01100000000000001,0,0,0,0,0
2025-01-10,4.3,4.4,-10.000000000000053,-0.496,-4.380952380952419,7.172699564851352,-0.7833936955317163,-0.017000000000000015,0,0,0,0,0
2025-01-13,4.29,4.4,-11.000000000000032,-0.496,-4.7619047619048,7.3068786900068305,-0.8537291369879579,-0.017000000000000015,0,0,0,0,0
2025-01-14,4.28,4.4,-12.00000000000001,-0.496,-5.190476190476228,7.460690635718955,-0.9127203019144591,-0.015000000000000013,0,0,0,0,0
2025-01-15,4.28,4.4,-12.00000000000001,-0.496,-5.523809523809559,7.6067013062105,-0.851379621137872,-0.015000000000000013,0,0,0,0,0
2025-01-16,4.29,4.4,-11.000000000000032,-0.496,-6.047619047619084,7.586014701252484,-0.6528303921640554,-0.015000000000000013,0,0,0,0,0
2025-01-17,4.29,4.4,-11.000000000000032,-0.501,-6.428571428571465,7.626083061253833,-0.5994464700568002,-0.020000000000000018,0,0,0,0,0
2025-01-21,4.29,4.4,-11.000000000000032,-0.501,-6.571428571428609,7.684864530825682,-0.5762718927324546,-0.020000000000000018,0,0,0,0,0
2025-01-22,4.3,4.4,-10.000000000000053,-0.501,-6.571428571428609,7.684864530825682,-0.44614598147029005,-0.019000000000000017,0,0,0,0,0
2025-01-23,4.35,4.4,-5.000000000000071,-0.501,-6.333333333333373,7.650708028237197,0.17427580929924938,-0.019000000000000017,0,0,0,0,0
2025-01-24,4.34,4.4,-6.00000000000005,-0.506,-6.190476190476228,7.626395266566276,0.024975913759835666,-0.02400000000000002,0,0,0,0,0
2025-01-27,4.34,4.4,-6.00000000000005,-0.506,-6.476190476190517,7.494124682836849,0.06354184062096613,-0.02400000000000002,0,0,0,0,0
2025-01-28,4.35,4.4,-5.000000000000071,-0.506,-7.333333333333377,6.044281043542984,0.3860398476715392,-0.02100000000000002,0,0,0,0,0
2025-01-29,4.35,4.4,-5.000000000000071,-0.506,-7.857142857142902,5.256288750494132,0.5435665719228681,-0.02100000000000002,0,0,0,0,0
2025-01-30,4.36,4.4,-4.0000000000000036,-0.506,-7.904761904761948,5.214448790665792,0.748835027731354,-0.02100000000000002,0,0,0,0,0
2025-01-31,4.38,4.4,-2.000000000000046,-0.509,-8.428571428571473,3.789082059964206,1.6966039074466903,-0.02400000000000002,0,0,0,0,0
2025-02-03,4.35,4.4,-5.000000000000071,-0.509,-8.666666666666716,3.366501646120648,1.0891622972743498,-0.019000000000000017,0,0,0,0,0
2025-02-04,4.33,4.4,-7.000000000000028,-0.509,-8.571428571428617,3.3848401523768525,0.46425488374247853,-0.019000000000000017,0,0,0,0,0
2025-02-05,4.33,4.4,-7.000000000000028,-0.509,-8.285714285714329,3.2425739335110593,0.3965103994782716,-0.019000000000000017,0,0,0,0,0
2025-02-06,4.36,4.4,-4.0000000000000036,-0.509,-7.857142857142898,3.1825416617180475,1.2119693211056577,-0.019000000000000017,0,0,0,0,0
2025-02-07,4.35,4.4,-5.000000000000071,-0.508,-7.571428571428612,3.155494074965516,0.81490521304707,-0.018000000000000016,0,0,0,0,0
2025-02-10,4.35,4.4,-5.000000000000071,-0.508,-7.333333333333377,3.1517191076193534,0.7403367031320839,-0.01200000000000001,0,0,0,0,0
2025-02-11,4.34,4.4,-6.00000000000005,-0.508,-7.142857142857186,3.1029939459449505,0.36830788675905823,-0.01200000000000001,0,0,0,0,0
2025-02-12,4.32,4.4,-8.000000000000007,-0.508,-7.000000000000042,2.9832867780351893,-0.33520076157699175,-0.01200000000000001,0,0,0,0,0
2025-02-13,4.33,4.4,-7.000000000000028,-0.508,-6.761904761904804,2.755081884531887,-0.08642038533663376,-0.01200000000000001,0,0,0,0,0
2025-02-14,4.33,4.4,-7.000000000000028,-0.503,-6.523809523809567,2.4823184247602783,-0.1918329540000283,-0.007000000000000006,0,0,0,0,0
2025-02-18,4.37,4.4,-3.000000000000025,-0.503,-6.142857142857186,2.3724610489049143,1.3247244435510745,-0.0020000000000000018,0,0,0,0,0
2025-02-19,4.35,4.4,-5.000000000000071,-0.503,-5.857142857142902,2.1044171232365017,0.40730653998128596,-0.0020000000000000018,0,0,0,0,0
2025-02-20,4.33,4.4,-7.000000000000028,-0.503,-5.666666666666711,1.7701224063134426,-0.7532435771547532,-0.0020000000000000018,0,0,0,0,0
2025-02-21,4.34,4.4,-6.00000000000005,-0.494,-5.47619047619052,1.4703417160321295,-0.3562501955144717,0.007000000000000006,0,0,0,0,0
2025-02-24,4.34,4.4,-6.00000000000005,-0.494,-5.523809523809567,1.4703417160321308,-0.3238638141040654,0.01200000000000001,0,0,0,0,0
2025-02-25,4.33,4.4,-7.000000000000028,-0.494,-5.571428571428614,1.502379065729554,-0.9508728264112903,0.01200000000000001,0,0,0,0,0
2025-02-26,4.33,4.4,-7.000000000000028,-0.494,-5.61904761904766,1.5321941938339925,-0.9012907022554538,0.01200000000000001,0,0,0,0,0
2025-02-27,4.36,4.4,-4.0000000000000036,-0.494,-5.571428571428609,1.5675276256393098,1.0024885977927853,0.01200000000000001,0,0,0,0,0
2025-02-28,4.39,4.4,-1.0000000000000675,-0.48,-5.380952380952419,1.856776520645008,2.3594397776155063,0.026000000000000023,0,0,0,0,0
2025-03-03,4.33,4.4,-7.000000000000028,-0.48,-5.523809523809563,1.8606194564994467,-0.7933865632942254,0.029000000000000026,0,0,0,0,0
2025-03-04,4.33,4.4,-7.000000000000028,-0.48,-5.7619047619048,1.7001400502534312,-0.7282313230081674,0.029000000000000026,0,0,0,0,0
2025-03-05,4.34,4.4,-6.00000000000005,-0.48,-5.809523809523847,1.691716513457357,-0.11259344515525677,0.029000000000000026,0,0,0,0,0
2025-03-06,4.35,4.4,-5.000000000000071,-0.48,-5.7142857142857535,1.6775832957815424,0.4257825623811516,0.029000000000000026,0,0,0,0,0
2025-03-07,4.34,4.4,-6.00000000000005,-0.463,-5.666666666666707,1.6532795690181623,-0.20161945963640038,0.045999999999999985,0,0,0,0,0
2025-03-10,4.33,4.4,-7.000000000000028,-0.463,-5.809523809523851,1.6315344807586227,-0.7296665835236505,0.044999999999999984,0,0,0,0,0
2025-03-11,4.32,4.4,-8.000000000000007,-0.463,-5.95238095238099,1.6874889770361754,-1.2134118062301995,0.044999999999999984,0,0,0,0,0
2025-03-12,4.31,4.4,-9.000000000000075,-0.463,-6.142857142857182,1.7968225924033243,-1.5901084888527286,0.044999999999999984,0,0,0,0,0
2025-03-13,4.3,4.4,-10.000000000000053,-0.463,-6.333333333333373,1.983263304085699,-1.8488047749953425,0.044999999999999984,0,0,0,0,0
2025-03-14,4.3,4.4,-10.000000000000053,-0.444,-6.428571428571469,2.111194651646897,-1.6916623811274771,0.064,0,0,0,0,0
2025-03-17,4.32,4.4,-8.000000000000007,-0.444,-6.476190476190517,2.13586159708544,-0.7134401994440344,0.059,0,0,0,0,0
2025-03-18,4.31,4.4,-9.000000000000075,-0.444,-6.571428571428614,2.203892660077272,-1.1019463300387375,0.059,0,0,0,0,0
2025-03-19,4.29,4.4,-11.000000000000032,-0.444,-6.952380952380996,2.246690688016193,-1.801591589447075,0.059,0,0,0,0,0
2025-03-20,4.29,4.4,-11.000000000000032,-0.444,-7.238095238095279,2.364418784918576,-1.5910484157459874,0.059,0,0,0,0,0
2025-03-21,4.3,4.4,-10.000000000000053,-0.426,-7.380952380952421,2.438774087040188,-1.0739197340850184,0.068,0,0,0,0,0
2025-03-24,4.31,4.4,-9.000000000000075,-0.426,-7.523809523809567,2.441701202421056,-0.6045745788742695,0.068,0,0,0,0,0
2025-03-25,4.33,4.4,-7.000000000000028,-0.426,-7.571428571428614,2.4201534780138494,0.23611253444039443,0.068,0,0,0,0,0
2025-03-26,4.35,4.4,-5.000000000000071,-0.426,-7.476190476190521,2.482318424760293,0.997531360800162,0.068,0,0,0,0,0
2025-03-27,4.36,4.4,-4.0000000000000036,-0.426,-7.333333333333377,2.5948667274704107,1.2845874888468172,0.068,0,0,0,0,0
2025-03-28,4.34,4.4,-6.00000000000005,-0.408,-7.428571428571475,2.501428163498307,0.5711023204334335,0.07200000000000001,0,0,0,0,0
2025-03-31,4.41,4.4,0.9999999999999787,-0.408,-7.333333333333376,2.7808871486151716,2.996645634283719,0.07200000000000001,1,1,0,0,1
2025-04-01,4.39,4.4,-1.0000000000000675,-0.408,-7.047619047619092,3.1060616619150854,1.9470376656625294,0.07200000000000001,0,0,0,0,0
2025-04-02,4.37,4.4,-3.000000000000025,-0.408,-6.8571428571429,3.2293298729877504,1.1944096790503094,0.07200000000000001,0,0,0,0,0
2025-04-03,4.39,4.4,-1.0000000000000675,-0.408,-6.619047619047665,3.4709680274555503,1.6188704633982849,0.07200000000000001,0,0,0,0,0
2025-04-04,4.35,4.4,-5.000000000000071,-0.393,-6.619047619047664,3.4709680274555503,0.46645420131814413,0.07,0,0,0,0,0
2025-04-07,4.33,4.4,-7.000000000000028,-0.393,-6.66666666666671,3.4689095308659987,-0.0960916767552896,0.07,0,0,0,0,0
2025-04-08,4.4,4.4,0.0,-0.393,-6.333333333333376,3.759432581299068,1.6846513925633158,0.07,1,0,0,0,0
2025-04-09,4.42,4.4,1.9999999999999574,-0.393,-5.857142857142902,4.150731432961069,1.8929538044184402,0.07,1,0,0,0,0
2025-04-10,4.37,4.4,-3.000000000000025,-0.393,-5.571428571428614,4.130029401486442,0.6226174977115427,0.07,0,0,0,0,0
2025-04-11,4.33,4.4,-7.000000000000028,-0.382,-5.428571428571469,4.019594862314166,-0.3909420290491303,0.062,0,0,0,0,0
2025-04-14,4.33,4.4,-7.000000000000028,-0.382,-5.285714285714325,3.900549411850244,-0.4394985252789105,0.062,0,0,0,0,0
2025-04-15,4.36,4.4,-4.0000000000000036,-0.382,-5.095238095238135,3.8588179784068286,0.2838273537043893,0.062,0,0,0,0,0
2025-04-16,4.31,4.4,-9.000000000000075,-0.382,-5.095238095238135,3.8588179784068286,-1.0119062175547548,0.062,0,0,0,0,0
2025-04-17,4.32,4.4,-8.000000000000007,-0.382,-4.95238095238099,3.680709041423759,-0.8279978159969276,0.062,0,0,0,0,0
2025-04-21,4.32,4.4,-8.000000000000007,-0.382,-4.809523809523847,3.487392258106952,-0.9148601460186858,0.043999999999999984,0,0,0,0,0
2025-04-22,4.3,4.4,-10.000000000000053,-0.382,-4.8095238095238475,3.487392258106952,-1.4883545659110147,0.043999999999999984,0,0,0,0,0
2025-04-23,4.28,4.4,-12.00000000000001,-0.382,-4.952380952380986,3.721238912999079,-1.893890505928064,0.043999999999999984,0,0,0,0,0
2025-04-24,4.29,4.4,-11.000000000000032,-0.382,-5.142857142857177,3.927922024247803,-1.4911555832793035,0.043999999999999984,0,0,0,0,0
2025-04-25,4.33,4.4,-7.000000000000028,-0.389,-5.238095238095271,3.948477705455069,-0.4462238091076406,0.03699999999999998,0,0,0,0,0
2025-04-28,4.36,4.4,-4.0000000000000036,-0.389,-5.238095238095271,3.948477705455069,0.3135626766702422,0.01899999999999996,0,0,0,0,0
2025-04-29,4.36,4.4,-4.0000000000000036,-0.389,-5.1428571428571725,3.953298803350306,0.2890894920183192,0.01899999999999996,0,0,0,0,0
2025-04-30,4.41,4.4,0.9999999999999787,-0.389,-5.142857142857173,3.953298803350306,1.5538560195984323,0.01899999999999996,1,0,0,0,0
2025-05-01,4.39,4.4,-1.0000000000000675,-0.389,-5.1428571428571725,3.953298803350306,1.0479494085663734,0.01899999999999996,0,0,0,0,0
2025-05-02,4.36,4.4,-4.0000000000000036,-0.403,-5.19047619047622,3.932162860551976,0.3027535309941623,0.004999999999999949,0,0,0,0,0
2025-05-05,4.33,4.4,-7.000000000000028,-0.403,-5.476190476190504,3.8290866746398327,-0.3979563935968766,-0.010000000000000009,0,0,0,0,0
2025-05-06,4.32,4.4,-8.000000000000007,-0.403,-5.6190476190476435,3.8662150803620103,-0.6158354699525472,-0.010000000000000009,0,0,0,0,0
2025-05-07,4.3,4.4,-10.000000000000053,-0.403,-5.761904761904788,3.9737232151315958,-1.0665300547247387,-0.010000000000000009,0,0,0,0,0
2025-05-08,4.29,4.4,-11.000000000000032,-0.403,-6.285714285714313,3.9005494118502493,-1.2086209445170106,-0.010000000000000009,0,0,0,0,0
2025-05-09,4.28,4.4,-12.00000000000001,-0.42,-6.9523809523809765,3.598280012397409,-1.402786617558421,-0.02699999999999997,0,0,0,0,0
2025-05-12,4.28,4.4,-12.00000000000001,-0.42,-7.380952380952406,3.639727880984884,-1.2690639987618315,-0.03799999999999998,0,0,0,0,0
2025-05-13,4.3,4.4,-10.000000000000053,-0.42,-7.523809523809551,3.6826491499876064,-0.6723938054752882,-0.03799999999999998,0,0,0,0,0
2025-05-14,4.29,4.4,-11.000000000000032,-0.42,-7.71428571428574,3.7568984168174424,-0.8745816152510448,-0.03799999999999998,0,0,0,0,0
2025-05-15,4.31,4.4,-9.000000000000075,-0.42,-7.952380952380982,3.6670995415476177,-0.2856805591857396,-0.03799999999999998,0,0,0,0,0
2025-05-16,4.3,4.4,-10.000000000000053,-0.438,-8.000000000000028,3.687817782917115,-0.5423261445466531,-0.055999999999999994,0,0,0,0,0
2025-05-19,4.29,4.4,-11.000000000000032,-0.438,-8.142857142857173,3.7454734585324645,-0.7628255516359561,-0.055999999999999994,0,0,0,0,0
2025-05-20,4.27,4.4,-13.000000000000078,-0.438,-8.380952380952413,3.891994225023824,-1.1868074185077677,-0.055999999999999994,0,0,0,0,0
2025-05-21,4.26,4.4,-14.000000000000057,-0.438,-8.571428571428603,4.069046922455261,-1.3341137450673233,-0.055999999999999994,0,0,0,0,0
2025-05-22,4.26,4.4,-14.000000000000057,-0.438,-8.666666666666702,4.175324338699106,-1.2773458779959228,-0.055999999999999994,0,0,0,0,0
2025-05-23,4.26,4.4,-14.000000000000057,-0.454,-8.809523809523846,4.308352905914808,-1.2047472209972312,-0.065,0,0,0,0,0
2025-05-27,4.31,4.4,-9.000000000000075,-0.454,-8.904761904761944,4.288411849446833,-0.022208243653280477,-0.065,0,0,0,0,0
2025-05-28,4.33,4.4,-7.000000000000028,-0.454,-9.047619047619088,4.165047304367485,0.49161963790229185,-0.065,0,0,0,0,0
2025-05-29,4.33,4.4,-7.000000000000028,-0.454,-9.190476190476232,4.032605207791182,0.5431913310641224,-0.065,0,0,0,0,0
2025-05-30,4.35,4.4,-5.000000000000071,-0.466,-9.476190476190519,3.444111607062776,1.299664757382196,-0.07700000000000001,0,0,0,0,0
2025-06-02,4.35,4.4,-5.000000000000071,-0.466,-9.66666666666671,3.038640046687519,1.5357747528384824,-0.063,0,0,0,0,0
2025-06-03,4.32,4.4,-8.000000000000007,-0.466,-9.8571428571429,2.7800308323058602,0.6680295900180756,-0.063,0,0,0,0,0
2025-06-04,4.28,4.4,-12.00000000000001,-0.466,-10.09523809523814,2.7368734334046168,-0.6959627294099549,-0.063,0,0,0,0,0
2025-06-05,4.29,4.4,-11.000000000000032,-0.466,-10.238095238095283,2.700088181981465,-0.2821777329307901,-0.063,0,0,0,0,0
2025-06-06,4.29,4.4,-11.000000000000032,-0.475,-10.285714285714329,2.704493615131213,-0.2641107046026611,-0.07199999999999995,0,0,0,0,0
2025-06-09,4.29,4.4,-11.000000000000032,-0.475,-10.285714285714329,2.704493615131213,-0.2641107046026611,-0.05499999999999999,0,0,0,0,0
2025-06-10,4.28,4.4,-12.00000000000001,-0.475,-10.285714285714329,2.704493615131213,-0.6338656910463848,-0.05499999999999999,0,0,0,0,0
2025-06-11,4.28,4.4,-12.00000000000001,-0.475,-10.285714285714329,2.704493615131213,-0.6338656910463848,-0.05499999999999999,0,0,0,0,0
2025-06-12,4.28,4.4,-12.00000000000001,-0.475,-10.380952380952422,2.729032621208261,-0.5932679611322367,-0.05499999999999999,0,0,0,0,0
2025-06-13,4.28,4.4,-12.00000000000001,-0.483,-10.428571428571468,2.7490258014690654,-0.5716310740294905,-0.063,0,0,0,0,0
2025-06-16,4.32,4.4,-8.000000000000007,-0.483,-10.380952380952419,2.7834545168942206,0.8553947501211836,-0.044999999999999984,0,0,0,0,0
2025-06-17,4.31,4.4,-9.000000000000075,-0.483,-10.333333333333371,2.798809270624406,0.4763930673403243,-0.044999999999999984,0,0,0,0,0
2025-06-18,4.28,4.4,-12.00000000000001,-0.483,-10.380952380952419,2.8191521859627997,-0.5743030217060286,-0.044999999999999984,0,0,0,0,0
2025-06-20,4.29,4.4,-11.000000000000032,-0.49,-10.28571428571432,2.7593995205996324,-0.2588554897373084,-0.05199999999999999,0,0,0,0,0
2025-06-23,4.29,4.4,-11.000000000000032,-0.49,-10.142857142857176,2.6322179675268496,-0.32563521247755967,-0.05199999999999999,0,0,0,0,0
2025-06-24,4.3,4.4,-10.000000000000053,-0.49,-9.952380952380986,2.4794392607238396,-0.019205571345661938,-0.035999999999999976,0,0,0,0,0
2025-06-25,4.36,4.4,-4.0000000000000036,-0.49,-9.476190476190506,2.6195237662415813,2.090529029269922,-0.035999999999999976,0,0,0,0,0
2025-06-26,4.4,4.4,0.0,-0.49,-9.047619047619074,3.3388050328850847,2.709837489313044,-0.035999999999999976,1,1,0,0,1
2025-06-27,4.39,4.4,-1.0000000000000675,-0.496,-8.761904761904791,3.7537283053619994,2.0677854470227,-0.04199999999999998,0,0,0,0,0
2025-06-30,4.45,4.4,4.999999999999982,-0.496,-8.190476190476218,4.802281203959679,2.7467104965865197,-0.02999999999999997,1,1,0,0,1
2025-07-01,4.44,4.4,4.0000000000000036,-0.496,-7.761904761904788,5.458065242416573,2.1549586235244735,-0.02999999999999997,1,0,0,0,0
2025-07-02,4.4,4.4,0.0,-0.496,-7.523809523809545,5.688752478523255,1.322576356101655,-0.02999999999999997,1,0,0,0,0
2025-07-03,4.35,4.4,-5.000000000000071,-0.496,-7.380952380952405,5.713809503966574,0.41670139322976335,-0.02999999999999997,0,0,0,0,0
2025-07-07,4.33,4.4,-7.000000000000028,-0.496,-7.142857142857169,5.615030848407791,0.025441915942037863,-0.02999999999999997,0,0,0,0,0
2025-07-08,4.34,4.4,-6.00000000000005,-0.496,-6.904761904761932,5.54891666818631,0.16305198994051712,-0.02100000000000002,0,0,0,0,0
2025-07-09,4.32,4.4,-8.000000000000007,-0.496,-6.761904761904786,5.476356105155677,-0.22608011866314268,-0.02100000000000002,0,0,0,0,0
2025-07-10,4.31,4.4,-9.000000000000075,-0.496,-6.666666666666694,5.41602560309061,-0.4308202184276758,-0.02100000000000002,0,0,0,0,0
2025-07-11,4.31,4.4,-9.000000000000075,-0.51,-6.523809523809554,5.306779132572266,-0.46660891933338833,-0.03500000000000003,0,0,0,0,0
2025-07-14,4.33,4.4,-7.000000000000028,-0.51,-6.285714285714317,5.158903537989967,-0.13845688507756335,-0.03500000000000003,0,0,0,0,0
2025-07-15,4.37,4.4,-3.000000000000025,-0.51,-5.85714285714289,5.032749887345,0.5677100831748535,-0.027000000000000024,0,0,0,0,0
2025-07-16,4.34,4.4,-6.00000000000005,-0.51,-5.571428571428605,4.832922806867759,-0.08867748269482584,-0.027000000000000024,0,0,0,0,0
2025-07-17,4.34,4.4,-6.00000000000005,-0.51,-5.476190476190512,4.802281203959682,-0.10907514607383571,-0.027000000000000024,0,0,0,0,0
2025-07-18,4.3,4.4,-10.000000000000053,-0.514,-5.523809523809559,4.8437490399384275,-0.9241169266373458,-0.031000000000000028,0,0,0,0,0
2025-07-21,4.28,4.4,-12.00000000000001,-0.514,-5.523809523809558,4.8437490399384275,-1.3370202342838091,-0.02400000000000002,0,0,0,0,0
2025-07-22,4.28,4.4,-12.00000000000001,-0.514,-5.571428571428605,4.904808136629049,-1.3106672574127642,-0.02400000000000002,0,0,0,0,0
2025-07-23,4.28,4.4,-12.00000000000001,-0.514,-5.619047619047652,4.964636849520688,-1.2852807918001916,-0.02400000000000002,0,0,0,0,0
2025-07-24,4.3,4.4,-10.000000000000053,-0.514,-5.6190476190476515,4.964636849520688,-0.8824315884001388,-0.02400000000000002,0,0,0,0,0
2025-07-25,4.36,4.4,-4.0000000000000036,-0.519,-5.619047619047652,4.964636849520688,0.3261160218000558,-0.029000000000000026,0,0,0,0,0
2025-07-28,4.36,4.4,-4.0000000000000036,-0.519,-5.809523809523843,4.812681660145871,0.375990754698908,-0.02300000000000002,0,0,0,0,0
2025-07-29,4.36,4.4,-4.0000000000000036,-0.519,-5.952380952380982,4.706125693988499,0.4148595000075979,-0.02300000000000002,0,0,0,0,0
2025-07-30,4.32,4.4,-8.000000000000007,-0.519,-6.5714285714286,3.9946392649577946,-0.3576221365226332,-0.02300000000000002,0,0,0,0,0
2025-07-31,4.39,4.4,-1.0000000000000675,-0.519,-6.809523809523843,3.444111607062757,1.686798940432222,-0.02300000000000002,0,0,0,0,0
2025-08-01,4.34,4.4,-6.00000000000005,-0.521,-7.09523809523813,3.080661648165183,0.3555204109774261,-0.025000000000000022,0,0,0,0,0
2025-08-04,4.33,4.4,-7.000000000000028,-0.521,-7.190476190476223,3.043337766647732,0.06258792322155084,-0.025000000000000022,0,0,0,0,0
2025-08-05,4.34,4.4,-6.00000000000005,-0.521,-7.142857142857177,3.0542710142636444,0.3741832789297053,-0.025000000000000022,0,0,0,0,0
2025-08-06,4.34,4.4,-6.00000000000005,-0.521,-7.142857142857177,3.0542710142636444,0.3741832789297053,-0.025000000000000022,0,0,0,0,0
2025-08-07,4.35,4.4,-5.000000000000071,-0.521,-7.000000000000038,3.082207001484428,0.6488856845230522,-0.025000000000000022,0,0,0,0,0
2025-08-08,4.35,4.4,-5.000000000000071,-0.523,-6.809523809523846,3.0760209300172794,0.588267716862905,-0.013000000000000012,0,0,0,0,0
2025-08-11,4.34,4.4,-6.00000000000005,-0.523,-6.666666666666703,3.0386400466874854,0.21939639326263977,-0.013000000000000012,0,0,0,0,0
2025-08-12,4.36,4.4,-4.0000000000000036,-0.523,-6.523809523809559,3.092232973419751,0.8161770298369315,-0.013000000000000012,0,0,0,0,0
2025-08-13,4.33,4.4,-7.000000000000028,-0.523,-6.714285714285749,2.985680109168648,-0.09569487529386915,-0.013000000000000012,0,0,0,0,0
2025-08-14,4.34,4.4,-6.00000000000005,-0.523,-6.714285714285749,2.985680109168648,0.23923718823467316,-0.013000000000000012,0,0,0,0,0
2025-08-15,4.36,4.4,-4.0000000000000036,-0.526,-6.6190476190476515,3.0409898137972524,0.8612484024657979,-0.01200000000000001,0,0,0,0,0
2025-08-18,4.34,4.4,-6.00000000000005,-0.526,-6.428571428571461,2.942302305532598,0.14565852997686232,-0.01200000000000001,0,0,0,0,0
2025-08-19,4.33,4.4,-7.000000000000028,-0.526,-6.190476190476223,2.6574244602442323,-0.3046272139187753,-0.01200000000000001,0,0,0,0,0
2025-08-20,4.31,4.4,-9.000000000000075,-0.526,-6.047619047619084,2.397419247361348,-1.2314829605336846,-0.01200000000000001,0,0,0,0,0
2025-08-21,4.32,4.4,-8.000000000000007,-0.526,-5.857142857142894,2.031888635868372,-1.0546134788245007,-0.01200000000000001,0,0,0,0,0
2025-08-22,4.36,4.4,-4.0000000000000036,-0.527,-5.571428571428605,1.832250762625697,0.8576492931440641,-0.008000000000000007,0,0,0,0,0
2025-08-25,4.37,4.4,-3.000000000000025,-0.527,-5.523809523809559,1.887300919807,1.3372586731254417,-0.008000000000000007,0,0,0,0,0
2025-08-26,4.38,4.4,-2.000000000000046,-0.527,-5.428571428571466,2.014235055087273,1.7021704690880113,-0.008000000000000007,0,0,0,0,0
2025-08-27,4.36,4.4,-4.0000000000000036,-0.527,-5.428571428571465,2.014235055087273,0.7092376954533562,-0.008000000000000007,0,0,0,0,0
2025-08-28,4.34,4.4,-6.00000000000005,-0.527,-5.333333333333373,1.9321835661584827,-0.3450327796712018,-0.008000000000000007,0,0,0,0,0
2025-08-29,4.34,4.4,-6.00000000000005,-0.528,-5.571428571428609,1.6604646509764847,-0.25810331362333216,-0.007000000000000006,0,0,0,0,0
2025-09-02,4.39,4.4,-1.0000000000000675,-0.528,-5.333333333333372,1.9321835661584827,2.242713067862763,-0.007000000000000006,0,0,0,0,0
2025-09-03,4.39,4.4,-1.0000000000000675,-0.528,-5.047619047619089,2.1089378956286513,1.9192689628313928,-0.007000000000000006,0,0,0,0,0
2025-09-04,4.41,4.4,0.9999999999999787,-0.528,-4.7142857142857535,2.4727081741049153,2.3109422187898176,-0.007000000000000006,1,0,0,0,0
2025-09-05,4.42,4.4,1.9999999999999574,-0.528,-4.333333333333372,2.8518999514942425,2.220741765507939,-0.007000000000000006,1,0,0,0,0
2025-09-08,4.4,4.4,0.0,-0.528,-4.09523809523813,2.998412278269238,1.3658022030252654,-0.0050000000000000044,1,0,0,0,0
2025-09-09,4.4,4.4,0.0,-0.528,-3.8571428571428896,3.1190657942036037,1.236634015323085,-0.0050000000000000044,1,0,0,0,0
2025-09-10,4.39,4.4,-1.0000000000000675,-0.528,-3.6190476190476524,3.138091625115263,0.8345988364668564,-0.0050000000000000044,0,0,0,0,0
2025-09-11,4.41,4.4,0.9999999999999787,-0.528,-3.3809523809524147,3.2935723838438022,1.3301521479966845,-0.0050000000000000044,1,0,0,0,0
2025-09-12,4.42,4.4,1.9999999999999574,-0.528,-2.952380952380987,3.3834330269149007,1.4637147870181577,-0.0050000000000000044,1,0,0,0,0
2025-09-15,4.51,4.4,10.999999999999943,-0.528,-2.142857142857178,4.475329197787671,2.9367352795754433,-0.0020000000000000018,1,1,0,0,1
2025-09-16,4.39,4.4,-1.0000000000000675,-0.528,-2.0000000000000377,4.460941604639026,0.22416791983110684,-0.0020000000000000018,0,0,0,0,0
2025-09-17,4.38,4.4,-2.000000000000046,-0.528,-1.8095238095238475,4.365994132142662,-0.04362722090575057,-0.0020000000000000018,0,0,0,0,0
2025-09-18,4.14,4.15,-1.0000000000000675,-0.528,-1.5238095238095637,4.202606900711051,0.12463919090811738,-0.0020000000000000018,0,0,0,0,0
2025-09-19,4.14,4.15,-1.0000000000000675,-0.527,-1.1428571428571823,3.837782097588497,0.037223880674955544,-0.0010000000000000009,0,0,0,0,0
2025-09-22,4.14,4.15,-1.0000000000000675,-0.527,-0.8095238095238518,3.501700267285038,-0.054395343957835934,0.0,0,0,0,0,0
2025-09-23,4.12,4.15,-3.000000000000025,-0.527,-0.7619047619048052,3.462726698784578,-0.6463389787247125,0.0,0,0,0,0,0
2025-09-24,4.13,4.15,-2.000000000000046,-0.527,-0.7142857142857586,3.4371915446022308,-0.3740595393158623,0.0,0,0,0,0,0
2025-09-25,4.18,4.15,2.999999999999936,-0.527,-0.47619047619052135,3.5159500511105244,0.9886916553585542,0.0,1,0,0,0,0
2025-09-26,4.16,4.15,0.9999999999999787,-0.527,-0.2380952380952841,3.4337262835694307,0.36056899585142144,0.0,1,0,0,0,0
2025-09-29,4.13,4.15,-2.000000000000046,-0.527,-0.04761904761909347,3.2011902548299718,-0.6098921953905084,0.0010000000000000009,0,0,0,0,0
2025-09-30,4.24,4.15,8.999999999999986,-0.527,0.6666666666666226,3.4689095308659548,2.402291918882384,0.0010000000000000009,1,1,0,0,1
2025-10-01,4.2,4.15,4.999999999999982,-0.527,0.9523809523809106,3.5703807986849756,1.1336659241249196,0.0010000000000000009,1,0,0,0,0
2025-10-02,4.2,4.15,4.999999999999982,-0.527,1.2380952380951986,3.645610537410092,1.0318997938209025,0.0010000000000000009,1,0,0,0,0
2025-10-03,4.18,4.15,2.999999999999936,-0.526,1.333333333333292,3.6651512019741608,0.45473339974867266,0.0020000000000000018,1,0,0,0,0
2025-10-06,4.15,4.15,0.0,-0.526,1.2380952380951986,3.6729383591990064,-0.33708576540478674,0.0020000000000000018,1,0,0,0,0
2025-10-07,4.14,4.15,-1.0000000000000675,-0.526,1.1904761904761478,3.696201396285662,-0.5926290143923002,0.0020000000000000018,0,0,0,0,0
2025-10-08,4.12,4.15,-3.000000000000025,-0.526,1.0476190476190037,3.8010023740611327,-1.064882009872149,0.0020000000000000018,0,0,0,0,0
2025-10-09,4.13,4.15,-2.000000000000046,-0.526,0.9999999999999571,3.834057902536074,-0.7824607964359707,0.0020000000000000018,0,0,0,0,0
2025-10-10,4.15,4.15,0.0,-0.524,0.9523809523809106,3.8402628878266087,-0.2479988949193812,0.0040000000000000036,1,0,0,0,0
2025-10-14,4.19,4.15,4.0000000000000036,-0.524,1.047619047619008,3.8919942250237693,0.7585779376029174,0.0040000000000000036,1,0,0,0,0
2025-10-15,4.29,4.15,13.999999999999968,-0.524,1.190476190476152,4.308352905914754,2.973183508699616,0.0040000000000000036,1,1,0,0,1
2025-10-16,4.3,4.15,14.999999999999947,-0.524,1.9523809523809146,5.219925195596037,2.4995796986951246,0.0040000000000000036,1,1,0,0,1
2025-10-17,4.18,4.15,2.999999999999936,-0.521,2.190476190476152,5.1441136031297,0.15736896032608347,0.007000000000000006,1,0,0,0,0
2025-10-20,4.16,4.15,0.9999999999999787,-0.521,2.285714285714249,5.100420150760617,-0.25208007334896404,0.006000000000000005,1,0,0,0,0
2025-10-21,4.23,4.15,8.000000000000007,-0.521,2.714285714285682,5.187898005385702,1.0188547038178233,0.006000000000000005,1,1,0,0,1
2025-10-22,4.21,4.15,5.999999999999961,-0.521,3.0476190476190164,5.162133187706247,0.5719304103606074,0.006000000000000005,1,1,0,0,1
2025-10-23,4.24,4.15,8.999999999999986,-0.521,3.619047619047588,5.123243020550386,1.0503019980446537,0.006000000000000005,1,1,0,0,1
2025-10-24,4.24,4.15,8.999999999999986,-0.518,4.142857142857114,5.0821817587105835,0.9557200209964929,0.009000000000000008,1,1,0,0,1
2025-10-27,4.27,4.15,11.999999999999922,-0.518,4.571428571428542,5.3532366711310235,1.3876784989971092,0.009000000000000008,1,1,0,0,1
2025-10-28,4.31,4.15,15.999999999999925,-0.518,5.285714285714254,5.832176756090709,1.8370989361898948,0.009000000000000008,1,1,0,0,1
2025-10-29,4.27,4.15,11.999999999999922,-0.518,5.952380952380919,5.7573968985660535,1.0504085707770525,0.009000000000000008,1,1,0,0,1
2025-10-30,4.04,3.9,14.000000000000012,-0.518,6.190476190476158,5.988481006223844,1.3040909374860497,0.009000000000000008,1,1,0,0,1
2025-10-31,4.22,3.9,31.999999999999986,-0.515,7.476190476190443,8.207429851171664,2.9880011122249934,0.01200000000000001,1,1,0,0,1
2025-11-03,4.13,3.9,23.0,-0.515,8.333333333333302,8.850612031567778,1.657135869740375,0.01100000000000001,1,1,0,0,1
2025-11-04,4.0,3.9,10.000000000000009,-0.515,8.666666666666638,8.771164878927559,0.15201325613393285,0.01100000000000001,1,1,0,0,1
2025-11-05,3.91,3.9,1.000000000000023,-0.515,8.714285714285687,8.724350159999577,-0.8842246783783421,0.01100000000000001,1,0,0,0,0
2025-11-06,3.92,3.9,2.0000000000000018,-0.515,8.857142857142833,8.580709261393856,-0.7991347391286571,0.01100000000000001,1,0,0,0,0
2025-11-07,3.93,3.9,3.000000000000025,-0.511,9.142857142857121,8.26005880297291,-0.7436820111554407,0.015000000000000013,1,0,0,0,0
2025-11-10,3.95,3.9,5.000000000000027,-0.511,9.476190476190459,7.922241145149743,-0.5650156810653135,0.013000000000000012,1,1,0,0,1
2025-11-12,3.98,3.9,8.000000000000007,-0.511,9.85714285714284,7.6307647997150445,-0.2433757173608842,0.013000000000000012,1,1,0,0,1
2025-11-13,4.0,3.9,10.000000000000009,-0.511,10.142857142857125,7.511895328648435,-0.019017456528220695,0.013000000000000012,1,1,0,0,1
2025-11-14,3.95,3.9,5.000000000000027,-0.509,9.7142857142857,7.5375251717181335,-0.6254421188501423,0.015000000000000013,1,1,0,0,1
2025-11-17,4.0,3.9,10.000000000000009,-0.509,9.476190476190466,7.4405580947872165,0.07039922504959933,0.01200000000000001,1,1,0,0,1
2025-11-18,3.94,3.9,4.0000000000000036,-0.509,9.523809523809515,7.400128699009465,-0.7464477644218396,0.01200000000000001,1,0,0,0,0
2025-11-19,3.91,3.9,1.000000000000023,-0.509,9.523809523809518,7.400128699009463,-1.151846119237148,0.01200000000000001,1,0,0,0,0
2025-11-20,3.91,3.9,1.000000000000023,-0.509,9.190476190476184,7.626395266566209,-1.0739642916730083,0.01200000000000001,1,0,0,0,0
2025-11-21,3.93,3.9,3.000000000000025,-0.509,9.047619047619046,7.716710377331634,-0.78370429261986,0.01200000000000001,1,0,0,0,0
2025-11-24,3.96,3.9,6.000000000000005,-0.509,8.904761904761902,7.745351908756301,-0.37503291509298564,0.009000000000000008,1,1,0,0,1
2025-11-25,4.01,3.9,10.999999999999988,-0.509,8.999999999999998,7.758865896508244,0.257769631113235,0.009000000000000008,1,1,0,0,1
2025-11-26,4.05,3.9,14.999999999999991,-0.509,9.142857142857146,7.844015006906228,0.7467021483240343,0.009000000000000008,1,1,0,0,1
2025-11-28,4.12,3.9,22.00000000000002,-0.51,9.428571428571434,8.207139748849267,1.5317673338255564,0.008000000000000007,1,1,0,0,1
2025-12-01,4.12,3.9,22.00000000000002,-0.51,9.904761904761916,8.642365196546312,1.3995286961573483,0.008000000000000007,1,1,0,0,1
2025-12-02,4.01,3.9,10.999999999999988,-0.51,9.761904761904772,8.595956967695626,0.1440322750274447,0.0050000000000000044,1,1,0,0,1
2025-12-03,3.95,3.9,5.000000000000027,-0.51,8.476190476190489,6.968637224156788,-0.49883361184884817,0.0050000000000000044,1,1,0,0,1
2025-12-04,3.92,3.9,2.0000000000000018,-0.51,7.476190476190489,6.249952380770888,-0.8761971520037465,0.0050000000000000044,1,0,0,0,0
2025-12-05,3.93,3.9,3.000000000000025,-0.514,7.142857142857157,6.295122828711952,-0.6581058472698306,0.0010000000000000009,1,0,0,0,0
2025-12-08,3.95,3.9,5.000000000000027,-0.514,7.333333333333347,6.159004248523642,-0.37884911897773693,0.0010000000000000009,1,1,0,0,1
2025-12-09,3.93,3.9,3.000000000000025,-0.514,7.380952380952395,6.119445975545333,-0.715906701106543,-0.0030000000000000027,1,0,0,0,0
2025-12-10,3.9,3.9,0.0,-0.514,7.238095238095251,6.2602297234586475,-1.1562028164832827,-0.0030000000000000027,1,0,0,0,0
2025-12-11,3.66,3.65,1.000000000000023,-0.514,7.04761904761906,6.391214207614857,-0.9462394548462417,-0.0030000000000000027,1,0,0,0,0
2025-12-12,3.67,3.65,2.0000000000000018,-0.519,6.761904761904774,6.480005878892022,-0.734861179280131,-0.008000000000000007,1,0,0,0,0
2025-12-15,3.75,3.65,10.000000000000009,-0.519,6.761904761904774,6.480005878892022,0.4997056019104874,-0.010000000000000009,1,1,0,0,1
2025-12-16,3.69,3.65,4.0000000000000036,-0.519,6.714285714285725,6.497252166438109,-0.4177590225459471,-0.010000000000000009,1,0,0,0,0
2025-12-17,3.69,3.65,4.0000000000000036,-0.519,6.4285714285714395,6.477433354125834,-0.3749280456933679,-0.010000000000000009,1,0,0,0,0
2025-12-18,3.66,3.65,1.000000000000023,-0.519,6.285714285714298,6.566146945833966,-0.8049948210598471,-0.010000000000000009,1,0,0,0,0
2025-12-19,3.66,3.65,1.000000000000023,-0.528,6.285714285714296,6.566146945833966,-0.8049948210598469,-0.019000000000000017,1,0,0,0,0
2025-12-22,3.68,3.65,3.000000000000025,-0.528,6.380952380952392,6.499816847236393,-0.5201611769091444,-0.019000000000000017,1,0,0,0,0
2025-12-23,3.66,3.65,1.000000000000023,-0.528,6.285714285714298,6.566146945833966,-0.8049948210598471,-0.019000000000000017,1,0,0,0,0
2025-12-24,3.66,3.65,1.000000000000023,-0.528,6.047619047619061,6.666904757653138,-0.7571158177750665,-0.019000000000000017,1,0,0,0,0
2025-12-26,3.76,3.65,10.999999999999988,-0.54,6.047619047619061,6.666904757653138,0.7428306136661007,-0.031000000000000028,1,1,0,0,1
2025-12-29,3.77,3.65,12.00000000000001,-0.54,5.904761904761918,6.495419631592344,0.9383901950833394,-0.030000000000000027,1,1,0,0,1
2025-12-30,3.71,3.65,6.000000000000005,-0.54,5.142857142857156,5.350567393143503,0.16019662853723463,-0.030000000000000027,1,1,0,0,1
2025-12-31,3.87,3.65,22.00000000000002,-0.54,5.142857142857155,5.350567393143503,3.150533694565644,-0.030000000000000027,1,1,0,0,1
2026-01-02,3.75,3.65,10.000000000000009,-0.551,5.095238095238109,5.300044923439351,0.9254189305208868,-0.041000000000000036,1,1,0,0,1
2026-01-05,3.7,3.65,5.000000000000027,-0.551,5.095238095238109,5.300044923439351,-0.0179692996217624,-0.041000000000000036,1,1,0,0,1
2026-01-06,3.66,3.65,1.000000000000023,-0.551,5.0476190476190625,5.333630944077224,-0.7588862240485073,-0.03700000000000003,1,0,0,0,0
2026-01-07,3.65,3.65,0.0,-0.551,4.904761904761918,5.430513437095544,-0.9031856677230102,-0.03700000000000003,1,0,0,0,0
2026-01-08,3.64,3.65,-0.9999999999999787,-0.551,4.619047619047632,5.581005200465067,-1.0068164098072105,-0.03700000000000003,0,0,0,0,0
2026-01-09,3.64,3.65,-0.9999999999999787,-0.563,4.428571428571442,5.70588668456901,-0.9513983940922697,-0.04899999999999993,0,0,0,0,0
2026-01-12,3.64,3.65,-0.9999999999999787,-0.563,4.380952380952396,5.748705858505732,-0.9360284755204108,-0.04899999999999993,0,0,0,0,0
2026-01-13,3.65,3.65,0.0,-0.563,4.333333333333346,5.782156460468051,-0.7494320437296804,-0.04399999999999993,1,0,0,0,0
2026-01-14,3.64,3.65,-0.9999999999999787,-0.563,4.190476190476205,5.87893738373729,-0.8828935999275016,-0.04399999999999993,0,0,0,0,0
2026-01-15,3.66,3.65,1.000000000000023,-0.563,3.761904761904776,5.761117616441734,-0.4794043353710597,-0.04399999999999993,1,0,0,0,0
2026-01-16,3.65,3.65,0.0,-0.569,3.571428571428586,5.8186891012617235,-0.613785770175306,-0.04999999999999993,1,0,0,0,0
2026-01-20,3.64,3.65,-0.9999999999999787,-0.569,3.333333333333349,5.9019770698751834,-0.7342172431423849,-0.04999999999999993,0,0,0,0,0
2026-01-21,3.63,3.65,-2.0000000000000018,-0.569,3.190476190476205,5.99682455653856,-0.8655374426148316,-0.040999999999999925,0,0,0,0,0
2026-01-22,3.64,3.65,-0.9999999999999787,-0.569,3.0952380952381096,6.0490062151129695,-0.6770100657206228,-0.040999999999999925,0,0,0,0,0
2026-01-23,3.65,3.65,0.0,-0.571,2.9523809523809654,6.086675533295511,-0.48505640496700775,-0.04299999999999993,1,0,0,0,0
2026-01-26,3.66,3.65,1.000000000000023,-0.571,2.9523809523809654,6.086675533295511,-0.32076310651043755,-0.04299999999999993,1,0,0,0,0
2026-01-27,3.66,3.65,1.000000000000023,-0.571,2.9523809523809654,6.086675533295511,-0.32076310651043755,-0.030999999999999917,1,0,0,0,0
2026-01-28,3.64,3.65,-0.9999999999999787,-0.571,2.3809523809523956,5.852146533334435,-0.5777285926957089,-0.030999999999999917,0,0,0,0,0
2026-01-29,3.65,3.65,0.0,-0.571,1.8095238095238237,5.437086054303719,-0.33281132420030346,-0.030999999999999917,1,0,0,0,0
2026-01-30,3.68,3.65,3.000000000000025,-0.567,1.6666666666666816,5.360348247393313,0.24874005788368894,-0.026999999999999913,1,0,0,0,0
2026-02-02,3.69,3.65,4.0000000000000036,-0.567,0.8095238095238237,2.749891772761977,1.1602188210017017,-0.015999999999999903,1,0,0,0,0
2026-02-03,3.69,3.65,4.0000000000000036,-0.567,0.5238095238095377,1.9395630337537422,1.7922544489120338,-0.015999999999999903,1,0,0,0,0
2026-02-04,3.65,3.65,0.0,-0.567,0.2857142857142983,1.6475089420956037,-0.17342199390485524,-0.015999999999999903,1,0,0,0,0
2026-02-05,3.65,3.65,0.0,-0.567,0.2380952380952496,1.6402671094902357,-0.14515638137086412,-0.015999999999999903,1,0,0,0,0
2026-02-06,3.64,3.65,-0.9999999999999787,-0.559,0.19047619047620298,1.6618979396774114,-0.7163353188266562,-0.008000000000000007,0,0,0,0,0
2026-02-09,3.63,3.65,-2.0000000000000018,-0.559,0.14285714285715428,1.7113069358156348,-1.2521758066946873,0.0039999999999998925,0,0,0,0,0
2026-02-10,3.65,3.65,0.0,-0.559,0.19047619047620087,1.6917165134572727,-0.11259344515526105,0.0039999999999998925,1,0,0,0,0
2026-02-11,3.65,3.65,0.0,-0.559,0.2380952380952475,1.6704718466575421,-0.14253172753055,0.0039999999999998925,1,0,0,0,0
2026-02-12,3.65,3.65,0.0,-0.559,0.2380952380952475,1.6704718466575421,-0.14253172753055,0.0039999999999998925,1,0,0,0,0
2026-02-13,3.66,3.65,1.000000000000023,-0.545,0.3333333333333428,1.6532795690180777,0.4032389192728182,0.017999999999999905,1,0,0,0,0
2026-02-17,3.71,3.65,6.000000000000005,-0.545,0.5714285714285801,2.063284482843341,2.6310339042973356,0.02399999999999991,1,1,0,0,1
2026-02-18,3.73,3.65,8.000000000000007,-0.545,0.9523809523809613,2.6167955685567588,2.6932249245232476,0.02399999999999991,1,1,0,0,1
2026-02-19,3.67,3.65,2.0000000000000018,-0.545,1.0952380952381033,2.58659548257462,0.3497887129460713,0.02399999999999991,1,0,0,0,0
2026-02-20,3.66,3.65,1.000000000000023,-0.528,1.2380952380952472,2.488066757640442,-0.09569487529386944,0.040999999999999925,1,0,0,0,0
2026-02-23,3.66,3.65,1.000000000000023,-0.528,1.3333333333333424,2.4358434541925233,-0.13684513787599645,0.04299999999999993,1,0,0,0,0
2026-02-24,3.67,3.65,2.0000000000000018,-0.528,1.428571428571438,2.420153478013756,0.23611253444039462,0.04299999999999993,1,0,0,0,0
2026-02-25,3.67,3.65,2.0000000000000018,-0.528,1.4761904761904847,2.421137080362032,0.21634856120215712,0.04299999999999993,1,0,0,0,0
2026-02-26,3.67,3.65,2.0000000000000018,-0.528,1.5238095238095313,2.4211370803620316,0.1966805101837794,0.04299999999999993,1,0,0,0,0
2026-02-27,3.68,3.65,3.000000000000025,-0.509,1.7142857142857217,2.3694483987386037,0.5426217707035799,0.061999999999999944,1,0,0,0,0
2026-03-02,3.71,3.65,6.000000000000005,-0.509,2.000000000000008,2.5099800796020686,1.5936381457792907,0.05799999999999994,1,1,0,0,1
2026-03-03,3.7,3.65,5.000000000000027,-0.509,2.095238095238103,2.586595482574614,1.1230058678795098,0.05799999999999994,1,1,0,0,1
2026-03-04,3.67,3.65,2.0000000000000018,-0.509,2.000000000000008,2.549509756796238,-2.4386056657863464e-15,0.05799999999999994,1,0,0,0,0
2026-03-05,3.66,3.65,1.000000000000023,-0.509,1.8571428571428659,2.5156652059784594,-0.34072214979395876,0.05799999999999994,1,0,0,0,0
2026-03-06,3.65,3.65,0.0,-0.49,1.8571428571428659,2.5156652059784594,-0.7382313245535932,0.07699999999999996,1,0,0,0,0
2026-03-09,3.65,3.65,0.0,-0.49,1.8571428571428659,2.5156652059784594,-0.7382313245535932,0.06900000000000006,1,0,0,0,0
2026-03-10,3.64,3.65,-0.9999999999999787,-0.49,1.8571428571428659,2.5156652059784594,-1.1357404993132099,0.06900000000000006,0,0,0,0,0
2026-03-11,3.64,3.65,-0.9999999999999787,-0.49,1.9047619047619142,2.447544931247514,-1.186806365708406,0.06900000000000006,0,0,0,0,0
2026-03-12,3.65,3.65,0.0,-0.49,1.9047619047619142,2.447544931247514,-0.7782336824317488,0.06900000000000006,1,0,0,0,0
2026-03-13,3.65,3.65,0.0,-0.474,1.9047619047619142,2.447544931247514,-0.7782336824317488,0.08500000000000008,1,0,0,0,0
2026-03-16,3.7,3.65,5.000000000000027,-0.474,2.142857142857154,2.495710605933835,1.1448213788688848,0.07100000000000006,1,1,0,0,1
2026-03-17,3.65,3.65,0.0,-0.474,2.095238095238105,2.527939119218538,-0.8288324981045454,0.07100000000000006,1,0,0,0,0
2026-03-18,3.62,3.65,-2.9999999999999805,-0.474,1.6666666666666772,2.5948667274703245,-1.7984224843855785,0.07100000000000006,0,0,0,0,0
2026-03-19,3.62,3.65,-2.9999999999999805,-0.474,1.1428571428571541,2.3512914384590156,-1.7619496567266333,0.07100000000000006,0,0,0,0,0
2026-03-20,3.62,3.65,-2.9999999999999805,-0.464,0.904761904761917,2.5080821737884573,-1.556871599172429,0.064,0,0,0,0,0
2026-03-23,3.62,3.65,-2.9999999999999805,-0.464,0.7142857142857262,2.648449681282422,-1.4024377131028556,0.064,0,0,0,0,0
2026-03-24,3.63,3.65,-2.0000000000000018,-0.464,0.5714285714285822,2.7124053637209373,-0.9480251756695547,0.064,0,0,0,0,0
2026-03-25,3.64,3.65,-0.9999999999999787,-0.464,0.42857142857144026,2.7124053637209387,-0.5266806531497462,0.064,0,0,0,0,0
2026-03-26,3.65,3.65,0.0,-0.464,0.3333333333333449,2.689485700525771,-0.1239394332039695,0.064,1,0,0,0,0
2026-03-27,3.63,3.65,-2.0000000000000018,-0.46,0.14285714285715428,2.707133433831939,-0.7915594835766734,0.04899999999999999,0,0,0,0,0
2026-03-30,3.63,3.65,-2.0000000000000018,-0.46,-0.09523809523808509,2.6627948081809594,-0.715324327248152,0.04899999999999999,0,0,0,0,0
2026-03-31,3.68,3.65,3.000000000000025,-0.46,-0.238095238095227,2.38547190100313,1.3574233411567667,0.04899999999999999,1,0,0,0,0
2026-04-01,3.65,3.65,0.0,-0.46,-0.4761904761904664,2.064438122566055,0.23066347738171547,0.04899999999999999,1,0,0,0,0
2026-04-02,3.66,3.65,1.000000000000023,-0.46,-0.523809523809513,2.0154167712669415,0.7560766316594811,0.04899999999999999,1,0,0,0,0
2026-04-06,3.65,3.65,0.0,-0.46,-0.5714285714285617,1.9892568605240895,0.28725730837897584,0.02999999999999997,1,0,0,0,0
2026-04-07,3.62,3.65,-2.9999999999999805,-0.46,-0.7142857142857036,2.052872551885532,-1.1134224010228413,0.02999999999999997,0,0,0,0,0
2026-04-08,3.59,3.65,-6.000000000000005,-0.46,-0.9999999999999896,2.34520787991157,-2.1320071635562425,0.02999999999999997,0,0,0,0,0
2026-04-09,3.57,3.65,-8.000000000000007,-0.46,-1.3333333333333242,2.7988092706243273,-2.38196533670176,0.02999999999999997,0,0,0,0,0
2026-04-10,3.61,3.65,-4.0000000000000036,-0.475,-1.4761904761904685,2.856904751983187,-0.8834069536471505,0.015000000000000013,0,0,0,0,0
2026-04-13,3.63,3.65,-2.0000000000000018,-0.475,-1.5714285714285636,2.838510675890125,-0.15098461041970293,-0.0010000000000000009,0,0,0,0,0
2026-04-14,3.66,3.65,1.000000000000023,-0.475,-1.523809523809515,2.874352929252795,0.8780444106651917,-0.0010000000000000009,1,0,0,0,0
2026-04-15,3.72,3.65,7.000000000000028,-0.475,-1.4285714285714197,3.1236425623208266,2.6983149513461386,-0.0010000000000000009,1,1,0,0,1
2026-04-16,3.67,3.65,2.0000000000000018,-0.475,-1.3333333333333244,3.19895816373592,1.0420059165264215,-0.0010000000000000009,1,0,0,0,0
2026-04-17,3.65,3.65,0.0,-0.487,-1.1904761904761822,3.1877742645777345,0.373450593319812,-0.013000000000000012,1,0,0,0,0
2026-04-20,3.63,3.65,-2.0000000000000018,-0.487,-1.1428571428571357,3.166791977470384,-0.2706659809803949,-0.022999999999999965,0,0,0,0,0
2026-04-21,3.63,3.65,-2.0000000000000018,-0.487,-1.0952380952380891,3.1449127476729064,-0.28769062207891005,-0.022999999999999965,0,0,0,0,0
2026-04-22,3.64,3.65,-0.9999999999999787,-0.487,-0.9999999999999939,3.1144823004793842,4.88365447927686e-15,-0.022999999999999965,0,0,0,0,0
2026-04-23,3.65,3.65,0.0,-0.487,-0.9047619047618985,3.1129529695251654,0.29064425759696155,-0.022999999999999965,1,0,0,0,0
2026-04-24,3.66,3.65,1.000000000000023,-0.497,-0.8095238095238031,3.1403669788583812,0.5762141245612139,-0.032999999999999974,1,0,0,0,0
2026-04-27,3.66,3.65,1.000000000000023,-0.497,-0.7619047619047544,3.1607714549577204,0.5574287122661785,-0.03699999999999998,1,0,0,0,0
2026-04-28,3.64,3.65,-0.9999999999999787,-0.497,-0.7142857142857058,3.1486958751656324,-0.09074051513445812,-0.03699999999999998,0,0,0,0,0
2026-04-29,3.63,3.65,-2.0000000000000018,-0.497,-0.7142857142857058,3.1486958751656324,-0.4083323181050831,-0.03699999999999998,0,0,0,0,0
2026-04-30,3.66,3.65,1.000000000000023,-0.497,-0.8095238095238011,3.0597229877726044,0.5914011878706408,-0.03699999999999998,1,0,0,0,0
2026-05-01,3.64,3.65,-0.9999999999999787,-0.505,-0.8571428571428477,3.0542710142635974,-0.04677290986621065,-0.044999999999999984,0,0,0,0,0
2026-05-04,3.63,3.65,-2.0000000000000018,-0.505,-0.9999999999999917,3.0331501776205143,-0.32969023669790837,-0.044999999999999984,0,0,0,0,0
2026-05-05,3.62,3.65,-2.9999999999999805,-0.505,-1.1428571428571337,3.0542710142635983,-0.6080478282607853,-0.044999999999999984,0,0,0,0,0
2026-05-06,3.61,3.65,-4.0000000000000036,-0.505,-1.1904761904761822,3.0922329734197147,-0.9085744294411154,-0.044999999999999984,0,0,0,0,0
2026-05-07,3.6,3.65,-4.999999999999982,-0.505,-1.1428571428571337,3.0213525826309624,-1.2766278518159866,-0.044999999999999984,0,0,0,0,0
2026-05-08,3.6,3.65,-4.999999999999982,-0.509,-0.9999999999999896,2.73861278752571,-1.4605934866805048,-0.03400000000000003,0,0,0,0,0
2026-05-11,3.6,3.65,-4.999999999999982,-0.509,-1.0476190476190361,2.8013602138279863,-1.410879233906203,-0.03400000000000003,0,0,0,0,0
2026-05-12,3.6,3.65,-4.999999999999982,-0.509,-1.1904761904761783,2.926073266667138,-1.3019235891734644,-0.03400000000000003,0,0,0,0,0
2026-05-13,3.59,3.65,-6.000000000000005,-0.509,-1.5238095238095128,3.0597229877726044,-1.4629397805221047,-0.03400000000000003,0,0,0,0,0
2026-05-14,3.56,3.65,-8.999999999999986,-0.509,-2.2857142857142754,2.813234031197027,-2.3866786907269106,-0.03400000000000003,0,0,0,0,0
2026-05-15,3.55,3.65,-10.000000000000009,-0.511,-2.8571428571428474,3.1029939459449203,-2.301924292244156,-0.02400000000000002,0,0,0,0,0
2026-05-18,3.53,3.65,-12.00000000000001,-0.511,-3.428571428571419,3.6134668750581205,-2.372078911416816,-0.02400000000000002,0,0,0,0,0
2026-05-19,3.51,3.65,-14.000000000000012,-0.511,-3.999999999999991,4.266145801540248,-2.3440361546925153,-0.02400000000000002,0,0,0,0,0
2026-05-20,3.5,3.65,-14.999999999999991,-0.511,-4.619047619047611,4.862881763688951,-2.134732630858262,-0.02400000000000002,0,0,0,0,0
2026-05-21,3.51,3.65,-14.000000000000012,-0.511,-5.23809523809523,5.195235912879774,-1.6865268312806927,-0.02400000000000002,0,0,0,0,0
2026-05-22,3.55,3.65,-10.000000000000009,-0.51,-5.714285714285706,5.1492024347742715,-0.832306428034651,-0.013000000000000012,0,0,0,0,0
2026-05-26,3.63,3.65,-2.0000000000000018,-0.51,-5.857142857142851,4.9928520335146125,0.7725329793976882,-0.013000000000000012,0,0,0,0,0
2026-05-27,3.63,3.65,-2.0000000000000018,-0.51,-5.999999999999995,4.827007354458822,0.8286707904650481,-0.013000000000000012,0,0,0,0,0
2026-05-28,3.62,3.65,-2.9999999999999805,-0.51,-6.0952380952380905,4.742412486327581,0.6526716316140172,-0.013000000000000012,0,0,0,0,0
2026-05-29,3.63,3.65,-2.0000000000000018,-0.509,-6.0952380952380905,4.742412486327581,0.8635347741354634,-0.01200000000000001,0,0,0,0,0
2026-06-01,3.65,3.65,0.0,-0.509,-6.142857142857139,4.672105673951625,1.3147941359942668,-0.0040000000000000036,1,0,0,0,0
2026-06-02,3.63,3.65,-2.0000000000000018,-0.509,-6.190476190476188,4.6218940664952815,0.9066577749701145,-0.0040000000000000036,0,0,0,0,0
2026-06-03,3.61,3.65,-4.0000000000000036,-0.509,-6.285714285714283,4.551294949163946,0.5022118564594799,-0.0040000000000000036,0,0,0,0,0
2026-06-04,3.62,3.65,-2.9999999999999805,-0.509,-6.285714285714285,4.551294949163946,0.7219295436605083,-0.0040000000000000036,0,0,0,0,0
2026-06-05,3.63,3.65,-2.0000000000000018,-0.508,-6.190476190476188,4.6218940664952815,0.9066577749701145,-0.0030000000000000027,0,0,0,0,0
2026-06-08,3.63,3.65,-2.0000000000000018,-0.508,-6.047619047619046,4.706125693988482,0.8600745731864743,0.0010000000000000009,0,0,0,0,0
2026-06-09,3.6,3.65,-4.999999999999982,-0.508,-6.047619047619046,4.706125693988482,0.222607536589444,0.0010000000000000009,0,0,0,0,0
2026-06-10,3.59,3.65,-6.000000000000005,-0.508,-6.095238095238095,4.700050658288239,0.02026320611462842,0.0010000000000000009,0,0,0,0,0
2026-06-11,3.6,3.65,-4.999999999999982,-0.508,-6.095238095238095,4.700050658288239,0.2330268703182444,0.0010000000000000009,0,0,0,0,0
2026-06-12,3.65,3.65,0.0,-0.508,-5.809523809523808,4.884864866288961,1.1892905880807532,0.0010000000000000009,1,0,0,0,0
2026-06-15,3.69,3.65,4.0000000000000036,-0.508,-5.190476190476191,5.268956705259995,1.7442686863039412,0.0030000000000000027,1,0,0,0,0
2026-06-16,3.63,3.65,-2.0000000000000018,-0.508,-4.809523809523808,5.192485412777222,0.541074954704807,0.0030000000000000027,0,0,0,0,0
2026-06-17,3.63,3.65,-2.0000000000000018,-0.508,-4.333333333333332,4.953113498935067,0.47108416430089955,0.0030000000000000027,0,0,0,0,0
2026-06-18,3.62,3.65,-2.9999999999999805,-0.508,-3.8095238095238066,4.434174642693291,0.1825647104039471,0.0030000000000000027,0,0,0,0,0
2026-06-22,3.61,3.65,-4.0000000000000036,-0.508,-3.285714285714284,3.621365172733222,-0.19724211180465218,0.0030000000000000027,0,0,0,0,0
2026-06-23,3.62,3.65,-2.9999999999999805,-0.508,-2.7619047619047583,2.6627948081809754,-0.08941554090601192,0.0020000000000000018,0,0,0,0,0
2026-06-24,3.62,3.65,-2.9999999999999805,-0.508,-2.428571428571424,2.087377028028765,-0.2737543643316755,0.0020000000000000018,0,0,0,0,0
2026-06-25,3.64,3.65,-0.9999999999999787,-0.508,-2.380952380952375,2.1089378956286007,0.6548094108483848,0.0020000000000000018,0,0,0,0,0
2026-06-26,3.62,3.65,-2.9999999999999805,-0.514,-2.4285714285714213,2.1111946516468354,-0.27066598098039746,-0.0040000000000000036,0,0,0,0,0
2026-06-29,3.62,3.65,-2.9999999999999805,-0.514,-2.4285714285714213,2.1111946516468354,-0.27066598098039746,-0.0050000000000000044,0,0,0,0,0
2026-06-30,3.68,3.65,3.000000000000025,-0.514,-2.1904761904761822,2.4211370803620578,2.143817561003205,-0.0050000000000000044,1,0,0,0,0
2026-07-01,3.66,3.65,1.000000000000023,-0.514,-2.1428571428571335,2.475595166534864,1.2695359828385315,-0.0050000000000000044,1,0,0,0,0
2026-07-02,3.64,3.65,-0.9999999999999787,-0.514,-2.095238095238085,2.488066757640466,0.44019642635182543,-0.0050000000000000044,0,0,0,0,0
2026-07-06,3.63,3.65,-2.0000000000000018,-0.514,-1.9999999999999896,2.449489742783044,-4.985713170205507e-15,-0.0050000000000000044,0,0,0,0,0
2026-07-07,3.62,3.65,-2.9999999999999805,-0.514,-1.9999999999999896,2.449489742783044,-0.4082482904638816,-0.006000000000000005,0,0,0,0,0
2026-07-08,3.58,3.65,-6.999999999999984,-0.514,-2.2380952380952266,2.6815063286286573,-1.7758320057145014,-0.006000000000000005,0,0,0,0,0
2026-07-09,3.53,3.65,-12.00000000000001,-0.514,-2.7142857142857033,3.422613871631608,-2.713047581171544,-0.006000000000000005,0,0,0,0,0
2026-07-10,3.55,3.65,-10.000000000000009,-0.526,-2.952380952380943,3.748015347836567,-1.8803602423045302,-0.018000000000000016,0,0,0,0,0
2026-07-13,3.6,3.65,-4.999999999999982,-0.526,-2.904761904761894,3.713553041290187,-0.5642138598645535,-0.018000000000000016,0,0,0,0,0
2026-07-14,3.63,3.65,-2.0000000000000018,-0.526,-2.7619047619047516,3.686526304053125,0.20667281312141436,-0.018000000000000016,0,0,0,0,0
2026-07-15,3.64,3.65,-0.9999999999999787,-0.526,-2.809523809523798,3.6553939270486526,0.4950284006694787,-0.018000000000000016,0,0,0,0,0
2026-07-16,3.62,3.65,-2.9999999999999805,-0.526,-3.1428571428571312,3.3058389901159515,0.043213581570147826,-0.018000000000000016,0,0,0,0,0
2026-07-17,3.59,3.65,-6.000000000000005,-0.53,-3.333333333333322,3.351616525399762,-0.7956359704213531,-0.02200000000000002,0,0,0,0,0
2026-07-20,3.57,3.65,-8.000000000000007,-0.53,-3.6190476190476084,3.4853434619300447,-1.2569643218250868,-0.02200000000000002,0,0,0,0,0
2026-07-21,3.61,3.65,-4.0000000000000036,-0.53,-3.6666666666666563,3.483293460696758,-0.09569487529387521,-0.02200000000000002,0,0,0,0,0
2026-07-22,3.62,3.65,-2.9999999999999805,-0.53,-3.6190476190476084,3.4853434619300447,0.17761452373615538,-0.02200000000000002,0,0,0,0,0
2026-07-23,3.64,3.65,-0.9999999999999787,-0.53,-3.523809523809512,3.5301423146814095,0.7149313820333342,-0.02200000000000002,0,0,0,0,0
2026-07-24,3.64,3.65,-0.9999999999999787,-0.536,-3.4285714285714177,3.5717142742865526,0.6799456065271471,-0.028000000000000025,0,0,0,0,0
2026-07-27,3.64,3.65,-0.9999999999999787,-0.536,-3.4285714285714173,3.5717142742865526,0.679945606527147,-0.02200000000000002,0,0,0,0,0
2026-07-28,3.65,3.65,0.0,-0.536,-3.285714285714275,3.648874581879345,0.900473341021761,-0.02200000000000002,1,0,0,0,0
2026-07-29,3.65,3.65,0.0,-0.536,-3.1428571428571335,3.7186787208053977,0.8451542547285311,-0.02200000000000002,1,0,0,0,0
2026-07-30,3.65,3.65,0.0,-0.536,-3.2857142857142776,3.5233912235636202,0.9325431316682024,-0.02200000000000002,1,0,0,0,0
2026-07-31,3.66,3.65,1.000000000000023,-0.541,-3.2857142857142767,3.5233912235636202,1.216360606523749,-0.027000000000000024,1,0,0,0,0
2026-08-03,3.65,3.65,0.0,-0.541,-3.2380952380952306,3.5623694629383427,0.9089723207497851,-0.027000000000000024,1,0,0,0,0
2026-08-04,3.66,3.65,1.000000000000023,-0.541,-3.095238095238087,3.672938359199024,1.1149759932620211,-0.027000000000000024,1,0,0,0,0
2026-08-05,3.64,3.65,-0.9999999999999787,-0.541,-2.999999999999991,3.701351104664272,0.5403432269583138,-0.027000000000000024,0,0,0,0,0
2026-08-06,3.65,3.65,0.0,-0.541,-2.6666666666666585,3.637764881535467,0.7330508577401745,-0.027000000000000024,1,0,0,0,0
2026-08-07,3.62,3.65,-2.9999999999999805,-0.546,-2.238095238095229,2.947961361767751,-0.25845140705910535,-0.020000000000000018,0,0,0,0,0
2026-08-10,3.63,3.65,-2.0000000000000018,-0.546,-1.8571428571428477,2.3512914384590404,-0.06075688471471576,-0.020000000000000018,0,0,0,0,0
2026-08-11,3.64,3.65,-0.9999999999999787,-0.546,-1.6666666666666567,2.2435091560617004,0.2971535306042422,-0.020000000000000018,0,0,0,0,0
2026-08-12,3.62,3.65,-2.9999999999999805,-0.546,-1.7142857142857035,2.26147865660613,-0.568528153895464,-0.020000000000000018,0,0,0,0,0
2026-08-13,3.62,3.65,-2.9999999999999805,-0.546,-1.8095238095237987,2.2719825619718375,-0.5239812181669986,-0.020000000000000018,0,0,0,0,0
2026-08-14,3.62,3.65,-2.9999999999999805,-0.551,-1.8095238095237987,2.2719825619718375,-0.5239812181669986,-0.02100000000000002,0,0,0,0,0
2026-08-17,3.66,3.65,1.000000000000023,-0.551,-1.4761904761904643,2.135861597085377,1.159340324096621,-0.02100000000000002,1,0,0,0,0
2026-08-18,3.65,3.65,0.0,-0.551,-1.0952380952380827,1.5461164867096844,0.7083800636321242,-0.02100000000000002,1,0,0,0,0
2026-08-19,3.62,3.65,-2.9999999999999805,-0.551,-1.0476190476190341,1.465475706935583,-1.3322506426691425,-0.02100000000000002,0,0,0,0,0
2026-08-20,3.63,3.65,-2.0000000000000018,-0.551,-0.9999999999999875,1.4142135623728478,-0.7071067811866812,-0.02100000000000002,0,0,0,0,0
2026-08-21,3.65,3.65,0.0,-0.555,-0.9523809523809409,1.4309504001251563,0.665558325639828,-0.019000000000000017,1,0,0,0,0
2026-08-24,3.65,3.65,0.0,-0.555,-0.9047619047618942,1.445847914019827,0.6257656119905618,-0.019000000000000017,1,0,0,0,0
2026-08-25,3.66,3.65,1.000000000000023,-0.555,-0.809523809523799,1.5039630187953612,1.2031704150366729,-0.019000000000000017,1,0,0,0,0
2026-08-26,3.64,3.65,-0.9999999999999787,-0.555,-0.8571428571428457,1.492840054584122,-0.09569487529387763,-0.019000000000000017,0,0,0,0,0
2026-08-27,3.64,3.65,-0.9999999999999787,-0.555,-0.9047619047618922,1.480025739801673,-0.06434894520878305,-0.019000000000000017,0,0,0,0,0
2026-08-28,3.65,3.65,0.0,-0.56,-0.9047619047618922,1.480025739801673,0.6113149794834869,-0.019000000000000017,1,0,0,0,0
2026-08-31,3.68,3.65,3.000000000000025,-0.56,-0.8095238095237967,1.661897939677422,2.2922730202453097,-0.019000000000000017,1,0,0,0,0
2026-09-01,3.66,3.65,1.000000000000023,-0.56,-0.761904761904748,1.7001400502533577,1.0363291904347582,-0.019000000000000017,1,0,0,0,0
2026-09-02,3.65,3.65,0.0,-0.56,-0.8095238095237969,1.661897939677422,0.4871080168021191,-0.019000000000000017,1,0,0,0,0
2026-09-03,3.66,3.65,1.000000000000023,-0.56,-0.7142857142857015,1.7071279138614688,1.004192890506995,-0.019000000000000017,1,0,0,0,0
2026-09-04,3.65,3.65,0.0,-0.564,-0.7142857142857015,1.7071279138614688,0.4184137043779046,-0.017999999999999905,1,0,0,0,0
2026-09-08,3.64,3.65,-0.9999999999999787,-0.564,-0.6190476190476062,1.6271505915613165,-0.23412238727506676,-0.017999999999999905,0,0,0,0,0
2026-09-09,3.64,3.65,-0.9999999999999787,-0.564,-0.5714285714285575,1.5991068935947175,-0.2680067419433185,-0.017999999999999905,0,0,0,0,0
2026-09-10,3.62,3.65,-2.9999999999999805,-0.564,-0.6666666666666528,1.6832508230601362,-1.3862065601675138,-0.017999999999999905,0,0,0,0,0
