,DGS2,POLICY_RATE,SPREAD
1994-01-03,4.3,3.15,1.15
1994-01-04,4.29,3.03,1.2600000000000002
1994-01-05,4.31,3.46,0.8499999999999996
1994-01-06,4.24,3.08,1.1600000000000001
1994-01-07,4.09,2.96,1.13
1994-01-10,4.08,3.02,1.06
1994-01-11,4.08,2.97,1.1099999999999999
1994-01-12,4.05,2.93,1.1199999999999997
1994-01-13,4.13,2.94,1.19
1994-01-14,4.17,2.95,1.2199999999999998
1994-01-18,4.14,3.97,0.16999999999999948
1994-01-19,4.12,3.2,0.9199999999999999
1994-01-20,4.07,2.97,1.1
1994-01-21,4.09,2.91,1.1799999999999997
1994-01-24,4.09,3.04,1.0499999999999998
1994-01-25,4.11,3.04,1.0700000000000003
1994-01-26,4.13,3.04,1.0899999999999999
1994-01-27,4.11,3.0,1.1100000000000003
1994-01-28,4.08,2.98,1.1
1994-01-31,4.12,3.68,0.43999999999999995
1994-02-01,4.2,3.25,0.9500000000000002
1994-02-02,4.2,3.31,0.8900000000000001
1994-02-03,4.28,3.12,1.1600000000000001
1994-02-04,4.42,3.19,1.23
1994-02-07,4.41,3.31,1.1
1994-02-08,4.44,3.24,1.2000000000000002
1994-02-09,4.43,3.15,1.2799999999999998
1994-02-10,4.45,3.16,1.29
1994-02-11,4.44,3.14,1.3000000000000003
1994-02-14,4.44,3.35,1.0900000000000003
1994-02-15,4.44,3.49,0.9500000000000002
1994-02-16,4.44,3.34,1.1000000000000005
1994-02-17,4.5,3.3,1.2000000000000002
1994-02-18,4.57,3.21,1.3600000000000003
1994-02-22,4.57,3.33,1.2400000000000002
1994-02-23,4.67,3.25,1.42
1994-02-24,4.72,3.25,1.4699999999999998
1994-02-25,4.72,3.23,1.4899999999999998
1994-02-28,4.67,3.49,1.1799999999999997
1994-03-01,4.81,3.31,1.4999999999999996
1994-03-02,4.79,3.24,1.5499999999999998
1994-03-03,4.83,3.26,1.5700000000000003
1994-03-04,4.88,3.25,1.63
1994-03-07,4.87,3.29,1.58
1994-03-08,4.92,3.24,1.6799999999999997
1994-03-09,4.96,3.22,1.7399999999999998
1994-03-10,4.96,3.22,1.7399999999999998
1994-03-11,4.95,3.17,1.7800000000000002
1994-03-14,4.99,3.3,1.6900000000000004
1994-03-15,4.99,3.25,1.7400000000000002
1994-03-16,4.96,3.05,1.9100000000000001
1994-03-17,4.94,3.24,1.7000000000000002
1994-03-18,5.03,3.22,1.81
1994-03-21,5.09,3.36,1.73
1994-03-22,5.03,3.44,1.5900000000000003
1994-03-23,5.0,3.47,1.5299999999999998
1994-03-24,5.08,3.49,1.5899999999999999
1994-03-25,5.1,3.53,1.5699999999999998
1994-03-28,5.12,3.53,1.5900000000000003
1994-03-29,5.19,3.45,1.7400000000000002
1994-03-30,5.19,3.36,1.8300000000000005
1994-03-31,5.21,4.18,1.0300000000000002
1994-04-04,5.57,3.62,1.9500000000000002
1994-04-05,5.45,3.6,1.85
1994-04-06,5.4,3.48,1.9200000000000004
1994-04-07,5.37,3.46,1.9100000000000001
1994-04-08,5.43,3.36,2.07
1994-04-11,5.43,3.41,2.0199999999999996
1994-04-12,5.4,3.24,2.16
1994-04-13,5.43,3.43,1.9999999999999996
1994-04-14,5.49,3.49,2.0
1994-04-15,5.51,3.51,2.0
1994-04-18,5.7,3.7,2.0
1994-04-19,5.7,3.71,1.9900000000000002
1994-04-20,5.67,3.71,1.96
1994-04-21,5.59,3.7,1.8899999999999997
1994-04-22,5.62,3.7,1.92
1994-04-25,5.61,3.78,1.8300000000000005
1994-04-26,5.59,3.42,2.17
1994-04-28,5.75,3.66,2.09
1994-04-29,5.73,3.73,2.0000000000000004
1994-05-02,5.81,3.86,1.9499999999999997
1994-05-03,5.86,3.81,2.0500000000000003
1994-05-04,5.89,3.78,2.11
1994-05-05,5.88,3.77,2.11
1994-05-06,6.12,3.78,2.3400000000000003
1994-05-09,6.26,3.77,2.4899999999999998
1994-05-10,6.13,3.58,2.55
1994-05-11,6.2,3.42,2.7800000000000002
1994-05-12,6.13,3.78,2.35
1994-05-13,6.05,3.84,2.21
1994-05-16,6.03,4.29,1.7400000000000002
1994-05-17,5.88,4.27,1.6100000000000003
1994-05-18,5.83,4.26,1.5700000000000003
1994-05-19,5.73,4.23,1.5
1994-05-20,5.8,4.21,1.5899999999999999
1994-05-23,5.94,4.28,1.6600000000000001
1994-05-24,5.94,4.19,1.75
1994-05-25,5.95,4.24,1.71
1994-05-26,5.92,4.23,1.6899999999999995
1994-05-27,5.97,4.19,1.7799999999999994
1994-05-31,6.01,4.6,1.4100000000000001
1994-06-01,5.98,4.33,1.6500000000000004
1994-06-02,5.93,4.25,1.6799999999999997
1994-06-03,5.84,4.16,1.6799999999999997
1994-06-06,5.78,4.17,1.6100000000000003
1994-06-07,5.8,4.03,1.7699999999999996
1994-06-08,5.78,4.0,1.7800000000000002
1994-06-09,5.8,4.17,1.63
1994-06-10,5.85,4.18,1.67
1994-06-13,5.91,4.24,1.67
1994-06-14,5.81,4.23,1.5799999999999992
1994-06-15,5.88,4.3,1.58
1994-06-16,5.83,4.26,1.5700000000000003
1994-06-17,5.88,4.17,1.71
1994-06-20,5.92,4.24,1.6799999999999997
1994-06-21,6.04,4.14,1.9000000000000004
1994-06-22,5.97,4.18,1.79
1994-06-23,5.94,4.18,1.7600000000000007
1994-06-24,6.06,4.17,1.8899999999999997
1994-06-27,6.05,4.29,1.7599999999999998
1994-06-28,6.13,4.21,1.92
1994-06-29,6.12,4.15,1.9699999999999998
1994-06-30,6.19,5.96,0.23000000000000043
1994-07-01,6.19,3.82,2.3700000000000006
1994-07-05,6.14,4.37,1.7699999999999996
1994-07-06,6.11,5.02,1.0900000000000007
1994-07-07,6.11,4.36,1.75
1994-07-08,6.25,4.32,1.9299999999999997
1994-07-11,6.29,4.31,1.9800000000000004
1994-07-12,6.24,4.23,2.01
1994-07-13,6.22,4.22,2.0
1994-07-14,6.05,4.22,1.83
1994-07-15,6.04,4.22,1.8200000000000003
1994-07-18,5.99,4.23,1.7599999999999998
1994-07-19,5.94,4.19,1.75
1994-07-20,6.06,4.78,1.2799999999999994
1994-07-21,6.11,4.3,1.8100000000000005
1994-07-22,6.15,4.26,1.8900000000000006
1994-07-25,6.13,4.32,1.8099999999999996
1994-07-26,6.16,4.26,1.9000000000000004
1994-07-27,6.22,4.28,1.9399999999999995
1994-07-28,6.21,4.3,1.9100000000000001
1994-07-29,5.99,4.29,1.7000000000000002
1994-08-01,6.03,4.34,1.6900000000000004
1994-08-02,5.98,4.21,1.7700000000000005
1994-08-03,5.96,4.25,1.71
1994-08-04,5.98,4.28,1.7000000000000002
1994-08-05,6.18,4.28,1.8999999999999995
1994-08-08,6.22,4.3,1.92
1994-08-09,6.26,4.23,2.0299999999999994
1994-08-10,6.21,4.19,2.0199999999999996
1994-08-11,6.26,4.22,2.04
1994-08-12,6.22,4.22,2.0
1994-08-15,6.26,4.5,1.7599999999999998
1994-08-16,6.21,4.35,1.8600000000000003
1994-08-17,6.14,4.72,1.42
1994-08-18,6.23,4.7,1.5300000000000002
1994-08-19,6.23,4.64,1.5900000000000007
1994-08-22,6.27,4.69,1.5799999999999992
1994-08-23,6.26,4.64,1.62
1994-08-24,6.18,4.64,1.54
1994-08-25,6.24,4.75,1.4900000000000002
1994-08-26,6.21,4.71,1.5
1994-08-29,6.2,4.78,1.42
1994-08-30,6.18,4.67,1.5099999999999998
1994-08-31,6.17,4.7,1.4699999999999998
1994-09-01,6.15,4.76,1.3900000000000006
1994-09-02,6.17,4.72,1.4500000000000002
1994-09-06,6.22,4.81,1.4100000000000001
1994-09-07,6.22,4.74,1.4799999999999995
1994-09-08,6.22,4.72,1.5
1994-09-09,6.35,4.68,1.67
1994-09-12,6.37,4.73,1.6399999999999997
1994-09-13,6.35,4.64,1.71
1994-09-14,6.33,4.78,1.5499999999999998
1994-09-15,6.28,4.79,1.4900000000000002
1994-09-16,6.42,4.68,1.7400000000000002
1994-09-19,6.39,4.71,1.6799999999999997
1994-09-20,6.44,4.7,1.7400000000000002
1994-09-21,6.52,4.87,1.6499999999999995
1994-09-22,6.5,4.78,1.7199999999999998
1994-09-23,6.52,4.71,1.8099999999999996
1994-09-26,6.54,4.78,1.7599999999999998
1994-09-27,6.52,4.29,2.2299999999999995
1994-09-28,6.51,4.61,1.8999999999999995
1994-09-29,6.6,4.77,1.83
1994-09-30,6.62,5.44,1.1799999999999997
1994-10-03,6.69,4.83,1.8600000000000003
1994-10-04,6.68,4.78,1.8999999999999995
1994-10-05,6.73,4.77,1.9600000000000009
1994-10-06,6.71,4.77,1.9400000000000004
1994-10-07,6.65,4.57,2.08
1994-10-11,6.63,4.71,1.92
1994-10-12,6.67,4.56,2.1100000000000003
1994-10-13,6.63,4.71,1.92
1994-10-14,6.57,4.71,1.8600000000000003
1994-10-17,6.61,4.78,1.83
1994-10-18,6.61,4.71,1.9000000000000004
1994-10-19,6.66,4.69,1.9699999999999998
1994-10-20,6.77,4.7,2.0699999999999994
1994-10-21,6.8,4.68,2.12
1994-10-24,6.84,4.72,2.12
1994-10-25,6.87,4.67,2.2
1994-10-26,6.9,4.88,2.0200000000000005
1994-10-27,6.89,4.77,2.12
1994-10-28,6.82,4.76,2.0600000000000005
1994-10-31,6.84,4.9,1.9399999999999995
1994-11-01,6.93,4.76,2.17
1994-11-02,6.96,4.67,2.29
1994-11-03,6.98,4.71,2.2700000000000005
1994-11-04,7.05,4.66,2.3899999999999997
1994-11-07,7.06,4.69,2.369999999999999
1994-11-08,7.02,4.51,2.51
1994-11-09,7.01,5.28,1.7299999999999995
1994-11-10,7.06,4.99,2.0699999999999994
1994-11-14,7.06,5.48,1.5799999999999992
1994-11-15,7.1,5.59,1.5099999999999998
1994-11-16,7.15,5.53,1.62
1994-11-17,7.21,5.51,1.7000000000000002
1994-11-18,7.23,5.43,1.8000000000000007
1994-11-21,7.3,5.49,1.8099999999999996
1994-11-22,7.29,5.43,1.8600000000000003
1994-11-23,7.18,6.0,1.1799999999999997
1994-11-25,7.19,6.03,1.1600000000000001
1994-11-28,7.35,5.67,1.6799999999999997
1994-11-29,7.44,5.54,1.9000000000000004
1994-11-30,7.4,5.66,1.7400000000000002
1994-12-01,7.42,5.49,1.9299999999999997
1994-12-02,7.44,5.42,2.0200000000000005
1994-12-05,7.58,5.4,2.1799999999999997
1994-12-06,7.44,5.07,2.37
1994-12-07,7.48,6.09,1.3900000000000006
1994-12-08,7.51,5.53,1.9799999999999995
1994-12-09,7.53,5.48,2.05
1994-12-12,7.62,5.52,2.1000000000000005
1994-12-13,7.71,5.41,2.3
1994-12-14,7.59,5.46,2.13
1994-12-15,7.54,5.61,1.9299999999999997
1994-12-16,7.59,5.34,2.25
1994-12-19,7.59,5.27,2.3200000000000003
1994-12-20,7.56,5.43,2.13
1994-12-21,7.58,6.56,1.0200000000000005
1994-12-22,7.7,5.8,1.9000000000000004
1994-12-23,7.74,5.31,2.4300000000000006
1994-12-27,7.67,5.6,2.0700000000000003
1994-12-28,7.71,5.48,2.2299999999999995
1994-12-29,7.69,5.49,2.2
1994-12-30,7.69,4.94,2.75
1995-01-03,7.73,5.98,1.75
1995-01-04,7.62,6.59,1.0300000000000002
1995-01-05,7.66,5.72,1.9400000000000004
1995-01-06,7.64,5.52,2.12
1995-01-09,7.68,5.52,2.16
1995-01-10,7.63,5.44,2.1899999999999995
1995-01-11,7.58,5.44,2.1399999999999997
1995-01-12,7.56,5.5,2.0599999999999996
1995-01-13,7.39,5.47,1.92
1995-01-17,7.44,5.69,1.75
1995-01-18,7.48,5.06,2.420000000000001
1995-01-19,7.49,5.44,2.05
1995-01-20,7.5,5.37,2.13
1995-01-23,7.5,5.47,2.0300000000000002
1995-01-24,7.57,5.45,2.12
1995-01-25,7.5,5.46,2.04
1995-01-26,7.39,5.53,1.8599999999999994
1995-01-27,7.29,5.67,1.62
1995-01-30,7.23,5.76,1.4700000000000006
1995-01-31,7.26,5.86,1.3999999999999995
1995-02-01,7.33,5.25,2.08
1995-02-02,7.4,5.98,1.42
1995-02-03,7.14,5.94,1.1999999999999993
1995-02-06,7.18,5.99,1.1899999999999995
1995-02-07,7.19,5.94,1.25
1995-02-08,7.18,5.93,1.25
1995-02-09,7.23,5.95,1.2800000000000002
1995-02-10,7.33,5.94,1.3899999999999997
1995-02-13,7.32,6.0,1.3200000000000003
1995-02-14,7.21,5.82,1.3899999999999997
1995-02-15,7.12,5.95,1.17
1995-02-16,7.02,5.96,1.0599999999999996
1995-02-17,7.07,5.93,1.1400000000000006
1995-02-21,7.09,5.99,1.0999999999999996
1995-02-22,6.92,5.9,1.0199999999999996
1995-02-23,6.92,5.91,1.0099999999999998
1995-02-24,6.89,5.87,1.0199999999999996
1995-02-27,6.79,5.99,0.7999999999999998
1995-02-28,6.79,6.1,0.6900000000000004
1995-03-01,6.81,5.56,1.25
1995-03-02,6.88,5.94,0.9399999999999995
1995-03-03,6.89,5.93,0.96
1995-03-06,6.96,5.95,1.0099999999999998
1995-03-07,7.0,5.93,1.0700000000000003
1995-03-08,6.93,5.91,1.0199999999999996
1995-03-09,6.83,5.92,0.9100000000000001
1995-03-10,6.83,5.9,0.9299999999999997
1995-03-13,6.76,5.96,0.7999999999999998
1995-03-14,6.69,5.93,0.7600000000000007
1995-03-15,6.71,6.06,0.6500000000000004
1995-03-16,6.68,5.97,0.71
1995-03-17,6.69,5.95,0.7400000000000002
1995-03-20,6.69,6.0,0.6900000000000004
1995-03-21,6.71,5.97,0.7400000000000002
1995-03-22,6.75,5.97,0.7800000000000002
1995-03-23,6.75,6.01,0.7400000000000002
1995-03-24,6.64,6.03,0.6099999999999994
1995-03-27,6.62,6.13,0.4900000000000002
1995-03-28,6.73,6.1,0.6300000000000008
1995-03-29,6.73,6.07,0.6600000000000001
1995-03-30,6.76,6.16,0.5999999999999996
1995-03-31,6.8,6.3,0.5
1995-04-03,6.75,6.28,0.46999999999999975
1995-04-04,6.71,6.08,0.6299999999999999
1995-04-05,6.7,5.98,0.7199999999999998
1995-04-06,6.66,5.95,0.71
1995-04-07,6.65,5.94,0.71
1995-04-10,6.66,6.0,0.6600000000000001
1995-04-11,6.65,5.91,0.7400000000000002
1995-04-12,6.61,6.17,0.4400000000000004
1995-04-13,6.51,6.17,0.33999999999999986
1995-04-17,6.48,6.14,0.34000000000000075
1995-04-18,6.44,5.98,0.45999999999999996
1995-04-19,6.51,5.92,0.5899999999999999
1995-04-20,6.43,5.96,0.46999999999999975
1995-04-21,6.44,5.93,0.5100000000000007
1995-04-24,6.46,5.98,0.47999999999999954
1995-04-25,6.48,5.97,0.5100000000000007
1995-04-26,6.5,6.23,0.2699999999999996
1995-04-27,6.55,6.04,0.5099999999999998
1995-04-28,6.6,6.06,0.54
1995-05-01,6.62,6.1,0.5200000000000005
1995-05-02,6.55,6.01,0.54
1995-05-03,6.47,6.0,0.46999999999999975
1995-05-04,6.35,6.01,0.33999999999999986
1995-05-05,6.16,5.98,0.17999999999999972
1995-05-08,6.18,6.04,0.13999999999999968
1995-05-09,6.08,5.95,0.1299999999999999
1995-05-10,6.11,6.03,0.08000000000000007
1995-05-11,6.2,6.0,0.20000000000000018
1995-05-12,6.2,5.99,0.20999999999999996
1995-05-15,6.16,6.17,-0.009999999999999787
1995-05-16,6.11,6.01,0.10000000000000053
1995-05-17,6.11,5.97,0.14000000000000057
1995-05-18,6.18,5.98,0.1999999999999993
1995-05-19,6.19,5.94,0.25
1995-05-22,6.19,6.0,0.1900000000000004
1995-05-23,6.15,5.96,0.1900000000000004
1995-05-24,6.01,6.16,-0.15000000000000036
1995-05-25,5.99,6.04,-0.04999999999999982
1995-05-26,5.97,5.97,0.0
1995-05-30,5.89,6.07,-0.1800000000000006
1995-05-31,5.89,6.17,-0.28000000000000025
1995-06-01,5.71,6.04,-0.33000000000000007
1995-06-02,5.54,6.02,-0.47999999999999954
1995-06-05,5.54,5.99,-0.4500000000000002
1995-06-06,5.57,5.96,-0.3899999999999997
1995-06-07,5.74,6.15,-0.41000000000000014
1995-06-08,5.82,6.08,-0.2599999999999998
1995-06-09,6.01,6.02,-0.009999999999999787
1995-06-12,5.96,6.02,-0.05999999999999961
1995-06-13,5.63,5.97,-0.33999999999999986
1995-06-14,5.67,5.99,-0.3200000000000003
1995-06-15,5.73,6.1,-0.3699999999999992
1995-06-16,5.77,6.02,-0.25
1995-06-19,5.65,6.05,-0.39999999999999947
1995-06-20,5.72,6.01,-0.29000000000000004
1995-06-21,5.68,5.77,-0.08999999999999986
1995-06-22,5.61,5.99,-0.3799999999999999
1995-06-23,5.64,5.94,-0.3000000000000007
1995-06-26,5.71,5.99,-0.28000000000000025
1995-06-27,5.7,5.94,-0.2400000000000002
1995-06-28,5.67,5.92,-0.25
1995-06-29,5.89,5.96,-0.07000000000000028
1995-06-30,5.79,6.11,-0.3200000000000003
1995-07-03,5.79,5.89,-0.09999999999999964
1995-07-05,5.78,7.41,-1.63
1995-07-06,5.56,6.06,-0.5
1995-07-07,5.54,5.77,-0.22999999999999954
1995-07-10,5.56,5.78,-0.22000000000000064
1995-07-11,5.59,5.75,-0.16000000000000014
1995-07-12,5.59,5.74,-0.15000000000000036
1995-07-13,5.61,5.75,-0.13999999999999968
1995-07-14,5.7,5.68,0.020000000000000462
1995-07-17,5.77,5.76,0.009999999999999787
1995-07-18,5.77,5.67,0.09999999999999964
1995-07-19,5.89,5.82,0.0699999999999994
1995-07-20,5.91,5.8,0.11000000000000032
1995-07-21,5.95,5.74,0.20999999999999996
1995-07-24,5.97,5.75,0.21999999999999975
1995-07-25,5.94,5.73,0.20999999999999996
1995-07-26,5.97,5.76,0.20999999999999996
1995-07-27,5.91,5.78,0.1299999999999999
1995-07-28,5.92,5.77,0.15000000000000036
1995-07-31,5.88,5.97,-0.08999999999999986
1995-08-01,5.94,5.55,0.39000000000000057
1995-08-02,5.86,6.21,-0.34999999999999964
1995-08-03,5.94,5.79,0.15000000000000036
1995-08-04,5.91,5.72,0.1900000000000004
1995-08-07,5.9,5.76,0.14000000000000057
1995-08-08,5.9,5.7,0.20000000000000018
1995-08-09,5.93,5.67,0.2599999999999998
1995-08-10,5.95,5.68,0.27000000000000046
1995-08-11,6.05,5.67,0.3799999999999999
1995-08-14,6.05,5.76,0.29000000000000004
1995-08-15,6.11,5.9,0.20999999999999996
1995-08-16,6.07,5.86,0.20999999999999996
1995-08-17,6.12,5.76,0.3600000000000003
1995-08-18,6.13,5.68,0.4500000000000002
1995-08-21,6.08,5.71,0.3700000000000001
1995-08-22,6.1,5.68,0.41999999999999993
1995-08-23,6.11,5.68,0.4300000000000006
1995-08-24,6.0,5.71,0.29000000000000004
1995-08-25,5.9,5.71,0.1900000000000004
1995-08-28,5.85,5.72,0.1299999999999999
1995-08-29,5.93,5.48,0.4499999999999993
1995-08-30,5.88,5.9,-0.020000000000000462
1995-08-31,5.85,5.93,-0.08000000000000007
1995-09-01,5.78,5.72,0.0600000000000005
1995-09-05,5.77,5.86,-0.09000000000000075
1995-09-06,5.76,5.75,0.009999999999999787
1995-09-07,5.8,5.74,0.05999999999999961
1995-09-08,5.85,5.67,0.17999999999999972
1995-09-11,5.83,5.73,0.09999999999999964
1995-09-12,5.77,5.65,0.11999999999999922
1995-09-13,5.8,5.96,-0.16000000000000014
1995-09-14,5.68,5.88,-0.20000000000000018
1995-09-15,5.71,5.8,-0.08999999999999986
1995-09-18,5.77,5.76,0.009999999999999787
1995-09-19,5.75,5.73,0.019999999999999574
1995-09-20,5.73,5.72,0.010000000000000675
1995-09-21,5.83,5.71,0.1200000000000001
1995-09-22,5.85,5.66,0.1899999999999995
1995-09-25,5.89,5.75,0.13999999999999968
1995-09-26,5.88,5.73,0.14999999999999947
1995-09-27,5.92,6.45,-0.5300000000000002
1995-09-28,5.92,6.05,-0.1299999999999999
1995-09-29,5.83,6.2,-0.3700000000000001
1995-10-02,5.82,5.93,-0.10999999999999943
1995-10-03,5.8,5.75,0.04999999999999982
1995-10-04,5.75,5.69,0.05999999999999961
1995-10-05,5.72,5.69,0.02999999999999936
1995-10-06,5.73,5.65,0.08000000000000007
1995-10-10,5.74,5.74,0.0
1995-10-11,5.75,6.01,-0.2599999999999998
1995-10-12,5.72,5.8,-0.08000000000000007
1995-10-13,5.67,5.7,-0.03000000000000025
1995-10-16,5.67,5.74,-0.07000000000000028
1995-10-17,5.65,5.66,-0.009999999999999787
1995-10-18,5.67,5.65,0.019999999999999574
1995-10-19,5.67,5.7,-0.03000000000000025
1995-10-20,5.72,5.7,0.019999999999999574
1995-10-23,5.76,5.74,0.019999999999999574
1995-10-24,5.68,5.7,-0.020000000000000462
1995-10-25,5.64,6.09,-0.4500000000000002
1995-10-26,5.61,5.76,-0.14999999999999947
1995-10-27,5.64,5.68,-0.040000000000000036
1995-10-30,5.62,5.78,-0.16000000000000014
1995-10-31,5.61,5.97,-0.35999999999999943
1995-11-01,5.52,5.76,-0.2400000000000002
1995-11-02,5.46,5.72,-0.2599999999999998
1995-11-03,5.49,5.66,-0.16999999999999993
1995-11-06,5.51,5.71,-0.20000000000000018
1995-11-07,5.54,5.65,-0.11000000000000032
1995-11-08,5.47,5.93,-0.45999999999999996
1995-11-09,5.49,5.74,-0.25
1995-11-10,5.52,5.68,-0.16000000000000014
1995-11-13,5.49,5.74,-0.25
1995-11-14,5.47,5.71,-0.2400000000000002
1995-11-15,5.53,5.94,-0.41000000000000014
1995-11-16,5.46,5.84,-0.3799999999999999
1995-11-17,5.46,5.7,-0.2400000000000002
1995-11-20,5.46,5.73,-0.27000000000000046
1995-11-21,5.49,5.68,-0.1899999999999995
1995-11-22,5.51,6.31,-0.7999999999999998
1995-11-24,5.49,5.97,-0.47999999999999954
1995-11-27,5.46,5.77,-0.3099999999999996
1995-11-28,5.45,5.69,-0.2400000000000002
1995-11-29,5.42,5.72,-0.2999999999999998
1995-11-30,5.36,6.11,-0.75
1995-12-01,5.32,5.56,-0.23999999999999932
1995-12-04,5.27,5.74,-0.47000000000000064
1995-12-05,5.29,5.72,-0.4299999999999997
1995-12-06,5.32,5.99,-0.6699999999999999
1995-12-07,5.39,5.82,-0.4300000000000006
1995-12-08,5.39,5.73,-0.34000000000000075
1995-12-11,5.38,5.73,-0.35000000000000053
1995-12-12,5.39,5.69,-0.3000000000000007
1995-12-13,5.39,5.7,-0.3100000000000005
1995-12-14,5.38,5.82,-0.4400000000000004
1995-12-15,5.36,5.78,-0.41999999999999993
1995-12-18,5.43,5.76,-0.33000000000000007
1995-12-19,5.36,5.63,-0.2699999999999996
1995-12-20,5.33,6.74,-1.4100000000000001
1995-12-21,5.33,5.74,-0.41000000000000014
1995-12-22,5.28,5.44,-0.16000000000000014
1995-12-26,5.27,5.5,-0.23000000000000043
1995-12-27,5.23,5.39,-0.15999999999999925
1995-12-28,5.2,5.53,-0.33000000000000007
1995-12-29,5.18,4.73,0.4499999999999993
1996-01-02,5.18,6.06,-0.8799999999999999
1996-01-03,5.17,6.93,-1.7599999999999998
1996-01-04,5.17,5.69,-0.5200000000000005
1996-01-05,5.2,5.46,-0.2599999999999998
1996-01-08,5.2,6.01,-0.8099999999999996
1996-01-09,5.18,5.28,-0.10000000000000053
1996-01-10,5.22,5.35,-0.1299999999999999
1996-01-11,5.22,5.52,-0.2999999999999998
1996-01-12,5.17,5.5,-0.33000000000000007
1996-01-16,5.08,5.84,-0.7599999999999998
1996-01-17,5.05,5.91,-0.8600000000000003
1996-01-18,5.01,5.51,-0.5
1996-01-19,5.03,5.4,-0.3700000000000001
1996-01-22,5.08,5.46,-0.3799999999999999
1996-01-23,5.09,5.44,-0.35000000000000053
1996-01-24,5.07,5.5,-0.4299999999999997
1996-01-25,5.11,5.56,-0.4499999999999993
1996-01-26,5.08,5.51,-0.4299999999999997
1996-01-29,5.1,5.53,-0.4300000000000006
1996-01-30,5.02,5.37,-0.35000000000000053
1996-01-31,4.93,5.71,-0.7800000000000002
1996-02-01,4.93,5.27,-0.33999999999999986
1996-02-02,4.9,5.23,-0.33000000000000007
1996-02-05,4.95,5.23,-0.28000000000000025
1996-02-06,4.93,5.16,-0.23000000000000043
1996-02-07,4.92,5.13,-0.20999999999999996
1996-02-08,4.9,5.18,-0.27999999999999936
1996-02-09,4.85,5.17,-0.3200000000000003
1996-02-12,4.83,5.12,-0.29000000000000004
1996-02-13,4.8,4.93,-0.1299999999999999
1996-02-14,4.82,4.92,-0.09999999999999964
1996-02-15,4.87,5.36,-0.4900000000000002
1996-02-16,4.9,5.13,-0.22999999999999954
1996-02-20,5.18,5.2,-0.020000000000000462
1996-02-21,5.16,5.1,0.0600000000000005
1996-02-22,5.11,5.15,-0.040000000000000036
1996-02-23,5.13,5.14,-0.009999999999999787
1996-02-26,5.18,5.19,-0.010000000000000675
1996-02-27,5.28,5.2,0.08000000000000007
1996-02-28,5.43,6.18,-0.75
1996-02-29,5.44,6.05,-0.6099999999999994
1996-03-01,5.26,5.81,-0.5499999999999998
1996-03-04,5.21,5.33,-0.1200000000000001
1996-03-05,5.28,5.13,0.15000000000000036
1996-03-06,5.36,5.08,0.28000000000000025
1996-03-07,5.4,5.21,0.1900000000000004
1996-03-08,5.73,5.16,0.5700000000000003
1996-03-11,5.71,5.25,0.45999999999999996
1996-03-12,5.78,5.25,0.5300000000000002
1996-03-13,5.73,5.49,0.2400000000000002
1996-03-14,5.7,5.56,0.14000000000000057
1996-03-15,5.87,5.42,0.4500000000000002
1996-03-18,5.89,5.27,0.6200000000000001
1996-03-19,5.85,5.2,0.6499999999999995
1996-03-20,5.76,5.21,0.5499999999999998
1996-03-21,5.72,5.21,0.5099999999999998
1996-03-22,5.74,5.17,0.5700000000000003
1996-03-25,5.69,5.29,0.40000000000000036
1996-03-26,5.72,5.23,0.4899999999999993
1996-03-27,5.81,5.29,0.5199999999999996
1996-03-28,5.88,5.31,0.5700000000000003
1996-03-29,5.79,5.25,0.54
1996-04-01,5.79,5.53,0.2599999999999998
1996-04-02,5.74,5.29,0.4500000000000002
1996-04-03,5.77,5.25,0.5199999999999996
1996-04-04,5.83,5.25,0.5800000000000001
1996-04-05,6.09,4.89,1.2000000000000002
1996-04-08,6.11,5.14,0.9700000000000006
1996-04-09,6.06,5.07,0.9899999999999993
1996-04-10,6.1,5.46,0.6399999999999997
1996-04-11,6.12,5.33,0.79
1996-04-12,5.96,5.22,0.7400000000000002
1996-04-15,5.93,5.33,0.5999999999999996
1996-04-16,5.91,5.17,0.7400000000000002
1996-04-17,5.96,5.17,0.79
1996-04-18,6.02,5.19,0.8299999999999992
1996-04-19,5.95,5.1,0.8500000000000005
1996-04-22,5.92,5.23,0.6899999999999995
1996-04-23,5.93,5.38,0.5499999999999998
1996-04-24,5.95,5.57,0.3799999999999999
1996-04-25,5.99,5.34,0.6500000000000004
1996-04-26,5.92,5.21,0.71
1996-04-29,5.98,5.25,0.7300000000000004
1996-04-30,6.03,5.5,0.5300000000000002
1996-05-01,6.03,5.41,0.6200000000000001
1996-05-02,6.16,5.28,0.8799999999999999
1996-05-03,6.2,5.14,1.0600000000000005
1996-05-06,6.15,5.26,0.8900000000000006
1996-05-07,6.2,5.24,0.96
1996-05-08,6.15,5.31,0.8400000000000007
1996-05-09,6.14,5.28,0.8599999999999994
1996-05-10,6.04,5.2,0.8399999999999999
1996-05-13,6.06,5.25,0.8099999999999996
1996-05-14,6.01,5.25,0.7599999999999998
1996-05-15,6.01,5.47,0.54
1996-05-16,6.08,5.24,0.8399999999999999
1996-05-17,6.04,5.15,0.8899999999999997
1996-05-20,6.02,5.21,0.8099999999999996
1996-05-21,6.03,5.23,0.7999999999999998
1996-05-22,6.03,5.41,0.6200000000000001
1996-05-23,6.05,5.2,0.8499999999999996
1996-05-24,6.03,5.14,0.8900000000000006
1996-05-28,6.05,5.33,0.7199999999999998
1996-05-29,6.16,5.24,0.9199999999999999
1996-05-30,6.18,5.34,0.8399999999999999
1996-05-31,6.27,5.31,0.96
1996-06-03,6.26,5.44,0.8199999999999994
1996-06-04,6.24,5.23,1.0099999999999998
1996-06-05,6.24,5.34,0.9000000000000004
1996-06-06,6.16,5.29,0.8700000000000001
1996-06-07,6.4,5.21,1.1900000000000004
1996-06-10,6.4,5.28,1.12
1996-06-11,6.37,5.24,1.13
1996-06-12,6.39,5.25,1.1399999999999997
1996-06-13,6.36,5.27,1.0900000000000007
1996-06-14,6.29,5.3,0.9900000000000002
1996-06-17,6.27,5.47,0.7999999999999998
1996-06-18,6.28,5.27,1.0100000000000007
1996-06-19,6.31,6.25,0.05999999999999961
1996-06-20,6.38,5.37,1.0099999999999998
1996-06-21,6.35,5.19,1.1599999999999993
1996-06-24,6.32,5.18,1.1400000000000006
1996-06-25,6.3,5.15,1.1499999999999995
1996-06-26,6.3,5.18,1.12
1996-06-27,6.21,5.27,0.9400000000000004
1996-06-28,6.11,5.0,1.1100000000000003
1996-07-01,6.15,7.8,-1.6499999999999995
1996-07-02,6.22,5.29,0.9299999999999997
1996-07-03,6.2,5.38,0.8200000000000003
1996-07-05,6.44,5.28,1.1600000000000001
1996-07-08,6.43,5.27,1.1600000000000001
1996-07-09,6.41,5.14,1.2700000000000005
1996-07-10,6.34,5.16,1.1799999999999997
1996-07-11,6.28,5.21,1.0700000000000003
1996-07-12,6.26,5.18,1.08
1996-07-15,6.32,5.42,0.9000000000000004
1996-07-16,6.23,5.2,1.0300000000000002
1996-07-17,6.23,5.25,0.9800000000000004
1996-07-18,6.16,5.28,0.8799999999999999
1996-07-19,6.18,5.22,0.96
1996-07-22,6.23,5.25,0.9800000000000004
1996-07-23,6.23,5.25,0.9800000000000004
1996-07-24,6.26,5.29,0.9699999999999998
1996-07-25,6.28,5.45,0.8300000000000001
1996-07-26,6.25,5.26,0.9900000000000002
1996-07-29,6.32,5.37,0.9500000000000002
1996-07-30,6.3,5.33,0.9699999999999998
1996-07-31,6.22,6.75,-0.5300000000000002
1996-08-01,6.08,6.29,-0.20999999999999996
1996-08-02,5.91,5.34,0.5700000000000003
1996-08-05,5.93,5.15,0.7799999999999994
1996-08-06,5.93,5.1,0.8300000000000001
1996-08-07,5.97,5.07,0.8999999999999995
1996-08-08,5.97,5.15,0.8199999999999994
1996-08-09,5.93,5.1,0.8300000000000001
1996-08-12,5.92,5.17,0.75
1996-08-13,5.97,4.89,1.08
1996-08-14,5.97,5.22,0.75
1996-08-15,6.0,5.48,0.5199999999999996
1996-08-16,5.95,5.15,0.7999999999999998
1996-08-19,5.97,5.17,0.7999999999999998
1996-08-20,5.97,5.08,0.8899999999999997
1996-08-21,5.99,5.09,0.9000000000000004
1996-08-22,6.0,5.17,0.8300000000000001
1996-08-23,6.09,5.22,0.8700000000000001
1996-08-26,6.18,5.28,0.8999999999999995
1996-08-27,6.17,5.13,1.04
1996-08-28,6.17,5.24,0.9299999999999997
1996-08-29,6.23,5.24,0.9900000000000002
1996-08-30,6.34,5.28,1.0599999999999996
1996-09-03,6.35,6.01,0.33999999999999986
1996-09-04,6.38,5.35,1.0300000000000002
1996-09-05,6.38,5.19,1.1899999999999995
1996-09-06,6.33,5.13,1.2000000000000002
1996-09-09,6.32,5.2,1.12
1996-09-10,6.34,5.1,1.2400000000000002
1996-09-11,6.34,5.26,1.08
1996-09-12,6.27,5.33,0.9399999999999995
1996-09-13,6.1,5.29,0.8099999999999996
1996-09-16,6.14,5.38,0.7599999999999998
1996-09-17,6.22,5.02,1.2000000000000002
1996-09-18,6.26,4.96,1.2999999999999998
1996-09-19,6.29,5.29,1.0
1996-09-20,6.26,5.3,0.96
1996-09-23,6.24,5.32,0.9199999999999999
1996-09-24,6.16,5.28,0.8799999999999999
1996-09-25,6.08,5.56,0.5200000000000005
1996-09-26,6.05,5.28,0.7699999999999996
1996-09-27,6.07,5.21,0.8600000000000003
1996-09-30,6.1,6.09,0.009999999999999787
1996-10-01,6.03,5.53,0.5
1996-10-02,5.98,5.24,0.7400000000000002
1996-10-03,6.0,5.17,0.8300000000000001
1996-10-04,5.85,5.04,0.8099999999999996
1996-10-07,5.89,5.16,0.7299999999999995
1996-10-08,5.9,5.11,0.79
1996-10-09,5.96,5.43,0.5300000000000002
1996-10-10,6.01,5.29,0.7199999999999998
1996-10-11,5.92,5.16,0.7599999999999998
1996-10-15,5.93,5.41,0.5199999999999996
1996-10-16,5.94,5.2,0.7400000000000002
1996-10-17,5.89,5.19,0.6999999999999993
1996-10-18,5.89,5.12,0.7699999999999996
1996-10-21,5.91,5.21,0.7000000000000002
1996-10-22,5.95,5.19,0.7599999999999998
1996-10-23,5.94,5.58,0.3600000000000003
1996-10-24,5.94,5.29,0.6500000000000004
1996-10-25,5.9,5.27,0.6300000000000008
1996-10-28,5.92,5.29,0.6299999999999999
1996-10-29,5.77,5.22,0.5499999999999998
1996-10-30,5.79,5.31,0.4800000000000004
1996-10-31,5.77,5.63,0.13999999999999968
1996-11-01,5.79,5.19,0.5999999999999996
1996-11-04,5.78,5.21,0.5700000000000003
1996-11-05,5.74,5.34,0.40000000000000036
1996-11-06,5.76,5.46,0.2999999999999998
1996-11-07,5.75,5.28,0.46999999999999975
1996-11-08,5.76,5.17,0.5899999999999999
1996-11-12,5.73,5.3,0.4300000000000006
1996-11-13,5.71,5.21,0.5
1996-11-14,5.66,5.34,0.3200000000000003
1996-11-15,5.68,5.53,0.14999999999999947
1996-11-18,5.7,5.15,0.5499999999999998
1996-11-19,5.68,5.29,0.3899999999999997
1996-11-20,5.65,5.53,0.1200000000000001
1996-11-21,5.67,5.28,0.3899999999999997
1996-11-22,5.69,5.24,0.4500000000000002
1996-11-25,5.67,5.38,0.29000000000000004
1996-11-26,5.66,5.28,0.3799999999999999
1996-11-27,5.66,5.42,0.2400000000000002
1996-11-29,5.59,5.44,0.14999999999999947
1996-12-02,5.61,5.67,-0.05999999999999961
1996-12-03,5.61,5.09,0.5200000000000005
1996-12-04,5.64,6.12,-0.4800000000000004
1996-12-05,5.71,5.36,0.34999999999999964
1996-12-06,5.73,5.21,0.5200000000000005
1996-12-09,5.7,5.19,0.5099999999999998
1996-12-10,5.71,5.17,0.54
1996-12-11,5.82,5.19,0.6299999999999999
1996-12-12,5.84,5.25,0.5899999999999999
1996-12-13,5.77,5.28,0.4899999999999993
1996-12-16,5.82,5.56,0.2600000000000007
1996-12-17,5.87,5.38,0.4900000000000002
1996-12-18,5.89,5.6,0.29000000000000004
1996-12-19,5.83,5.29,0.54
1996-12-20,5.83,5.15,0.6799999999999997
1996-12-23,5.85,5.26,0.5899999999999999
1996-12-24,5.85,5.14,0.71
1996-12-26,5.85,5.26,0.5899999999999999
1996-12-27,5.81,4.77,1.04
1996-12-30,5.8,5.53,0.2699999999999996
1996-12-31,5.88,6.26,-0.3799999999999999
1997-01-02,5.97,5.79,0.17999999999999972
1997-01-03,5.95,5.17,0.7800000000000002
1997-01-06,5.97,5.26,0.71
1997-01-07,5.98,5.2,0.7800000000000002
1997-01-08,6.01,5.2,0.8099999999999996
1997-01-09,5.94,5.25,0.6900000000000004
1997-01-10,6.06,5.17,0.8899999999999997
1997-01-13,6.07,5.24,0.8300000000000001
1997-01-14,5.98,5.14,0.8400000000000007
1997-01-15,5.98,5.22,0.7600000000000007
1997-01-16,6.0,5.26,0.7400000000000002
1997-01-17,6.0,5.14,0.8600000000000003
1997-01-21,5.99,5.33,0.6600000000000001
1997-01-22,6.0,5.21,0.79
1997-01-23,6.06,5.24,0.8199999999999994
1997-01-24,6.07,5.13,0.9400000000000004
1997-01-27,6.11,5.33,0.7800000000000002
1997-01-28,6.04,5.27,0.7700000000000005
1997-01-29,6.04,5.05,0.9900000000000002
1997-01-30,6.01,5.3,0.71
1997-01-31,5.94,5.37,0.5700000000000003
1997-02-03,5.89,5.36,0.5299999999999994
1997-02-04,5.88,5.18,0.7000000000000002
1997-02-05,5.91,5.17,0.7400000000000002
1997-02-06,5.91,5.22,0.6900000000000004
1997-02-07,5.86,5.08,0.7800000000000002
1997-02-10,5.87,5.18,0.6900000000000004
1997-02-11,5.88,5.07,0.8099999999999996
1997-02-12,5.9,4.63,1.2700000000000005
1997-02-13,5.83,5.19,0.6399999999999997
1997-02-14,5.79,5.15,0.6399999999999997
1997-02-18,5.8,5.55,0.25
1997-02-19,5.82,5.19,0.6299999999999999
1997-02-20,5.85,5.15,0.6999999999999993
1997-02-21,5.85,5.08,0.7699999999999996
1997-02-24,5.89,5.22,0.6699999999999999
1997-02-25,5.9,5.28,0.6200000000000001
1997-02-26,6.06,5.2,0.8599999999999994
1997-02-27,6.09,5.29,0.7999999999999998
1997-02-28,6.09,5.5,0.5899999999999999
1997-03-03,6.11,5.4,0.71
1997-03-04,6.11,5.16,0.9500000000000002
1997-03-05,6.13,5.15,0.9799999999999995
1997-03-06,6.15,5.22,0.9300000000000006
1997-03-07,6.1,5.21,0.8899999999999997
1997-03-10,6.1,5.24,0.8599999999999994
1997-03-11,6.09,5.21,0.8799999999999999
1997-03-12,6.12,5.01,1.1100000000000003
1997-03-13,6.21,5.21,1.0
1997-03-14,6.18,5.15,1.0299999999999994
1997-03-17,6.22,5.39,0.8300000000000001
1997-03-18,6.22,5.42,0.7999999999999998
1997-03-19,6.24,5.36,0.8799999999999999
1997-03-20,6.27,5.32,0.9499999999999993
1997-03-21,6.29,5.28,1.0099999999999998
1997-03-24,6.29,5.47,0.8200000000000003
1997-03-25,6.33,5.57,0.7599999999999998
1997-03-26,6.38,5.61,0.7699999999999996
1997-03-27,6.45,5.68,0.7700000000000005
1997-03-31,6.45,7.07,-0.6200000000000001
1997-04-01,6.42,6.18,0.2400000000000002
1997-04-02,6.42,5.5,0.9199999999999999
1997-04-03,6.4,5.52,0.8800000000000008
1997-04-04,6.44,5.32,1.12
1997-04-07,6.41,5.43,0.9800000000000004
1997-04-08,6.44,5.34,1.1000000000000005
1997-04-09,6.44,5.31,1.1300000000000008
1997-04-10,6.46,5.51,0.9500000000000002
1997-04-11,6.53,5.4,1.13
1997-04-14,6.54,5.49,1.0499999999999998
1997-04-15,6.45,5.61,0.8399999999999999
1997-04-16,6.49,5.56,0.9300000000000006
1997-04-17,6.44,5.49,0.9500000000000002
1997-04-18,6.42,5.35,1.0700000000000003
1997-04-21,6.46,5.34,1.12
1997-04-22,6.43,5.5,0.9299999999999997
1997-04-23,6.47,5.95,0.5199999999999996
1997-04-24,6.52,5.62,0.8999999999999995
1997-04-25,6.54,5.53,1.0099999999999998
1997-04-28,6.51,5.72,0.79
1997-04-29,6.34,5.53,0.8099999999999996
1997-04-30,6.29,5.82,0.46999999999999975
1997-05-01,6.27,5.73,0.5399999999999991
1997-05-02,6.26,5.47,0.79
1997-05-05,6.28,5.49,0.79
1997-05-06,6.29,5.5,0.79
1997-05-07,6.36,5.7,0.6600000000000001
1997-05-08,6.33,5.66,0.6699999999999999
1997-05-09,6.24,5.46,0.7800000000000002
1997-05-12,6.23,5.49,0.7400000000000002
1997-05-13,6.3,5.42,0.8799999999999999
1997-05-14,6.26,5.45,0.8099999999999996
1997-05-15,6.25,5.71,0.54
1997-05-16,6.28,5.44,0.8399999999999999
1997-05-19,6.28,5.55,0.7300000000000004
1997-05-20,6.25,5.51,0.7400000000000002
1997-05-21,6.25,5.56,0.6900000000000004
1997-05-22,6.27,5.48,0.7899999999999991
1997-05-23,6.25,5.36,0.8899999999999997
1997-05-27,6.3,5.59,0.71
1997-05-28,6.34,5.52,0.8200000000000003
1997-05-29,6.3,5.56,0.7400000000000002
1997-05-30,6.22,5.58,0.6399999999999997
1997-06-02,6.23,5.63,0.6000000000000005
1997-06-03,6.2,5.42,0.7800000000000002
1997-06-04,6.2,5.4,0.7999999999999998
1997-06-05,6.2,5.51,0.6900000000000004
1997-06-06,6.12,5.42,0.7000000000000002
1997-06-09,6.15,5.51,0.6400000000000006
1997-06-10,6.17,5.59,0.5800000000000001
1997-06-11,6.19,5.5,0.6900000000000004
1997-06-12,6.07,5.58,0.4900000000000002
1997-06-13,6.03,5.56,0.47000000000000064
1997-06-16,6.02,6.22,-0.20000000000000018
1997-06-17,6.05,5.46,0.5899999999999999
1997-06-18,6.02,5.43,0.5899999999999999
1997-06-19,6.04,5.5,0.54
1997-06-20,6.02,5.39,0.6299999999999999
1997-06-23,6.04,5.45,0.5899999999999999
1997-06-24,6.03,5.39,0.6400000000000006
1997-06-25,6.05,5.46,0.5899999999999999
1997-06-26,6.05,5.5,0.5499999999999998
1997-06-27,6.03,5.52,0.5100000000000007
1997-06-30,6.08,6.87,-0.79
1997-07-01,6.02,6.24,-0.22000000000000064
1997-07-02,6.02,5.54,0.47999999999999954
1997-07-03,5.93,5.46,0.46999999999999975
1997-07-07,5.92,5.62,0.2999999999999998
1997-07-08,5.92,5.46,0.45999999999999996
1997-07-09,5.9,5.44,0.45999999999999996
1997-07-10,5.91,5.45,0.45999999999999996
1997-07-11,5.89,5.33,0.5599999999999996
1997-07-14,5.94,5.5,0.4400000000000004
1997-07-15,5.92,5.47,0.4500000000000002
1997-07-16,5.87,5.64,0.23000000000000043
1997-07-17,5.87,5.49,0.3799999999999999
1997-07-18,5.91,5.37,0.54
1997-07-21,5.94,5.5,0.4400000000000004
1997-07-22,5.9,5.44,0.45999999999999996
1997-07-23,5.85,5.48,0.3699999999999992
1997-07-24,5.87,5.57,0.2999999999999998
1997-07-25,5.87,5.51,0.3600000000000003
1997-07-28,5.86,5.59,0.27000000000000046
1997-07-29,5.79,5.52,0.27000000000000046
1997-07-30,5.76,5.78,-0.020000000000000462
1997-07-31,5.74,5.96,-0.21999999999999975
1997-08-01,5.89,5.65,0.23999999999999932
1997-08-04,5.91,5.53,0.3799999999999999
1997-08-05,5.93,5.48,0.4499999999999993
1997-08-06,5.91,5.45,0.45999999999999996
1997-08-07,5.93,5.48,0.4499999999999993
1997-08-08,6.02,5.34,0.6799999999999997
1997-08-11,5.99,5.56,0.4300000000000006
1997-08-12,6.0,5.52,0.4800000000000004
1997-08-13,5.95,5.56,0.39000000000000057
1997-08-14,5.92,5.63,0.29000000000000004
1997-08-15,5.87,5.59,0.28000000000000025
1997-08-18,5.82,5.49,0.33000000000000007
1997-08-19,5.85,5.47,0.3799999999999999
1997-08-20,5.88,5.8,0.08000000000000007
1997-08-21,5.95,5.64,0.3100000000000005
1997-08-22,5.98,5.49,0.4900000000000002
1997-08-25,6.01,5.65,0.35999999999999943
1997-08-26,5.99,5.62,0.3700000000000001
1997-08-27,6.01,5.52,0.4900000000000002
1997-08-28,5.94,5.64,0.3000000000000007
1997-08-29,5.97,5.52,0.4500000000000002
1997-09-02,5.94,6.23,-0.29000000000000004
1997-09-03,5.96,5.54,0.41999999999999993
1997-09-04,5.98,5.48,0.5
1997-09-05,5.98,5.39,0.5900000000000007
1997-09-08,5.98,5.58,0.40000000000000036
1997-09-09,5.98,5.5,0.4800000000000004
1997-09-10,6.0,5.61,0.3899999999999997
1997-09-11,6.0,5.55,0.4500000000000002
1997-09-12,5.93,5.49,0.4399999999999995
1997-09-15,5.93,5.77,0.16000000000000014
1997-09-16,5.81,5.52,0.29000000000000004
1997-09-17,5.79,5.74,0.04999999999999982
1997-09-18,5.81,5.53,0.27999999999999936
1997-09-19,5.81,5.36,0.4499999999999993
1997-09-22,5.79,5.51,0.28000000000000025
1997-09-23,5.8,5.45,0.34999999999999964
1997-09-24,5.78,5.57,0.20999999999999996
1997-09-25,5.85,5.59,0.2599999999999998
1997-09-26,5.8,5.44,0.35999999999999943
1997-09-29,5.8,5.68,0.1200000000000001
1997-09-30,5.8,5.81,-0.009999999999999787
1997-10-01,5.75,5.65,0.09999999999999964
1997-10-02,5.73,5.52,0.21000000000000085
1997-10-03,5.72,5.42,0.2999999999999998
1997-10-06,5.68,5.48,0.1999999999999993
1997-10-07,5.67,5.42,0.25
1997-10-08,5.79,5.52,0.27000000000000046
1997-10-09,5.8,5.45,0.34999999999999964
1997-10-10,5.86,5.37,0.4900000000000002
1997-10-14,5.81,5.61,0.1999999999999993
1997-10-15,5.84,5.64,0.20000000000000018
1997-10-16,5.84,5.5,0.33999999999999986
1997-10-17,5.91,5.47,0.4400000000000004
1997-10-20,5.9,5.57,0.33000000000000007
1997-10-21,5.92,5.53,0.3899999999999997
1997-10-22,5.91,5.76,0.15000000000000036
1997-10-23,5.79,5.57,0.21999999999999975
1997-10-24,5.79,5.47,0.3200000000000003
1997-10-27,5.62,5.58,0.040000000000000036
1997-10-28,5.74,5.49,0.25
1997-10-29,5.67,5.43,0.2400000000000002
1997-10-30,5.61,5.54,0.07000000000000028
1997-10-31,5.63,5.56,0.07000000000000028
1997-11-03,5.69,5.72,-0.02999999999999936
1997-11-04,5.73,5.54,0.1900000000000004
1997-11-05,5.73,5.75,-0.019999999999999574
1997-11-06,5.7,5.6,0.10000000000000053
1997-11-07,5.71,5.45,0.2599999999999998
1997-11-10,5.73,5.5,0.23000000000000043
1997-11-12,5.7,5.53,0.16999999999999993
1997-11-13,5.7,5.5,0.20000000000000018
1997-11-14,5.7,5.44,0.2599999999999998
1997-11-17,5.7,5.68,0.020000000000000462
1997-11-18,5.71,5.45,0.2599999999999998
1997-11-19,5.7,5.59,0.11000000000000032
1997-11-20,5.73,5.57,0.16000000000000014
1997-11-21,5.68,5.41,0.2699999999999996
1997-11-24,5.71,5.51,0.20000000000000018
1997-11-25,5.71,5.55,0.16000000000000014
1997-11-26,5.74,5.57,0.16999999999999993
1997-11-28,5.76,5.5,0.2599999999999998
1997-12-01,5.78,5.92,-0.13999999999999968
1997-12-02,5.78,5.55,0.23000000000000043
1997-12-03,5.74,5.5,0.2400000000000002
1997-12-04,5.71,5.51,0.20000000000000018
1997-12-05,5.8,5.39,0.41000000000000014
1997-12-08,5.85,5.41,0.4399999999999995
1997-12-09,5.81,5.29,0.5199999999999996
1997-12-10,5.75,5.43,0.3200000000000003
1997-12-11,5.68,5.52,0.16000000000000014
1997-12-12,5.63,5.55,0.08000000000000007
1997-12-15,5.68,5.97,-0.29000000000000004
1997-12-16,5.68,5.56,0.1200000000000001
1997-12-17,5.7,5.95,-0.25
1997-12-18,5.68,5.63,0.04999999999999982
1997-12-19,5.66,5.46,0.20000000000000018
1997-12-22,5.69,5.55,0.14000000000000057
1997-12-23,5.69,5.45,0.2400000000000002
1997-12-24,5.67,5.08,0.5899999999999999
1997-12-26,5.69,5.19,0.5
1997-12-29,5.69,5.57,0.1200000000000001
1997-12-30,5.71,6.07,-0.3600000000000003
1997-12-31,5.66,5.84,-0.17999999999999972
1998-01-02,5.59,6.06,-0.46999999999999975
1998-01-05,5.47,5.51,-0.040000000000000036
1998-01-06,5.39,5.35,0.040000000000000036
1998-01-07,5.42,5.29,0.1299999999999999
1998-01-08,5.31,5.42,-0.11000000000000032
1998-01-09,5.17,5.48,-0.3100000000000005
1998-01-12,5.2,5.48,-0.28000000000000025
1998-01-13,5.25,5.42,-0.16999999999999993
1998-01-14,5.29,5.36,-0.07000000000000028
1998-01-15,5.29,5.6,-0.3099999999999996
1998-01-16,5.35,5.54,-0.1900000000000004
1998-01-20,5.37,5.52,-0.14999999999999947
1998-01-21,5.33,5.4,-0.07000000000000028
1998-01-22,5.3,5.47,-0.16999999999999993
1998-01-23,5.42,5.51,-0.08999999999999986
1998-01-26,5.39,5.62,-0.23000000000000043
1998-01-27,5.46,5.52,-0.05999999999999961
1998-01-28,5.46,5.58,-0.1200000000000001
1998-01-29,5.36,5.63,-0.2699999999999996
1998-01-30,5.32,5.48,-0.16000000000000014
1998-02-02,5.36,5.71,-0.34999999999999964
1998-02-03,5.34,5.47,-0.1299999999999999
1998-02-04,5.32,5.41,-0.08999999999999986
1998-02-05,5.36,5.45,-0.08999999999999986
1998-02-06,5.38,5.4,-0.020000000000000462
1998-02-09,5.41,5.47,-0.05999999999999961
1998-02-10,5.41,5.44,-0.03000000000000025
1998-02-11,5.39,5.48,-0.09000000000000075
1998-02-12,5.39,5.52,-0.1299999999999999
1998-02-13,5.36,5.45,-0.08999999999999986
1998-02-17,5.34,6.0,-0.6600000000000001
1998-02-18,5.37,5.44,-0.07000000000000028
1998-02-19,5.39,5.43,-0.040000000000000036
1998-02-20,5.41,5.46,-0.04999999999999982
1998-02-23,5.46,5.55,-0.08999999999999986
1998-02-24,5.57,5.49,0.08000000000000007
1998-02-25,5.55,5.69,-0.14000000000000057
1998-02-26,5.58,5.61,-0.03000000000000025
1998-02-27,5.55,5.57,-0.020000000000000462
1998-03-02,5.6,5.82,-0.22000000000000064
1998-03-03,5.64,5.57,0.0699999999999994
1998-03-04,5.63,5.46,0.16999999999999993
1998-03-05,5.62,5.48,0.13999999999999968
1998-03-06,5.58,5.41,0.16999999999999993
1998-03-09,5.57,5.5,0.07000000000000028
1998-03-10,5.55,5.44,0.10999999999999943
1998-03-11,5.53,5.52,0.010000000000000675
1998-03-12,5.5,5.52,-0.019999999999999574
1998-03-13,5.5,5.43,0.07000000000000028
1998-03-16,5.47,5.64,-0.16999999999999993
1998-03-17,5.5,5.47,0.03000000000000025
1998-03-18,5.52,5.35,0.16999999999999993
1998-03-19,5.52,5.39,0.1299999999999999
1998-03-20,5.52,5.34,0.17999999999999972
1998-03-23,5.52,5.41,0.10999999999999943
1998-03-24,5.5,5.41,0.08999999999999986
1998-03-25,5.58,5.75,-0.16999999999999993
1998-03-26,5.62,5.55,0.07000000000000028
1998-03-27,5.63,5.47,0.16000000000000014
1998-03-30,5.65,5.62,0.03000000000000025
1998-03-31,5.6,5.88,-0.28000000000000025
1998-04-01,5.55,5.72,-0.16999999999999993
1998-04-02,5.52,5.45,0.0699999999999994
1998-04-03,5.42,5.47,-0.04999999999999982
1998-04-06,5.45,5.46,-0.009999999999999787
1998-04-07,5.45,5.4,0.04999999999999982
1998-04-08,5.49,5.64,-0.14999999999999947
1998-04-09,5.5,5.5,0.0
1998-04-13,5.59,5.52,0.07000000000000028
1998-04-14,5.57,5.47,0.10000000000000053
1998-04-15,5.55,5.56,-0.009999999999999787
1998-04-16,5.53,5.5,0.03000000000000025
1998-04-17,5.54,5.36,0.17999999999999972
1998-04-20,5.57,5.36,0.20999999999999996
1998-04-21,5.6,5.37,0.22999999999999954
1998-04-22,5.6,5.29,0.3099999999999996
1998-04-23,5.61,5.46,0.15000000000000036
1998-04-24,5.61,5.43,0.1800000000000006
1998-04-27,5.71,5.45,0.2599999999999998
1998-04-28,5.69,5.28,0.41000000000000014
1998-04-29,5.71,5.33,0.3799999999999999
1998-04-30,5.59,5.59,0.0
1998-05-01,5.59,5.46,0.1299999999999999
1998-05-04,5.59,5.22,0.3700000000000001
1998-05-05,5.61,5.22,0.39000000000000057
1998-05-06,5.56,5.04,0.5199999999999996
1998-05-07,5.56,5.34,0.21999999999999975
1998-05-08,5.61,5.47,0.14000000000000057
1998-05-11,5.66,5.53,0.1299999999999999
1998-05-12,5.59,5.54,0.04999999999999982
1998-05-13,5.59,5.58,0.009999999999999787
1998-05-14,5.63,5.66,-0.03000000000000025
1998-05-15,5.63,5.72,-0.08999999999999986
1998-05-18,5.59,5.52,0.07000000000000028
1998-05-19,5.59,5.35,0.2400000000000002
1998-05-20,5.57,5.52,0.05000000000000071
1998-05-21,5.63,5.49,0.13999999999999968
1998-05-22,5.63,5.38,0.25
1998-05-26,5.61,5.62,-0.009999999999999787
1998-05-27,5.53,5.53,0.0
1998-05-28,5.57,5.63,-0.05999999999999961
1998-05-29,5.53,5.63,-0.09999999999999964
1998-06-01,5.52,5.79,-0.27000000000000046
1998-06-02,5.53,5.5,0.03000000000000025
1998-06-03,5.55,5.6,-0.04999999999999982
1998-06-04,5.58,5.55,0.03000000000000025
1998-06-05,5.58,5.38,0.20000000000000018
1998-06-08,5.58,5.44,0.13999999999999968
1998-06-09,5.6,5.38,0.21999999999999975
1998-06-10,5.55,5.53,0.019999999999999574
1998-06-11,5.45,5.62,-0.16999999999999993
1998-06-12,5.43,5.53,-0.10000000000000053
1998-06-15,5.43,5.78,-0.35000000000000053
1998-06-16,5.5,5.55,-0.04999999999999982
1998-06-17,5.55,5.55,0.0
1998-06-18,5.53,5.54,-0.009999999999999787
1998-06-19,5.52,5.36,0.15999999999999925
1998-06-22,5.52,5.42,0.09999999999999964
1998-06-23,5.49,5.36,0.1299999999999999
1998-06-24,5.49,5.54,-0.04999999999999982
1998-06-25,5.53,5.64,-0.10999999999999943
1998-06-26,5.51,5.47,0.040000000000000036
1998-06-29,5.51,5.69,-0.1800000000000006
1998-06-30,5.49,7.06,-1.5699999999999994
1998-07-01,5.46,6.35,-0.8899999999999997
1998-07-02,5.44,5.62,-0.17999999999999972
1998-07-06,5.43,5.54,-0.11000000000000032
1998-07-07,5.44,5.46,-0.019999999999999574
1998-07-08,5.44,5.44,0.0
1998-07-09,5.43,5.51,-0.08000000000000007
1998-07-10,5.41,5.43,-0.019999999999999574
1998-07-13,5.44,5.5,-0.05999999999999961
1998-07-14,5.46,5.45,0.009999999999999787
1998-07-15,5.46,5.7,-0.2400000000000002
1998-07-16,5.46,5.57,-0.11000000000000032
1998-07-17,5.46,5.42,0.040000000000000036
1998-07-20,5.46,5.65,-0.1900000000000004
1998-07-21,5.46,5.51,-0.04999999999999982
1998-07-22,5.48,5.48,0.0
1998-07-23,5.46,5.55,-0.08999999999999986
1998-07-24,5.48,5.53,-0.04999999999999982
1998-07-27,5.48,5.68,-0.1999999999999993
1998-07-28,5.46,5.5,-0.040000000000000036
1998-07-29,5.49,5.49,0.0
1998-07-30,5.49,5.61,-0.1200000000000001
1998-07-31,5.49,5.63,-0.13999999999999968
1998-08-03,5.46,5.69,-0.23000000000000043
1998-08-04,5.43,5.54,-0.11000000000000032
1998-08-05,5.39,5.53,-0.14000000000000057
1998-08-06,5.39,5.54,-0.15000000000000036
1998-08-07,5.34,5.44,-0.10000000000000053
1998-08-10,5.34,5.56,-0.21999999999999975
1998-08-11,5.31,5.47,-0.16000000000000014
1998-08-12,5.32,5.58,-0.2599999999999998
1998-08-13,5.37,5.6,-0.22999999999999954
1998-08-14,5.34,5.56,-0.21999999999999975
1998-08-17,5.34,5.8,-0.45999999999999996
1998-08-18,5.36,5.54,-0.17999999999999972
1998-08-19,5.34,5.48,-0.14000000000000057
1998-08-20,5.32,5.51,-0.1899999999999995
1998-08-21,5.25,5.46,-0.20999999999999996
1998-08-24,5.22,5.51,-0.29000000000000004
1998-08-25,5.18,5.5,-0.3200000000000003
1998-08-26,5.12,5.49,-0.3700000000000001
1998-08-27,4.98,5.55,-0.5699999999999994
1998-08-28,4.93,5.51,-0.5800000000000001
1998-08-31,4.91,5.89,-0.9799999999999995
1998-09-01,4.86,5.75,-0.8899999999999997
1998-09-02,4.96,5.53,-0.5700000000000003
1998-09-03,4.91,5.52,-0.6099999999999994
1998-09-04,4.91,5.41,-0.5
1998-09-08,4.91,5.66,-0.75
1998-09-09,4.79,5.45,-0.6600000000000001
1998-09-10,4.57,5.55,-0.9799999999999995
1998-09-11,4.68,5.46,-0.7800000000000002
1998-09-14,4.72,5.65,-0.9300000000000006
1998-09-15,4.73,5.71,-0.9799999999999995
1998-09-16,4.75,5.49,-0.7400000000000002
1998-09-17,4.7,5.47,-0.7699999999999996
1998-09-18,4.61,5.38,-0.7699999999999996
1998-09-21,4.63,5.47,-0.8399999999999999
1998-09-22,4.66,5.38,-0.7199999999999998
1998-09-23,4.52,5.48,-0.9600000000000009
1998-09-24,4.43,5.42,-0.9900000000000002
1998-09-25,4.43,5.51,-1.08
1998-09-28,4.45,5.55,-1.0999999999999996
1998-09-29,4.47,5.44,-0.9700000000000006
1998-09-30,4.3,6.14,-1.8399999999999999
1998-10-01,4.17,5.73,-1.5600000000000005
1998-10-02,4.17,5.39,-1.2199999999999998
1998-10-05,4.04,5.45,-1.4100000000000001
1998-10-06,4.1,4.65,-0.5500000000000007
1998-10-07,4.12,4.57,-0.4500000000000002
1998-10-08,4.1,5.15,-1.0500000000000007
1998-10-09,4.19,5.02,-0.8299999999999992
1998-10-13,4.13,5.4,-1.2700000000000005
1998-10-14,4.08,5.33,-1.25
1998-10-15,4.13,5.49,-1.3600000000000003
1998-10-16,3.86,4.73,-0.8700000000000006
1998-10-19,3.9,4.79,-0.8900000000000001
1998-10-20,3.98,4.8,-0.8199999999999998
1998-10-21,4.12,4.83,-0.71
1998-10-22,4.16,4.96,-0.7999999999999998
1998-10-23,4.2,4.86,-0.6600000000000001
1998-10-26,4.23,5.03,-0.7999999999999998
1998-10-27,4.12,5.0,-0.8799999999999999
1998-10-28,4.01,5.06,-1.0499999999999998
1998-10-29,4.0,5.24,-1.2400000000000002
1998-10-30,4.12,5.35,-1.2299999999999995
1998-11-02,4.26,5.35,-1.0899999999999999
1998-11-03,4.25,5.04,-0.79
1998-11-04,4.43,4.85,-0.41999999999999993
1998-11-05,4.47,5.05,-0.5800000000000001
1998-11-06,4.59,4.64,-0.04999999999999982
1998-11-09,4.57,4.95,-0.3799999999999999
1998-11-10,4.5,4.84,-0.33999999999999986
1998-11-12,4.47,5.13,-0.6600000000000001
1998-11-13,4.54,4.98,-0.4400000000000004
1998-11-16,4.56,5.45,-0.8900000000000006
1998-11-17,4.58,4.61,-0.03000000000000025
1998-11-18,4.63,4.07,0.5599999999999996
1998-11-19,4.66,4.38,0.28000000000000025
1998-11-20,4.66,4.4,0.2599999999999998
1998-11-23,4.63,4.58,0.04999999999999982
1998-11-24,4.64,4.64,0.0
1998-11-25,4.66,4.98,-0.3200000000000003
1998-11-27,4.62,4.84,-0.21999999999999975
1998-11-30,4.54,5.11,-0.5700000000000003
1998-12-01,4.44,4.82,-0.3799999999999999
1998-12-02,4.36,4.58,-0.21999999999999975
1998-12-03,4.36,4.66,-0.2999999999999998
1998-12-04,4.46,4.67,-0.20999999999999996
1998-12-07,4.54,4.71,-0.16999999999999993
1998-12-08,4.46,4.66,-0.20000000000000018
1998-12-09,4.42,4.7,-0.28000000000000025
1998-12-10,4.39,4.97,-0.5800000000000001
1998-12-11,4.46,4.91,-0.4500000000000002
1998-12-14,4.42,5.09,-0.6699999999999999
1998-12-15,4.47,5.1,-0.6299999999999999
1998-12-16,4.4,4.91,-0.5099999999999998
1998-12-17,4.42,4.8,-0.3799999999999999
1998-12-18,4.45,4.67,-0.21999999999999975
1998-12-21,4.56,4.72,-0.16000000000000014
1998-12-22,4.59,4.63,-0.040000000000000036
1998-12-23,4.73,4.66,0.07000000000000028
1998-12-24,4.78,4.27,0.5100000000000007
1998-12-28,4.73,4.88,-0.14999999999999947
1998-12-29,4.6,4.6,0.0
1998-12-30,4.56,4.8,-0.2400000000000002
1998-12-31,4.54,4.07,0.46999999999999975
1999-01-04,4.58,5.04,-0.45999999999999996
1999-01-05,4.64,4.54,0.09999999999999964
1999-01-06,4.62,4.23,0.3899999999999997
1999-01-07,4.63,4.49,0.13999999999999968
1999-01-08,4.71,4.74,-0.03000000000000025
1999-01-11,4.74,5.17,-0.4299999999999997
1999-01-12,4.68,4.78,-0.10000000000000053
1999-01-13,4.61,4.62,-0.009999999999999787
1999-01-14,4.47,4.82,-0.35000000000000053
1999-01-15,4.56,4.68,-0.1200000000000001
1999-01-19,4.62,4.55,0.07000000000000028
1999-01-20,4.66,4.41,0.25
1999-01-21,4.63,4.36,0.2699999999999996
1999-01-22,4.59,4.62,-0.03000000000000025
1999-01-25,4.59,4.97,-0.3799999999999999
1999-01-26,4.63,4.84,-0.20999999999999996
1999-01-27,4.57,4.61,-0.040000000000000036
1999-01-28,4.58,4.8,-0.21999999999999975
1999-01-29,4.58,4.79,-0.20999999999999996
1999-02-01,4.65,4.86,-0.20999999999999996
1999-02-02,4.7,4.56,0.14000000000000057
1999-02-03,4.72,4.65,0.0699999999999994
1999-02-04,4.77,4.88,-0.11000000000000032
1999-02-05,4.8,4.76,0.040000000000000036
1999-02-08,4.8,4.85,-0.04999999999999982
1999-02-09,4.79,4.73,0.05999999999999961
1999-02-10,4.77,4.66,0.10999999999999943
1999-02-11,4.8,4.73,0.0699999999999994
1999-02-12,4.91,4.68,0.23000000000000043
1999-02-16,4.93,5.09,-0.16000000000000014
1999-02-17,4.89,4.73,0.15999999999999925
1999-02-18,4.93,4.71,0.21999999999999975
1999-02-19,4.95,4.72,0.23000000000000043
1999-02-22,4.91,4.78,0.1299999999999999
1999-02-23,5.0,4.73,0.2699999999999996
1999-02-24,5.05,4.88,0.16999999999999993
1999-02-25,5.15,4.89,0.2600000000000007
1999-02-26,5.13,4.84,0.29000000000000004
1999-03-01,5.2,5.1,0.10000000000000053
1999-03-02,5.18,4.73,0.4499999999999993
1999-03-03,5.19,4.74,0.4500000000000002
1999-03-04,5.2,4.8,0.40000000000000036
1999-03-05,5.14,4.8,0.33999999999999986
1999-03-08,5.12,4.83,0.29000000000000004
1999-03-09,5.02,4.74,0.27999999999999936
1999-03-10,5.04,4.82,0.21999999999999975
1999-03-11,5.05,4.8,0.25
1999-03-12,5.0,4.74,0.2599999999999998
1999-03-15,4.99,5.01,-0.019999999999999574
1999-03-16,4.97,4.77,0.20000000000000018
1999-03-17,5.01,4.73,0.27999999999999936
1999-03-18,4.99,4.72,0.27000000000000046
1999-03-19,5.04,4.75,0.29000000000000004
1999-03-22,5.08,4.81,0.27000000000000046
1999-03-23,5.03,4.79,0.2400000000000002
1999-03-24,4.98,4.93,0.05000000000000071
1999-03-25,5.02,4.97,0.04999999999999982
1999-03-26,4.99,4.78,0.20999999999999996
1999-03-29,5.02,4.84,0.17999999999999972
1999-03-30,4.97,4.77,0.20000000000000018
1999-03-31,4.99,4.98,0.009999999999999787
1999-04-01,5.01,5.41,-0.40000000000000036
1999-04-02,4.96,4.69,0.2699999999999996
1999-04-05,4.96,4.76,0.20000000000000018
1999-04-06,4.93,4.7,0.22999999999999954
1999-04-07,4.93,4.64,0.29000000000000004
1999-04-08,4.86,4.72,0.14000000000000057
1999-04-09,4.88,4.65,0.22999999999999954
1999-04-12,4.93,4.69,0.23999999999999932
1999-04-13,4.94,4.66,0.28000000000000025
1999-04-14,4.95,4.72,0.23000000000000043
1999-04-15,4.97,4.77,0.20000000000000018
1999-04-16,5.02,4.62,0.39999999999999947
1999-04-19,4.99,4.6,0.39000000000000057
1999-04-20,4.95,4.49,0.45999999999999996
1999-04-21,4.99,4.58,0.41000000000000014
1999-04-22,5.05,4.65,0.39999999999999947
1999-04-23,5.04,4.71,0.33000000000000007
1999-04-26,5.04,5.09,-0.04999999999999982
1999-04-27,5.04,4.83,0.20999999999999996
1999-04-28,5.02,4.83,0.1899999999999995
1999-04-29,4.95,4.91,0.040000000000000036
1999-04-30,5.08,5.03,0.04999999999999982
1999-05-03,5.08,5.01,0.07000000000000028
1999-05-04,5.12,4.71,0.41000000000000014
1999-05-05,5.09,4.6,0.4900000000000002
1999-05-06,5.19,4.77,0.4200000000000008
1999-05-07,5.19,4.67,0.5200000000000005
1999-05-10,5.15,4.69,0.45999999999999996
1999-05-11,5.19,4.69,0.5
1999-05-12,5.19,4.72,0.47000000000000064
1999-05-13,5.12,4.78,0.33999999999999986
1999-05-14,5.3,4.81,0.4900000000000002
1999-05-17,5.31,5.01,0.2999999999999998
1999-05-18,5.38,4.64,0.7400000000000002
1999-05-19,5.37,4.48,0.8899999999999997
1999-05-20,5.35,4.75,0.5999999999999996
1999-05-21,5.3,4.67,0.6299999999999999
1999-05-24,5.28,4.73,0.5499999999999998
1999-05-25,5.3,4.8,0.5
1999-05-26,5.33,4.81,0.5200000000000005
1999-05-27,5.43,4.87,0.5599999999999996
1999-05-28,5.42,4.61,0.8099999999999996
1999-06-01,5.54,4.78,0.7599999999999998
1999-06-02,5.55,4.45,1.0999999999999996
1999-06-03,5.54,4.77,0.7700000000000005
1999-06-04,5.56,4.69,0.8699999999999992
1999-06-07,5.56,4.73,0.8299999999999992
1999-06-08,5.57,4.68,0.8900000000000006
1999-06-09,5.61,4.72,0.8900000000000006
1999-06-10,5.66,4.79,0.8700000000000001
1999-06-11,5.7,4.74,0.96
1999-06-14,5.66,4.74,0.9199999999999999
1999-06-15,5.66,4.67,0.9900000000000002
1999-06-16,5.61,4.71,0.9000000000000004
1999-06-17,5.49,4.73,0.7599999999999998
1999-06-18,5.56,4.69,0.8699999999999992
1999-06-21,5.62,4.74,0.8799999999999999
1999-06-22,5.65,4.69,0.96
1999-06-23,5.7,4.71,0.9900000000000002
1999-06-24,5.75,4.87,0.8799999999999999
1999-06-25,5.73,4.91,0.8200000000000003
1999-06-28,5.68,5.04,0.6399999999999997
1999-06-29,5.68,4.91,0.7699999999999996
1999-06-30,5.53,5.12,0.41000000000000014
1999-07-01,5.58,5.76,-0.17999999999999972
1999-07-02,5.58,4.82,0.7599999999999998
1999-07-06,5.64,5.03,0.6099999999999994
1999-07-07,5.64,4.92,0.7199999999999998
1999-07-08,5.59,4.94,0.6499999999999995
1999-07-09,5.61,4.98,0.6299999999999999
1999-07-12,5.53,5.01,0.5200000000000005
1999-07-13,5.5,4.9,0.5999999999999996
1999-07-14,5.55,4.99,0.5599999999999996
1999-07-15,5.53,5.14,0.39000000000000057
1999-07-16,5.5,4.92,0.5800000000000001
1999-07-19,5.46,4.97,0.4900000000000002
1999-07-20,5.43,4.92,0.5099999999999998
1999-07-21,5.45,4.96,0.4900000000000002
1999-07-22,5.52,5.06,0.45999999999999996
1999-07-23,5.58,5.0,0.5800000000000001
1999-07-26,5.61,5.09,0.5200000000000005
1999-07-27,5.56,4.91,0.6499999999999995
1999-07-28,5.54,4.98,0.5599999999999996
1999-07-29,5.62,5.12,0.5
1999-07-30,5.63,5.07,0.5599999999999996
1999-08-02,5.65,5.18,0.47000000000000064
1999-08-03,5.65,4.98,0.6699999999999999
1999-08-04,5.64,4.94,0.6999999999999993
1999-08-05,5.55,5.0,0.5499999999999998
1999-08-06,5.69,4.93,0.7600000000000007
1999-08-09,5.79,4.99,0.7999999999999998
1999-08-10,5.79,4.92,0.8700000000000001
1999-08-11,5.76,5.05,0.71
1999-08-12,5.78,5.1,0.6800000000000006
1999-08-13,5.71,5.01,0.7000000000000002
1999-08-16,5.75,5.24,0.5099999999999998
1999-08-17,5.68,4.94,0.7399999999999993
1999-08-18,5.66,4.89,0.7700000000000005
1999-08-19,5.66,4.97,0.6900000000000004
1999-08-20,5.65,4.95,0.7000000000000002
1999-08-23,5.66,5.06,0.6000000000000005
1999-08-24,5.65,5.08,0.5700000000000003
1999-08-25,5.53,5.2,0.33000000000000007
1999-08-26,5.56,5.3,0.2599999999999998
1999-08-27,5.65,5.24,0.41000000000000014
1999-08-30,5.73,5.37,0.3600000000000003
1999-08-31,5.73,5.57,0.16000000000000014
1999-09-01,5.74,5.41,0.33000000000000007
1999-09-02,5.74,5.26,0.4800000000000004
1999-09-03,5.64,5.09,0.5499999999999998
1999-09-07,5.69,5.33,0.3600000000000003
1999-09-08,5.67,5.17,0.5
1999-09-09,5.71,5.24,0.46999999999999975
1999-09-10,5.64,5.17,0.46999999999999975
1999-09-13,5.66,5.27,0.39000000000000057
1999-09-14,5.71,5.26,0.4500000000000002
1999-09-15,5.67,5.41,0.2599999999999998
1999-09-16,5.63,5.23,0.39999999999999947
1999-09-17,5.63,5.11,0.5199999999999996
1999-09-20,5.67,5.2,0.46999999999999975
1999-09-21,5.67,5.12,0.5499999999999998
1999-09-22,5.67,5.21,0.45999999999999996
1999-09-23,5.63,5.29,0.33999999999999986
1999-09-24,5.55,5.23,0.3199999999999994
1999-09-27,5.62,5.35,0.27000000000000046
1999-09-28,5.65,5.32,0.33000000000000007
1999-09-29,5.68,5.26,0.41999999999999993
1999-09-30,5.63,5.51,0.1200000000000001
1999-10-01,5.73,5.26,0.47000000000000064
1999-10-04,5.7,5.23,0.46999999999999975
1999-10-05,5.78,5.16,0.6200000000000001
1999-10-06,5.81,5.21,0.5999999999999996
1999-10-07,5.82,5.28,0.54
1999-10-08,5.8,5.1,0.7000000000000002
1999-10-12,5.82,5.3,0.5200000000000005
1999-10-13,5.87,5.2,0.6699999999999999
1999-10-14,5.9,5.22,0.6800000000000006
1999-10-15,5.82,5.28,0.54
1999-10-18,5.85,5.2,0.6499999999999995
1999-10-19,5.92,5.07,0.8499999999999996
1999-10-20,5.94,4.92,1.0200000000000005
1999-10-21,5.93,5.2,0.7299999999999995
1999-10-22,5.96,5.11,0.8499999999999996
1999-10-25,5.98,5.23,0.75
1999-10-26,6.02,5.22,0.7999999999999998
1999-10-27,5.94,5.29,0.6500000000000004
1999-10-28,5.87,5.31,0.5600000000000005
1999-10-29,5.79,5.27,0.5200000000000005
1999-11-01,5.83,5.38,0.4500000000000002
1999-11-02,5.81,5.18,0.6299999999999999
1999-11-03,5.79,5.21,0.5800000000000001
1999-11-04,5.74,5.27,0.47000000000000064
1999-11-05,5.72,5.14,0.5800000000000001
1999-11-08,5.74,5.23,0.5099999999999998
1999-11-09,5.77,5.22,0.5499999999999998
1999-11-10,5.81,5.27,0.54
1999-11-12,5.78,5.45,0.33000000000000007
1999-11-15,5.79,5.64,0.15000000000000036
1999-11-16,5.85,5.4,0.4499999999999993
1999-11-17,5.9,5.41,0.4900000000000002
1999-11-18,5.9,5.49,0.41000000000000014
1999-11-19,5.92,5.43,0.4900000000000002
1999-11-22,5.95,5.53,0.41999999999999993
1999-11-23,5.93,5.59,0.33999999999999986
1999-11-24,5.97,5.72,0.25
1999-11-26,5.99,5.59,0.40000000000000036
1999-11-29,6.04,5.61,0.4299999999999997
1999-11-30,6.01,5.63,0.3799999999999999
1999-12-01,6.04,5.71,0.33000000000000007
1999-12-02,6.06,5.58,0.47999999999999954
1999-12-03,5.99,5.42,0.5700000000000003
1999-12-06,5.98,5.48,0.5
1999-12-07,5.95,5.42,0.5300000000000002
1999-12-08,5.98,5.42,0.5600000000000005
1999-12-09,5.96,5.51,0.4500000000000002
1999-12-10,5.93,5.42,0.5099999999999998
1999-12-13,5.96,5.46,0.5
1999-12-14,6.07,5.31,0.7600000000000007
1999-12-15,6.1,5.56,0.54
1999-12-16,6.15,5.54,0.6100000000000003
1999-12-17,6.15,5.4,0.75
1999-12-20,6.21,5.54,0.6699999999999999
1999-12-21,6.21,5.52,0.6900000000000004
1999-12-22,6.24,5.45,0.79
1999-12-23,6.24,5.4,0.8399999999999999
1999-12-27,6.21,5.33,0.8799999999999999
1999-12-28,6.23,4.86,1.37
1999-12-29,6.21,4.61,1.5999999999999996
1999-12-30,6.19,4.88,1.3100000000000005
1999-12-31,6.24,3.99,2.25
2000-01-03,6.38,5.43,0.9500000000000002
2000-01-04,6.3,5.38,0.9199999999999999
2000-01-05,6.38,5.41,0.9699999999999998
2000-01-06,6.35,5.54,0.8099999999999996
2000-01-07,6.31,5.61,0.6999999999999993
2000-01-10,6.38,5.74,0.6399999999999997
2000-01-11,6.45,5.63,0.8200000000000003
2000-01-12,6.49,5.59,0.9000000000000004
2000-01-13,6.4,5.58,0.8200000000000003
2000-01-14,6.44,5.56,0.8800000000000008
2000-01-18,6.47,5.83,0.6399999999999997
2000-01-19,6.46,5.47,0.9900000000000002
2000-01-20,6.49,5.44,1.0499999999999998
2000-01-21,6.48,5.36,1.12
2000-01-24,6.43,5.53,0.8999999999999995
2000-01-25,6.44,5.46,0.9800000000000004
2000-01-26,6.45,5.52,0.9300000000000006
2000-01-27,6.51,5.61,0.8999999999999995
2000-01-28,6.58,5.58,1.0
2000-01-31,6.61,5.87,0.7400000000000002
2000-02-01,6.6,5.79,0.8099999999999996
2000-02-02,6.63,5.64,0.9900000000000002
2000-02-03,6.56,5.71,0.8499999999999996
2000-02-04,6.63,5.7,0.9299999999999997
2000-02-07,6.68,5.76,0.9199999999999999
2000-02-08,6.69,5.67,1.0200000000000005
2000-02-09,6.69,5.76,0.9300000000000006
2000-02-10,6.67,5.79,0.8799999999999999
2000-02-11,6.65,5.71,0.9400000000000004
2000-02-14,6.62,5.79,0.8300000000000001
2000-02-15,6.66,5.85,0.8100000000000005
2000-02-16,6.63,5.67,0.96
2000-02-17,6.69,5.66,1.0300000000000002
2000-02-18,6.66,5.7,0.96
2000-02-22,6.57,5.81,0.7600000000000007
2000-02-23,6.61,5.77,0.8400000000000007
2000-02-24,6.52,5.76,0.7599999999999998
2000-02-25,6.45,5.73,0.7199999999999998
2000-02-28,6.47,5.81,0.6600000000000001
2000-02-29,6.53,5.85,0.6800000000000006
2000-03-01,6.52,5.78,0.7399999999999993
2000-03-02,6.52,5.76,0.7599999999999998
2000-03-03,6.5,5.72,0.7800000000000002
2000-03-06,6.55,5.73,0.8199999999999994
2000-03-07,6.48,5.68,0.8000000000000007
2000-03-08,6.5,5.77,0.7300000000000004
2000-03-09,6.48,5.79,0.6900000000000004
2000-03-10,6.55,5.75,0.7999999999999998
2000-03-13,6.52,5.81,0.71
2000-03-14,6.48,5.8,0.6800000000000006
2000-03-15,6.5,5.9,0.5999999999999996
2000-03-16,6.5,5.77,0.7300000000000004
2000-03-17,6.5,5.76,0.7400000000000002
2000-03-20,6.52,5.82,0.6999999999999993
2000-03-21,6.5,5.81,0.6900000000000004
2000-03-22,6.5,6.02,0.4800000000000004
2000-03-23,6.52,6.04,0.47999999999999954
2000-03-24,6.64,5.98,0.6599999999999993
2000-03-27,6.66,6.07,0.5899999999999999
2000-03-28,6.6,6.02,0.5800000000000001
2000-03-29,6.59,5.98,0.6099999999999994
2000-03-30,6.52,6.11,0.40999999999999925
2000-03-31,6.5,6.17,0.33000000000000007
2000-04-03,6.45,6.15,0.2999999999999998
2000-04-04,6.35,5.98,0.3699999999999992
2000-04-05,6.35,6.08,0.2699999999999996
2000-04-06,6.38,6.05,0.33000000000000007
2000-04-07,6.38,5.95,0.4299999999999997
2000-04-10,6.31,6.05,0.2599999999999998
2000-04-11,6.36,5.97,0.39000000000000057
2000-04-12,6.4,5.93,0.47000000000000064
2000-04-13,6.4,5.97,0.4300000000000006
2000-04-14,6.27,6.08,0.1899999999999995
2000-04-17,6.33,6.18,0.15000000000000036
2000-04-18,6.33,5.93,0.40000000000000036
2000-04-19,6.33,5.93,0.40000000000000036
2000-04-20,6.38,6.05,0.33000000000000007
2000-04-24,6.36,5.9,0.45999999999999996
2000-04-25,6.48,5.99,0.4900000000000002
2000-04-26,6.5,6.0,0.5
2000-04-27,6.63,6.0,0.6299999999999999
2000-04-28,6.68,6.06,0.6200000000000001
2000-05-01,6.73,6.17,0.5600000000000005
2000-05-02,6.72,6.05,0.6699999999999999
2000-05-03,6.73,6.05,0.6800000000000006
2000-05-04,6.77,6.05,0.7199999999999998
2000-05-05,6.84,5.94,0.8999999999999995
2000-05-08,6.87,6.01,0.8600000000000003
2000-05-09,6.86,5.92,0.9400000000000004
2000-05-10,6.84,5.95,0.8899999999999997
2000-05-11,6.82,6.05,0.7700000000000005
2000-05-12,6.91,6.11,0.7999999999999998
2000-05-15,6.88,6.34,0.54
2000-05-16,6.89,6.13,0.7599999999999998
2000-05-17,6.9,6.25,0.6500000000000004
2000-05-18,6.93,6.49,0.4399999999999995
2000-05-19,6.86,6.51,0.35000000000000053
2000-05-22,6.81,6.52,0.29000000000000004
2000-05-23,6.83,6.47,0.3600000000000003
2000-05-24,6.79,6.48,0.3099999999999996
2000-05-25,6.71,6.56,0.15000000000000036
2000-05-26,6.69,6.4,0.29000000000000004
2000-05-30,6.74,6.71,0.03000000000000025
2000-05-31,6.69,6.83,-0.13999999999999968
2000-06-01,6.61,6.65,-0.040000000000000036
2000-06-02,6.52,6.44,0.07999999999999918
2000-06-05,6.49,6.51,-0.019999999999999574
2000-06-06,6.51,6.47,0.040000000000000036
2000-06-07,6.52,6.5,0.019999999999999574
2000-06-08,6.56,6.54,0.019999999999999574
2000-06-09,6.56,6.47,0.08999999999999986
2000-06-12,6.52,6.54,-0.020000000000000462
2000-06-13,6.49,6.46,0.03000000000000025
2000-06-14,6.44,6.54,-0.09999999999999964
2000-06-15,6.44,6.7,-0.2599999999999998
2000-06-16,6.38,6.46,-0.08000000000000007
2000-06-19,6.4,6.51,-0.10999999999999943
2000-06-20,6.43,6.49,-0.0600000000000005
2000-06-21,6.5,6.47,0.03000000000000025
2000-06-22,6.5,6.52,-0.019999999999999574
2000-06-23,6.55,6.51,0.040000000000000036
2000-06-26,6.5,6.63,-0.1299999999999999
2000-06-27,6.5,6.56,-0.05999999999999961
2000-06-28,6.43,6.5,-0.07000000000000028
2000-06-29,6.37,6.76,-0.3899999999999997
2000-06-30,6.38,6.86,-0.4800000000000004
2000-07-03,6.31,7.03,-0.7200000000000006
2000-07-05,6.29,6.52,-0.22999999999999954
2000-07-06,6.34,6.51,-0.16999999999999993
2000-07-07,6.29,6.42,-0.1299999999999999
2000-07-10,6.31,6.51,-0.20000000000000018
2000-07-11,6.32,6.39,-0.0699999999999994
2000-07-12,6.34,6.38,-0.040000000000000036
2000-07-13,6.31,6.5,-0.1900000000000004
2000-07-14,6.41,6.51,-0.09999999999999964
2000-07-17,6.46,6.58,-0.1200000000000001
2000-07-18,6.44,6.47,-0.02999999999999936
2000-07-19,6.46,6.45,0.009999999999999787
2000-07-20,6.32,6.52,-0.1999999999999993
2000-07-21,6.32,6.51,-0.1899999999999995
2000-07-24,6.35,6.52,-0.16999999999999993
2000-07-25,6.35,6.46,-0.11000000000000032
2000-07-26,6.29,6.49,-0.20000000000000018
2000-07-27,6.27,6.52,-0.25
2000-07-28,6.3,6.44,-0.14000000000000057
2000-07-31,6.3,6.64,-0.33999999999999986
2000-08-01,6.27,6.51,-0.2400000000000002
2000-08-02,6.23,6.42,-0.1899999999999995
2000-08-03,6.22,6.45,-0.23000000000000043
2000-08-04,6.15,6.44,-0.29000000000000004
2000-08-07,6.2,6.46,-0.2599999999999998
2000-08-08,6.16,6.44,-0.28000000000000025
2000-08-09,6.18,6.48,-0.3000000000000007
2000-08-10,6.16,6.52,-0.35999999999999943
2000-08-11,6.25,6.5,-0.25
2000-08-14,6.25,6.58,-0.33000000000000007
2000-08-15,6.28,6.63,-0.34999999999999964
2000-08-16,6.3,6.48,-0.1800000000000006
2000-08-17,6.3,6.47,-0.16999999999999993
2000-08-18,6.27,6.44,-0.17000000000000082
2000-08-21,6.28,6.48,-0.20000000000000018
2000-08-22,6.27,6.42,-0.15000000000000036
2000-08-23,6.2,6.5,-0.2999999999999998
2000-08-24,6.19,6.56,-0.3699999999999992
2000-08-25,6.19,6.54,-0.34999999999999964
2000-08-28,6.23,6.57,-0.33999999999999986
2000-08-29,6.26,6.51,-0.25
2000-08-30,6.24,6.51,-0.2699999999999996
2000-08-31,6.18,6.65,-0.47000000000000064
2000-09-01,6.09,6.52,-0.4299999999999997
2000-09-05,6.09,6.61,-0.5200000000000005
2000-09-06,6.11,6.56,-0.4499999999999993
2000-09-07,6.14,6.53,-0.39000000000000057
2000-09-08,6.11,6.5,-0.3899999999999997
2000-09-11,6.12,6.5,-0.3799999999999999
2000-09-12,6.12,6.47,-0.34999999999999964
2000-09-13,6.09,6.47,-0.3799999999999999
2000-09-14,6.11,6.5,-0.3899999999999997
2000-09-15,6.07,6.55,-0.47999999999999954
2000-09-18,6.04,6.44,-0.40000000000000036
2000-09-19,6.05,6.4,-0.35000000000000053
2000-09-20,6.11,6.5,-0.3899999999999997
2000-09-21,6.11,6.53,-0.41999999999999993
2000-09-22,6.09,6.48,-0.39000000000000057
2000-09-25,6.11,6.54,-0.4299999999999997
2000-09-26,6.07,6.5,-0.4299999999999997
2000-09-27,6.0,6.5,-0.5
2000-09-28,6.02,6.59,-0.5700000000000003
2000-09-29,5.98,6.6,-0.6199999999999992
2000-10-02,5.98,6.68,-0.6999999999999993
2000-10-03,6.0,6.46,-0.45999999999999996
2000-10-04,6.03,6.51,-0.47999999999999954
2000-10-05,6.02,6.54,-0.5200000000000005
2000-10-06,5.98,6.43,-0.4499999999999993
2000-10-10,5.98,6.57,-0.5899999999999999
2000-10-11,5.93,6.46,-0.5300000000000002
2000-10-12,5.86,6.47,-0.6099999999999994
2000-10-13,5.84,6.46,-0.6200000000000001
2000-10-16,5.89,6.59,-0.7000000000000002
2000-10-17,5.83,6.45,-0.6200000000000001
2000-10-18,5.82,6.53,-0.71
2000-10-19,5.86,6.54,-0.6799999999999997
2000-10-20,5.84,6.5,-0.6600000000000001
2000-10-23,5.82,6.53,-0.71
2000-10-24,5.86,6.49,-0.6299999999999999
2000-10-25,5.87,6.53,-0.6600000000000001
2000-10-26,5.9,6.53,-0.6299999999999999
2000-10-27,5.94,6.51,-0.5699999999999994
2000-10-30,5.97,6.59,-0.6200000000000001
2000-10-31,5.94,6.59,-0.6499999999999995
2000-11-01,5.88,6.61,-0.7300000000000004
2000-11-02,5.87,6.54,-0.6699999999999999
2000-11-03,5.94,6.48,-0.54
2000-11-06,5.99,6.49,-0.5
2000-11-07,5.99,6.48,-0.4900000000000002
2000-11-08,5.99,6.51,-0.5199999999999996
2000-11-09,5.94,6.52,-0.5799999999999992
2000-11-10,5.92,6.48,-0.5600000000000005
2000-11-13,5.9,6.55,-0.6499999999999995
2000-11-14,5.92,6.52,-0.5999999999999996
2000-11-15,5.9,6.61,-0.71
2000-11-16,5.87,6.55,-0.6799999999999997
2000-11-17,5.88,6.48,-0.6000000000000005
2000-11-20,5.87,6.52,-0.6499999999999995
2000-11-21,5.86,6.5,-0.6399999999999997
2000-11-22,5.85,6.58,-0.7300000000000004
2000-11-24,5.86,6.49,-0.6299999999999999
2000-11-27,5.86,6.5,-0.6399999999999997
2000-11-28,5.79,6.46,-0.6699999999999999
2000-11-29,5.69,6.5,-0.8099999999999996
2000-11-30,5.61,6.62,-1.0099999999999998
2000-12-01,5.62,6.6,-0.9799999999999995
2000-12-04,5.59,6.57,-0.9800000000000004
2000-12-05,5.49,6.51,-1.0199999999999996
2000-12-06,5.42,6.48,-1.0600000000000005
2000-12-07,5.45,6.49,-1.04
2000-12-08,5.5,6.47,-0.9699999999999998
2000-12-11,5.52,6.49,-0.9700000000000006
2000-12-12,5.54,6.43,-0.8899999999999997
2000-12-13,5.45,6.47,-1.0199999999999996
2000-12-14,5.43,6.53,-1.1000000000000005
2000-12-15,5.38,6.58,-1.2000000000000002
2000-12-18,5.33,6.5,-1.17
2000-12-19,5.35,6.47,-1.12
2000-12-20,5.24,6.47,-1.2299999999999995
2000-12-21,5.14,6.48,-1.3400000000000007
2000-12-22,5.1,6.44,-1.3400000000000007
2000-12-26,5.1,6.58,-1.4800000000000004
2000-12-27,5.1,6.53,-1.4300000000000006
2000-12-28,5.18,6.53,-1.3500000000000005
2000-12-29,5.11,5.41,-0.2999999999999998
2001-01-02,4.87,6.67,-1.7999999999999998
2001-01-03,4.92,6.35,-1.4299999999999997
2001-01-04,4.77,5.92,-1.1500000000000004
2001-01-05,4.56,5.83,-1.2700000000000005
2001-01-08,4.54,5.98,-1.4400000000000004
2001-01-09,4.64,5.95,-1.3100000000000005
2001-01-10,4.76,6.06,-1.2999999999999998
2001-01-11,4.77,6.05,-1.2800000000000002
2001-01-12,4.9,5.98,-1.08
2001-01-16,4.89,6.2,-1.3100000000000005
2001-01-17,4.84,5.94,-1.1000000000000005
2001-01-18,4.72,5.93,-1.21
2001-01-19,4.75,5.92,-1.17
2001-01-22,4.75,6.0,-1.25
2001-01-23,4.82,5.97,-1.1499999999999995
2001-01-24,4.81,6.05,-1.2400000000000002
2001-01-25,4.78,6.1,-1.3199999999999994
2001-01-26,4.78,5.96,-1.1799999999999997
2001-01-29,4.77,5.98,-1.2100000000000009
2001-01-30,4.7,5.9,-1.2000000000000002
2001-01-31,4.62,5.74,-1.12
2001-02-01,4.55,5.57,-1.0200000000000005
2001-02-02,4.65,5.5,-0.8499999999999996
2001-02-05,4.68,5.52,-0.8399999999999999
2001-02-06,4.72,5.48,-0.7600000000000007
2001-02-07,4.7,5.5,-0.7999999999999998
2001-02-08,4.73,5.5,-0.7699999999999996
2001-02-09,4.67,5.44,-0.7700000000000005
2001-02-12,4.67,5.48,-0.8100000000000005
2001-02-13,4.75,5.46,-0.71
2001-02-14,4.84,5.5,-0.6600000000000001
2001-02-15,4.89,5.57,-0.6800000000000006
2001-02-16,4.75,5.46,-0.71
2001-02-20,4.73,5.57,-0.8399999999999999
2001-02-21,4.68,5.5,-0.8200000000000003
2001-02-22,4.63,5.52,-0.8899999999999997
2001-02-23,4.53,5.46,-0.9299999999999997
2001-02-26,4.46,5.55,-1.0899999999999999
2001-02-27,4.44,5.49,-1.0499999999999998
2001-02-28,4.41,5.59,-1.1799999999999997
2001-03-01,4.41,5.59,-1.1799999999999997
2001-03-02,4.48,5.52,-1.0399999999999991
2001-03-05,4.49,5.52,-1.0299999999999994
2001-03-06,4.49,5.39,-0.8999999999999995
2001-03-07,4.43,5.34,-0.9100000000000001
2001-03-08,4.43,5.46,-1.0300000000000002
2001-03-09,4.47,5.42,-0.9500000000000002
2001-03-12,4.46,5.5,-1.04
2001-03-13,4.46,5.5,-1.04
2001-03-14,4.32,5.48,-1.1600000000000001
2001-03-15,4.22,5.52,-1.2999999999999998
2001-03-16,4.26,5.4,-1.1400000000000006
2001-03-19,4.32,5.38,-1.0599999999999996
2001-03-20,4.24,5.14,-0.8999999999999995
2001-03-21,4.21,5.05,-0.8399999999999999
2001-03-22,4.17,5.04,-0.8700000000000001
2001-03-23,4.24,4.94,-0.7000000000000002
2001-03-26,4.27,5.03,-0.7600000000000007
2001-03-28,4.3,5.05,-0.75
2001-03-29,4.27,5.19,-0.9200000000000008
2001-03-30,4.18,5.29,-1.1100000000000003
2001-04-02,4.22,5.3,-1.08
2001-04-03,4.15,5.1,-0.9499999999999993
2001-04-04,4.12,5.01,-0.8899999999999997
2001-04-05,4.19,5.04,-0.8499999999999996
2001-04-06,4.07,4.94,-0.8700000000000001
2001-04-09,4.1,4.98,-0.8800000000000008
2001-04-10,4.24,4.96,-0.7199999999999998
2001-04-11,4.29,4.95,-0.6600000000000001
2001-04-12,4.36,5.02,-0.6599999999999993
2001-04-16,4.49,5.17,-0.6799999999999997
2001-04-17,4.41,4.99,-0.5800000000000001
2001-04-18,4.26,4.67,-0.41000000000000014
2001-04-19,4.29,4.47,-0.17999999999999972
2001-04-20,4.26,4.38,-0.1200000000000001
2001-04-23,4.15,4.4,-0.25
2001-04-24,4.16,4.41,-0.25
2001-04-25,4.2,4.54,-0.33999999999999986
2001-04-26,4.14,4.57,-0.4300000000000006
2001-04-27,4.28,4.51,-0.22999999999999954
2001-04-30,4.3,4.67,-0.3700000000000001
2001-05-01,4.23,4.61,-0.3799999999999999
2001-05-02,4.27,4.35,-0.08000000000000007
2001-05-03,4.22,4.48,-0.2600000000000007
2001-05-04,4.14,4.41,-0.27000000000000046
2001-05-07,4.12,4.47,-0.34999999999999964
2001-05-08,4.1,4.41,-0.3100000000000005
2001-05-09,4.07,4.43,-0.35999999999999943
2001-05-10,4.17,4.51,-0.33999999999999986
2001-05-11,4.36,4.47,-0.10999999999999943
2001-05-14,4.29,4.43,-0.13999999999999968
2001-05-15,4.28,4.22,0.0600000000000005
2001-05-16,4.25,4.04,0.20999999999999996
2001-05-17,4.33,4.04,0.29000000000000004
2001-05-18,4.37,3.95,0.41999999999999993
2001-05-21,4.37,4.02,0.35000000000000053
2001-05-22,4.34,3.99,0.34999999999999964
2001-05-23,4.29,3.97,0.31999999999999984
2001-05-24,4.32,3.98,0.3400000000000003
2001-05-25,4.31,3.94,0.36999999999999966
2001-05-29,4.33,4.09,0.2400000000000002
2001-05-30,4.34,4.05,0.29000000000000004
2001-05-31,4.22,4.24,-0.020000000000000462
2001-06-01,4.22,4.14,0.08000000000000007
2001-06-04,4.19,4.03,0.16000000000000014
2001-06-05,4.12,3.93,0.18999999999999995
2001-06-06,4.12,3.91,0.20999999999999996
2001-06-07,4.14,3.92,0.21999999999999975
2001-06-08,4.17,4.02,0.15000000000000036
2001-06-11,4.11,4.03,0.08000000000000007
2001-06-12,4.09,3.98,0.10999999999999988
2001-06-13,4.08,4.04,0.040000000000000036
2001-06-14,4.04,4.03,0.009999999999999787
2001-06-15,4.01,3.94,0.06999999999999984
2001-06-18,3.98,3.91,0.06999999999999984
2001-06-19,3.99,3.91,0.08000000000000007
2001-06-20,3.98,3.98,0.0
2001-06-21,3.99,4.02,-0.02999999999999936
2001-06-22,3.93,3.98,-0.04999999999999982
2001-06-25,3.96,3.97,-0.010000000000000231
2001-06-26,4.03,3.75,0.28000000000000025
2001-06-27,4.06,3.68,0.37999999999999945
2001-06-28,4.22,3.86,0.3599999999999999
2001-06-29,4.25,3.95,0.2999999999999998
2001-07-02,4.21,4.11,0.09999999999999964
2001-07-03,4.24,3.69,0.5500000000000003
2001-07-05,4.24,3.72,0.52
2001-07-06,4.16,3.6,0.56
2001-07-09,4.15,3.67,0.4800000000000004
2001-07-10,4.08,3.71,0.3700000000000001
2001-07-11,4.07,3.78,0.2900000000000005
2001-07-12,4.07,3.78,0.2900000000000005
2001-07-13,4.12,3.75,0.3700000000000001
2001-07-16,4.07,3.82,0.25000000000000044
2001-07-17,4.09,3.71,0.3799999999999999
2001-07-18,3.96,3.73,0.22999999999999998
2001-07-19,3.98,3.77,0.20999999999999996
2001-07-20,3.98,3.8,0.18000000000000016
2001-07-23,3.98,3.82,0.16000000000000014
2001-07-24,3.97,3.82,0.15000000000000036
2001-07-25,3.98,3.89,0.08999999999999986
2001-07-26,3.94,3.87,0.06999999999999984
2001-07-27,3.87,3.75,0.1200000000000001
2001-07-30,3.86,3.79,0.06999999999999984
2001-07-31,3.79,3.82,-0.029999999999999805
2001-08-01,3.83,3.79,0.040000000000000036
2001-08-02,3.89,3.68,0.20999999999999996
2001-08-03,3.91,3.69,0.2200000000000002
2001-08-06,3.88,3.73,0.1499999999999999
2001-08-07,3.9,3.69,0.20999999999999996
2001-08-08,3.77,3.75,0.020000000000000018
2001-08-09,3.77,3.77,0.0
2001-08-10,3.73,3.7,0.029999999999999805
2001-08-13,3.7,3.79,-0.08999999999999986
2001-08-14,3.74,3.76,-0.019999999999999574
2001-08-15,3.8,3.83,-0.03000000000000025
2001-08-16,3.75,3.75,0.0
2001-08-17,3.67,3.66,0.009999999999999787
2001-08-20,3.74,3.64,0.10000000000000009
2001-08-21,3.69,3.53,0.16000000000000014
2001-08-22,3.76,3.51,0.25
2001-08-23,3.72,3.55,0.17000000000000037
2001-08-24,3.76,3.51,0.25
2001-08-27,3.78,3.54,0.23999999999999977
2001-08-28,3.71,3.5,0.20999999999999996
2001-08-29,3.67,3.5,0.16999999999999993
2001-08-30,3.61,3.58,0.029999999999999805
2001-08-31,3.64,3.66,-0.020000000000000018
2001-09-04,3.83,3.67,0.16000000000000014
2001-09-05,3.79,3.49,0.2999999999999998
2001-09-06,3.65,3.52,0.1299999999999999
2001-09-07,3.53,3.44,0.08999999999999986
2001-09-10,3.53,3.5,0.029999999999999805
2001-09-13,2.99,3.31,-0.31999999999999984
2001-09-14,2.87,3.13,-0.2599999999999998
2001-09-17,2.96,2.13,0.8300000000000001
2001-09-18,2.96,1.25,1.71
2001-09-19,2.81,1.19,1.62
2001-09-20,2.91,2.22,0.69
2001-09-21,2.91,3.11,-0.19999999999999973
2001-09-24,2.94,3.31,-0.3700000000000001
2001-09-25,2.88,3.11,-0.22999999999999998
2001-09-26,2.82,2.96,-0.14000000000000012
2001-09-27,2.78,3.08,-0.30000000000000027
2001-09-28,2.86,2.75,0.10999999999999988
2001-10-01,2.82,3.02,-0.20000000000000018
2001-10-02,2.77,2.35,0.41999999999999993
2001-10-03,2.77,2.27,0.5
2001-10-04,2.75,2.45,0.2999999999999998
2001-10-05,2.71,2.42,0.29000000000000004
2001-10-09,2.74,2.5,0.2400000000000002
2001-10-10,2.78,2.42,0.3599999999999999
2001-10-11,2.88,2.42,0.45999999999999996
2001-10-12,2.81,2.39,0.41999999999999993
2001-10-15,2.78,2.51,0.27
2001-10-16,2.77,2.47,0.2999999999999998
2001-10-17,2.8,2.51,0.29000000000000004
2001-10-18,2.77,2.5,0.27
2001-10-19,2.77,2.47,0.2999999999999998
2001-10-22,2.79,2.52,0.27
2001-10-23,2.81,2.48,0.33000000000000007
2001-10-24,2.72,2.53,0.1900000000000004
2001-10-25,2.63,2.54,0.08999999999999986
2001-10-26,2.63,2.51,0.1200000000000001
2001-10-29,2.55,2.55,0.0
2001-10-30,2.48,2.55,-0.06999999999999984
2001-10-31,2.44,2.66,-0.2200000000000002
2001-11-01,2.49,2.61,-0.11999999999999966
2001-11-02,2.48,2.43,0.04999999999999982
2001-11-05,2.46,2.45,0.009999999999999787
2001-11-06,2.37,2.13,0.2400000000000002
2001-11-07,2.32,2.04,0.2799999999999998
2001-11-08,2.42,2.03,0.3900000000000001
2001-11-09,2.45,1.98,0.4700000000000002
2001-11-13,2.54,2.1,0.43999999999999995
2001-11-14,2.7,2.16,0.54
2001-11-15,2.98,2.22,0.7599999999999998
2001-11-16,3.09,1.98,1.1099999999999999
2001-11-19,2.92,2.01,0.9100000000000001
2001-11-20,2.96,1.97,0.99
2001-11-21,3.11,1.93,1.18
2001-11-23,3.2,1.88,1.3200000000000003
2001-11-26,3.22,2.04,1.1800000000000002
2001-11-27,3.11,2.01,1.1
2001-11-28,3.12,2.04,1.08
2001-11-29,2.87,2.09,0.7800000000000002
2001-11-30,2.84,2.06,0.7799999999999998
2001-12-03,2.82,2.05,0.77
2001-12-04,2.81,1.93,0.8800000000000001
2001-12-05,3.07,1.89,1.18
2001-12-06,3.19,1.87,1.3199999999999998
2001-12-07,3.19,1.92,1.27
2001-12-10,3.1,1.9,1.2000000000000002
2001-12-11,3.03,1.8,1.2299999999999998
2001-12-12,2.97,1.81,1.1600000000000001
2001-12-13,3.09,1.86,1.2299999999999998
2001-12-14,3.2,1.88,1.3200000000000003
2001-12-17,3.21,1.93,1.28
2001-12-18,3.13,1.71,1.42
2001-12-19,3.11,1.71,1.4
2001-12-20,3.15,1.79,1.3599999999999999
2001-12-21,3.17,1.78,1.39
2001-12-24,3.22,1.68,1.5400000000000003
2001-12-26,3.26,1.89,1.3699999999999999
2001-12-27,3.19,1.85,1.3399999999999999
2001-12-28,3.16,1.54,1.62
2001-12-31,3.07,1.52,1.5499999999999998
2002-01-02,3.22,1.92,1.3000000000000003
2002-01-03,3.19,1.72,1.47
2002-01-04,3.19,1.61,1.5799999999999998
2002-01-07,3.08,1.61,1.47
2002-01-08,3.07,1.61,1.4599999999999997
2002-01-09,3.03,1.74,1.2899999999999998
2002-01-10,2.94,1.81,1.13
2002-01-11,2.76,1.71,1.0499999999999998
2002-01-14,2.79,1.78,1.01
2002-01-15,2.79,1.75,1.04
2002-01-16,2.84,1.69,1.15
2002-01-17,2.96,1.68,1.28
2002-01-18,2.91,1.71,1.2000000000000002
2002-01-22,2.97,1.84,1.1300000000000001
2002-01-23,3.07,1.81,1.2599999999999998
2002-01-24,3.15,1.8,1.3499999999999999
2002-01-25,3.17,1.78,1.39
2002-01-28,3.19,1.79,1.4
2002-01-29,3.05,1.78,1.2699999999999998
2002-01-30,3.06,1.78,1.28
2002-01-31,3.16,1.85,1.31
2002-02-01,3.08,1.77,1.31
2002-02-04,2.99,1.74,1.2500000000000002
2002-02-05,2.99,1.64,1.3500000000000003
2002-02-06,2.98,1.66,1.32
2002-02-07,2.99,1.74,1.2500000000000002
2002-02-08,2.95,1.69,1.2600000000000002
2002-02-11,2.95,1.76,1.1900000000000002
2002-02-12,3.04,1.72,1.32
2002-02-13,3.09,1.75,1.3399999999999999
2002-02-14,3.07,1.81,1.2599999999999998
2002-02-15,2.97,1.73,1.2400000000000002
2002-02-19,2.98,1.77,1.21
2002-02-20,3.0,1.76,1.24
2002-02-21,3.0,1.77,1.23
2002-02-22,2.97,1.71,1.2600000000000002
2002-02-25,3.01,1.8,1.2099999999999997
2002-02-26,3.08,1.77,1.31
2002-02-27,3.09,1.76,1.3299999999999998
2002-02-28,3.06,1.83,1.23
2002-03-01,3.18,1.78,1.4000000000000001
2002-03-04,3.24,1.68,1.5600000000000003
2002-03-05,3.25,1.63,1.62
2002-03-06,3.26,1.71,1.5499999999999998
2002-03-07,3.36,1.77,1.5899999999999999
2002-03-08,3.6,1.69,1.9100000000000001
2002-03-11,3.59,1.75,1.8399999999999999
2002-03-12,3.56,1.68,1.8800000000000001
2002-03-13,3.49,1.73,1.7600000000000002
2002-03-14,3.63,1.79,1.8399999999999999
2002-03-15,3.63,1.8,1.8299999999999998
2002-03-18,3.67,1.71,1.96
2002-03-19,3.64,1.67,1.9700000000000002
2002-03-20,3.71,1.78,1.93
2002-03-21,3.73,1.74,1.99
2002-03-22,3.77,1.68,2.09
2002-03-25,3.78,1.75,2.03
2002-03-26,3.68,1.71,1.9700000000000002
2002-03-27,3.66,1.69,1.9700000000000002
2002-03-28,3.72,1.77,1.9500000000000002
2002-04-01,3.74,1.88,1.8600000000000003
2002-04-02,3.63,1.74,1.89
2002-04-03,3.55,1.81,1.7399999999999998
2002-04-04,3.57,1.74,1.8299999999999998
2002-04-05,3.49,1.7,1.7900000000000003
2002-04-08,3.51,1.72,1.7899999999999998
2002-04-09,3.48,1.68,1.8
2002-04-10,3.48,1.73,1.75
2002-04-11,3.47,1.83,1.6400000000000001
2002-04-12,3.41,1.79,1.62
2002-04-15,3.38,1.84,1.5399999999999998
2002-04-16,3.43,1.68,1.7500000000000002
2002-04-17,3.41,1.73,1.6800000000000002
2002-04-18,3.38,1.71,1.67
2002-04-19,3.36,1.67,1.69
2002-04-22,3.37,1.73,1.6400000000000001
2002-04-23,3.39,1.71,1.6800000000000002
2002-04-24,3.28,1.76,1.5199999999999998
2002-04-25,3.25,1.82,1.43
2002-04-26,3.22,1.79,1.4300000000000002
2002-04-29,3.26,1.81,1.4499999999999997
2002-04-30,3.24,1.82,1.4200000000000002
2002-05-01,3.21,1.88,1.33
2002-05-02,3.25,1.79,1.46
2002-05-03,3.17,1.73,1.44
2002-05-06,3.19,1.75,1.44
2002-05-07,3.14,1.72,1.4200000000000002
2002-05-08,3.32,1.71,1.6099999999999999
2002-05-09,3.27,1.74,1.53
2002-05-10,3.19,1.74,1.45
2002-05-13,3.28,1.75,1.5299999999999998
2002-05-14,3.4,1.69,1.71
2002-05-15,3.37,1.84,1.53
2002-05-16,3.28,1.76,1.5199999999999998
2002-05-17,3.41,1.7,1.7100000000000002
2002-05-20,3.33,1.72,1.61
2002-05-21,3.28,1.68,1.5999999999999999
2002-05-22,3.23,1.73,1.5
2002-05-23,3.28,1.76,1.5199999999999998
2002-05-24,3.28,1.75,1.5299999999999998
2002-05-28,3.3,1.88,1.42
2002-05-29,3.24,1.79,1.4500000000000002
2002-05-30,3.17,1.8,1.3699999999999999
2002-05-31,3.22,1.79,1.4300000000000002
2002-06-03,3.19,1.83,1.3599999999999999
2002-06-04,3.13,1.73,1.4
2002-06-05,3.16,1.7,1.4600000000000002
2002-06-06,3.13,1.75,1.38
2002-06-07,3.16,1.73,1.4300000000000002
2002-06-10,3.15,1.76,1.39
2002-06-11,3.09,1.72,1.3699999999999999
2002-06-12,3.05,1.75,1.2999999999999998
2002-06-13,3.0,1.76,1.24
2002-06-14,2.92,1.75,1.17
2002-06-17,2.96,1.82,1.14
2002-06-18,2.93,1.71,1.2200000000000002
2002-06-19,2.81,1.69,1.12
2002-06-20,2.93,1.75,1.1800000000000002
2002-06-21,2.88,1.74,1.14
2002-06-24,2.93,1.77,1.1600000000000001
2002-06-25,2.92,1.75,1.17
2002-06-26,2.77,1.78,0.99
2002-06-27,2.85,1.81,1.04
2002-06-28,2.9,1.73,1.17
2002-07-01,2.88,1.83,1.0499999999999998
2002-07-02,2.78,1.72,1.0599999999999998
2002-07-03,2.78,1.71,1.0699999999999998
2002-07-05,2.9,1.72,1.18
2002-07-08,2.84,1.75,1.0899999999999999
2002-07-09,2.74,1.72,1.0200000000000002
2002-07-10,2.61,1.74,0.8699999999999999
2002-07-11,2.61,1.76,0.8499999999999999
2002-07-12,2.56,1.71,0.8500000000000001
2002-07-15,2.55,1.83,0.7199999999999998
2002-07-16,2.66,1.72,0.9400000000000002
2002-07-17,2.63,1.71,0.9199999999999999
2002-07-18,2.55,1.74,0.8099999999999998
2002-07-19,2.48,1.72,0.76
2002-07-22,2.4,1.77,0.6299999999999999
2002-07-23,2.34,1.73,0.6099999999999999
2002-07-24,2.38,1.67,0.71
2002-07-25,2.28,1.75,0.5299999999999998
2002-07-26,2.2,1.69,0.5100000000000002
2002-07-29,2.41,1.75,0.6600000000000001
2002-07-30,2.44,1.71,0.73
2002-07-31,2.23,1.76,0.47
2002-08-01,2.15,1.79,0.3599999999999999
2002-08-02,1.99,1.72,0.27
2002-08-05,1.93,1.77,0.15999999999999992
2002-08-06,2.11,1.74,0.3699999999999999
2002-08-07,1.98,1.71,0.27
2002-08-08,2.1,1.71,0.3900000000000001
2002-08-09,2.1,1.68,0.42000000000000015
2002-08-12,2.1,1.76,0.3400000000000001
2002-08-13,2.0,1.74,0.26
2002-08-14,2.12,1.78,0.3400000000000001
2002-08-15,2.22,1.87,0.3500000000000001
2002-08-16,2.28,1.7,0.5799999999999998
2002-08-19,2.25,1.72,0.53
2002-08-20,2.12,1.7,0.42000000000000015
2002-08-21,2.12,1.72,0.40000000000000013
2002-08-22,2.22,1.73,0.4900000000000002
2002-08-23,2.19,1.72,0.47
2002-08-26,2.19,1.81,0.3799999999999999
2002-08-27,2.26,1.79,0.46999999999999975
2002-08-28,2.23,1.8,0.42999999999999994
2002-08-29,2.14,1.82,0.32000000000000006
2002-08-30,2.14,1.81,0.33000000000000007
2002-09-03,2.01,1.87,0.13999999999999968
2002-09-04,2.02,1.74,0.28
2002-09-05,1.95,1.75,0.19999999999999996
2002-09-06,2.08,1.71,0.3700000000000001
2002-09-09,2.13,1.76,0.3699999999999999
2002-09-10,2.12,1.74,0.3800000000000001
2002-09-11,2.18,1.72,0.4600000000000002
2002-09-12,2.12,1.74,0.3800000000000001
2002-09-13,2.07,1.72,0.34999999999999987
2002-09-16,2.07,1.83,0.23999999999999977
2002-09-17,2.06,1.72,0.3400000000000001
2002-09-18,2.04,1.68,0.3600000000000001
2002-09-19,1.93,1.69,0.24
2002-09-20,1.94,1.7,0.24
2002-09-23,1.93,1.74,0.18999999999999995
2002-09-24,1.93,1.75,0.17999999999999994
2002-09-25,2.0,1.79,0.20999999999999996
2002-09-26,1.97,1.8,0.16999999999999993
2002-09-27,1.82,1.78,0.040000000000000036
2002-09-30,1.72,1.85,-0.13000000000000012
2002-10-01,1.8,1.85,-0.050000000000000044
2002-10-02,1.75,1.75,0.0
2002-10-03,1.75,1.76,-0.010000000000000009
2002-10-04,1.78,1.72,0.06000000000000005
2002-10-07,1.77,1.74,0.030000000000000027
2002-10-08,1.8,1.72,0.08000000000000007
2002-10-09,1.72,1.73,-0.010000000000000009
2002-10-10,1.75,1.75,0.0
2002-10-11,1.85,1.73,0.1200000000000001
2002-10-15,2.08,1.88,0.20000000000000018
2002-10-16,2.02,1.73,0.29000000000000004
2002-10-17,2.1,1.74,0.3600000000000001
2002-10-18,2.09,1.71,0.3799999999999999
2002-10-21,2.23,1.73,0.5
2002-10-22,2.21,1.71,0.5
2002-10-23,2.2,1.76,0.44000000000000017
2002-10-24,2.09,1.8,0.2899999999999998
2002-10-25,1.98,1.82,0.15999999999999992
2002-10-28,1.88,1.79,0.08999999999999986
2002-10-29,1.79,1.75,0.040000000000000036
2002-10-30,1.74,1.72,0.020000000000000018
2002-10-31,1.68,1.82,-0.14000000000000012
2002-11-01,1.76,1.74,0.020000000000000018
2002-11-04,1.79,1.71,0.08000000000000007
2002-11-05,1.82,1.64,0.18000000000000016
2002-11-06,1.87,1.48,0.3900000000000001
2002-11-07,1.86,1.27,0.5900000000000001
2002-11-08,1.87,1.18,0.6900000000000002
2002-11-12,1.79,1.29,0.5
2002-11-13,1.76,1.17,0.5900000000000001
2002-11-14,1.89,1.29,0.5999999999999999
2002-11-15,1.91,1.35,0.5599999999999998
2002-11-18,1.91,1.21,0.7
2002-11-19,1.91,1.2,0.71
2002-11-20,1.98,1.23,0.75
2002-11-21,2.05,1.27,0.7799999999999998
2002-11-22,2.1,1.25,0.8500000000000001
2002-11-25,2.09,1.32,0.7699999999999998
2002-11-26,1.97,1.26,0.71
2002-11-27,2.13,1.27,0.8599999999999999
2002-11-29,2.08,1.23,0.8500000000000001
2002-12-02,2.07,1.27,0.7999999999999998
2002-12-03,2.08,1.24,0.8400000000000001
2002-12-04,2.02,1.23,0.79
2002-12-05,1.97,1.24,0.73
2002-12-06,1.89,1.21,0.6799999999999999
2002-12-09,1.88,1.22,0.6599999999999999
2002-12-10,1.9,1.22,0.6799999999999999
2002-12-11,1.85,1.29,0.56
2002-12-12,1.85,1.29,0.56
2002-12-13,1.87,1.25,0.6200000000000001
2002-12-16,1.94,1.36,0.5799999999999998
2002-12-17,1.89,1.26,0.6299999999999999
2002-12-18,1.81,1.25,0.56
2002-12-19,1.74,1.28,0.45999999999999996
2002-12-20,1.76,1.26,0.5
2002-12-23,1.79,1.28,0.51
2002-12-24,1.73,1.15,0.5800000000000001
2002-12-26,1.7,1.28,0.41999999999999993
2002-12-27,1.6,1.2,0.40000000000000013
2002-12-30,1.61,1.23,0.3800000000000001
2002-12-31,1.61,1.16,0.4500000000000002
2003-01-02,1.8,1.3,0.5
2003-01-03,1.79,1.12,0.6699999999999999
2003-01-06,1.84,1.22,0.6200000000000001
2003-01-07,1.77,1.2,0.5700000000000001
2003-01-08,1.71,1.29,0.41999999999999993
2003-01-09,1.87,1.29,0.5800000000000001
2003-01-10,1.79,1.25,0.54
2003-01-13,1.81,1.26,0.55
2003-01-14,1.76,1.24,0.52
2003-01-15,1.75,1.3,0.44999999999999996
2003-01-16,1.75,1.24,0.51
2003-01-17,1.7,1.2,0.5
2003-01-21,1.67,1.31,0.3599999999999999
2003-01-22,1.66,1.26,0.3999999999999999
2003-01-23,1.69,1.27,0.41999999999999993
2003-01-24,1.66,1.21,0.44999999999999996
2003-01-27,1.7,1.3,0.3999999999999999
2003-01-28,1.7,1.23,0.47
2003-01-29,1.77,1.26,0.51
2003-01-30,1.7,1.29,0.4099999999999999
2003-01-31,1.72,1.33,0.3899999999999999
2003-02-03,1.72,1.3,0.41999999999999993
2003-02-04,1.68,1.21,0.47
2003-02-05,1.73,1.21,0.52
2003-02-06,1.68,1.23,0.44999999999999996
2003-02-07,1.63,1.21,0.41999999999999993
2003-02-10,1.68,1.25,0.42999999999999994
2003-02-11,1.65,1.22,0.42999999999999994
2003-02-12,1.62,1.23,0.3900000000000001
2003-02-13,1.57,1.28,0.29000000000000004
2003-02-14,1.62,1.3,0.32000000000000006
2003-02-18,1.66,1.35,0.30999999999999983
2003-02-19,1.61,1.24,0.3700000000000001
2003-02-20,1.59,1.25,0.3400000000000001
2003-02-21,1.63,1.21,0.41999999999999993
2003-02-24,1.6,1.25,0.3500000000000001
2003-02-25,1.58,1.28,0.30000000000000004
2003-02-26,1.57,1.28,0.29000000000000004
2003-02-27,1.58,1.31,0.27
2003-02-28,1.53,1.33,0.19999999999999996
2003-03-03,1.52,1.33,0.18999999999999995
2003-03-04,1.49,1.2,0.29000000000000004
2003-03-05,1.46,1.22,0.24
2003-03-06,1.47,1.23,0.24
2003-03-07,1.39,1.2,0.18999999999999995
2003-03-10,1.35,1.23,0.1200000000000001
2003-03-11,1.38,1.21,0.16999999999999993
2003-03-12,1.45,1.23,0.21999999999999997
2003-03-13,1.59,1.31,0.28
2003-03-14,1.56,1.3,0.26
2003-03-17,1.63,1.31,0.31999999999999984
2003-03-18,1.72,1.2,0.52
2003-03-19,1.72,1.2,0.52
2003-03-20,1.75,1.23,0.52
2003-03-21,1.8,1.2,0.6000000000000001
2003-03-24,1.71,1.23,0.48
2003-03-25,1.69,1.24,0.44999999999999996
2003-03-26,1.68,1.26,0.41999999999999993
2003-03-27,1.62,1.29,0.33000000000000007
2003-03-28,1.56,1.26,0.30000000000000004
2003-03-31,1.51,1.38,0.13000000000000012
2003-04-01,1.5,1.29,0.20999999999999996
2003-04-02,1.6,1.19,0.41000000000000014
2003-04-03,1.55,1.24,0.31000000000000005
2003-04-04,1.55,1.22,0.33000000000000007
2003-04-07,1.65,1.25,0.3999999999999999
2003-04-08,1.59,1.22,0.3700000000000001
2003-04-09,1.55,1.24,0.31000000000000005
2003-04-10,1.6,1.27,0.33000000000000007
2003-04-11,1.65,1.24,0.4099999999999999
2003-04-14,1.74,1.32,0.41999999999999993
2003-04-15,1.69,1.34,0.34999999999999987
2003-04-16,1.67,1.26,0.4099999999999999
2003-04-17,1.71,1.28,0.42999999999999994
2003-04-21,1.71,1.29,0.41999999999999993
2003-04-22,1.7,1.26,0.43999999999999995
2003-04-23,1.7,1.24,0.45999999999999996
2003-04-24,1.62,1.24,0.3800000000000001
2003-04-25,1.57,1.28,0.29000000000000004
2003-04-28,1.59,1.29,0.30000000000000004
2003-04-29,1.62,1.27,0.3500000000000001
2003-04-30,1.51,1.31,0.19999999999999996
2003-05-01,1.5,1.3,0.19999999999999996
2003-05-02,1.56,1.24,0.32000000000000006
2003-05-05,1.55,1.27,0.28
2003-05-06,1.45,1.28,0.16999999999999993
2003-05-07,1.45,1.28,0.16999999999999993
2003-05-08,1.49,1.27,0.21999999999999997
2003-05-09,1.45,1.24,0.20999999999999996
2003-05-12,1.46,1.25,0.20999999999999996
2003-05-13,1.47,1.23,0.24
2003-05-14,1.41,1.3,0.10999999999999988
2003-05-15,1.46,1.36,0.09999999999999987
2003-05-16,1.38,1.26,0.11999999999999988
2003-05-19,1.35,1.26,0.09000000000000008
2003-05-20,1.31,1.23,0.08000000000000007
2003-05-21,1.38,1.23,0.1499999999999999
2003-05-22,1.36,1.25,0.1100000000000001
2003-05-23,1.38,1.21,0.16999999999999993
2003-05-27,1.33,1.32,0.010000000000000009
2003-05-28,1.35,1.29,0.06000000000000005
2003-05-29,1.3,1.29,0.010000000000000009
2003-05-30,1.33,1.28,0.050000000000000044
2003-06-02,1.33,1.27,0.06000000000000005
2003-06-03,1.2,1.21,-0.010000000000000009
2003-06-04,1.2,1.22,-0.020000000000000018
2003-06-05,1.25,1.26,-0.010000000000000009
2003-06-06,1.27,1.24,0.030000000000000027
2003-06-09,1.19,1.25,-0.06000000000000005
2003-06-10,1.13,1.22,-0.09000000000000008
2003-06-11,1.16,1.25,-0.09000000000000008
2003-06-12,1.13,1.25,-0.1200000000000001
2003-06-13,1.1,1.24,-0.1399999999999999
2003-06-16,1.18,1.33,-0.15000000000000013
2003-06-17,1.25,1.24,0.010000000000000009
2003-06-18,1.27,1.22,0.050000000000000044
2003-06-19,1.17,1.22,-0.050000000000000044
2003-06-20,1.22,1.23,-0.010000000000000009
2003-06-23,1.17,1.21,-0.040000000000000036
2003-06-24,1.14,1.15,-0.010000000000000009
2003-06-25,1.3,1.18,0.1200000000000001
2003-06-26,1.41,1.1,0.30999999999999983
2003-06-27,1.38,1.08,0.2999999999999998
2003-06-30,1.32,1.45,-0.1299999999999999
2003-07-01,1.3,1.11,0.18999999999999995
2003-07-02,1.3,1.01,0.29000000000000004
2003-07-03,1.32,0.96,0.3600000000000001
2003-07-07,1.36,1.0,0.3600000000000001
2003-07-08,1.39,0.93,0.45999999999999985
2003-07-09,1.37,0.96,0.41000000000000014
2003-07-10,1.33,1.0,0.33000000000000007
2003-07-11,1.29,0.98,0.31000000000000005
2003-07-14,1.35,1.07,0.28
2003-07-15,1.45,1.13,0.32000000000000006
2003-07-16,1.49,1.01,0.48
2003-07-17,1.47,1.02,0.44999999999999996
2003-07-18,1.51,0.99,0.52
2003-07-21,1.61,1.02,0.5900000000000001
2003-07-22,1.57,1.0,0.5700000000000001
2003-07-23,1.54,1.05,0.49
2003-07-24,1.54,1.04,0.5
2003-07-25,1.52,1.03,0.49
2003-07-28,1.61,1.05,0.56
2003-07-29,1.67,1.04,0.6299999999999999
2003-07-30,1.64,1.03,0.6099999999999999
2003-07-31,1.8,1.04,0.76
2003-08-01,1.85,1.0,0.8500000000000001
2003-08-04,1.71,1.0,0.71
2003-08-05,1.88,0.86,1.02
2003-08-06,1.78,0.88,0.9
2003-08-07,1.74,0.95,0.79
2003-08-08,1.72,0.96,0.76
2003-08-11,1.81,1.02,0.79
2003-08-12,1.71,0.99,0.72
2003-08-13,1.86,1.01,0.8500000000000001
2003-08-14,1.86,1.22,0.6400000000000001
2003-08-15,1.85,1.39,0.4600000000000002
2003-08-18,1.87,1.03,0.8400000000000001
2003-08-19,1.81,0.93,0.88
2003-08-20,1.84,0.89,0.9500000000000001
2003-08-21,1.98,1.01,0.97
2003-08-22,1.97,0.99,0.98
2003-08-25,2.02,1.04,0.98
2003-08-26,1.96,1.0,0.96
2003-08-27,2.05,0.98,1.0699999999999998
2003-08-28,1.93,1.04,0.8899999999999999
2003-08-29,1.95,1.01,0.94
2003-09-02,2.04,1.06,0.98
2003-09-03,2.02,0.96,1.06
2003-09-04,1.91,0.98,0.9299999999999999
2003-09-05,1.72,0.96,0.76
2003-09-08,1.75,0.99,0.76
2003-09-09,1.71,0.95,0.76
2003-09-10,1.64,0.95,0.69
2003-09-11,1.71,1.0,0.71
2003-09-12,1.66,1.02,0.6399999999999999
2003-09-15,1.63,1.11,0.5199999999999998
2003-09-16,1.63,0.97,0.6599999999999999
2003-09-17,1.63,0.97,0.6599999999999999
2003-09-18,1.68,1.0,0.6799999999999999
2003-09-19,1.7,0.99,0.71
2003-09-22,1.7,1.02,0.6799999999999999
2003-09-23,1.68,1.01,0.6699999999999999
2003-09-24,1.66,1.03,0.6299999999999999
2003-09-25,1.65,1.08,0.5699999999999998
2003-09-26,1.6,1.03,0.5700000000000001
2003-09-29,1.61,1.04,0.5700000000000001
2003-09-30,1.5,1.17,0.33000000000000007
2003-10-01,1.47,1.11,0.3599999999999999
2003-10-02,1.48,1.02,0.45999999999999996
2003-10-03,1.65,0.99,0.6599999999999999
2003-10-06,1.6,0.99,0.6100000000000001
2003-10-07,1.67,0.98,0.69
2003-10-08,1.65,0.99,0.6599999999999999
2003-10-09,1.69,1.02,0.6699999999999999
2003-10-14,1.73,1.08,0.6499999999999999
2003-10-15,1.79,1.09,0.7
2003-10-16,1.96,1.04,0.9199999999999999
2003-10-17,1.9,0.98,0.9199999999999999
2003-10-20,1.88,1.02,0.8599999999999999
2003-10-21,1.89,0.99,0.8999999999999999
2003-10-22,1.8,0.99,0.81
2003-10-23,1.84,1.02,0.8200000000000001
2003-10-24,1.76,1.01,0.75
2003-10-27,1.83,1.03,0.8
2003-10-28,1.71,0.98,0.73
2003-10-29,1.79,0.97,0.8200000000000001
2003-11-03,1.9,1.02,0.8799999999999999
2003-11-04,1.86,0.98,0.8800000000000001
2003-11-05,1.94,0.98,0.96
2003-11-06,2.01,1.0,1.0099999999999998
2003-11-07,2.04,0.98,1.06
2003-11-10,2.06,0.99,1.07
2003-11-12,2.05,1.0,1.0499999999999998
2003-11-13,1.92,0.99,0.9299999999999999
2003-11-14,1.84,0.98,0.8600000000000001
2003-11-17,1.8,1.04,0.76
2003-11-18,1.83,0.98,0.8500000000000001
2003-11-19,1.9,0.98,0.9199999999999999
2003-11-20,1.83,1.0,0.8300000000000001
2003-11-21,1.84,0.98,0.8600000000000001
2003-11-24,1.94,0.98,0.96
2003-11-25,1.89,1.02,0.8699999999999999
2003-11-26,1.97,1.01,0.96
2003-11-28,2.06,1.01,1.05
2003-12-01,2.12,1.03,1.09
2003-12-02,2.07,0.97,1.0999999999999999
2003-12-03,2.09,0.98,1.1099999999999999
2003-12-04,2.06,0.99,1.07
2003-12-05,1.88,0.98,0.8999999999999999
2003-12-08,1.94,0.99,0.95
2003-12-09,1.97,0.97,1.0
2003-12-10,1.94,0.99,0.95
2003-12-11,1.83,0.99,0.8400000000000001
2003-12-12,1.84,0.99,0.8500000000000001
2003-12-15,1.88,1.04,0.8399999999999999
2003-12-16,1.83,0.99,0.8400000000000001
2003-12-17,1.83,0.99,0.8400000000000001
2003-12-18,1.85,1.01,0.8400000000000001
2003-12-19,1.82,0.98,0.8400000000000001
2003-12-22,1.84,1.02,0.8200000000000001
2003-12-23,1.96,1.0,0.96
2003-12-24,1.83,0.97,0.8600000000000001
2003-12-26,1.82,0.97,0.8500000000000001
2003-12-29,1.86,0.98,0.8800000000000001
2003-12-30,1.86,0.93,0.93
2003-12-31,1.84,0.94,0.9000000000000001
2004-01-02,1.94,1.01,0.9299999999999999
2004-01-05,1.95,0.97,0.98
2004-01-06,1.84,0.92,0.92
2004-01-07,1.84,0.94,0.9000000000000001
2004-01-08,1.85,0.99,0.8600000000000001
2004-01-09,1.68,0.99,0.69
2004-01-12,1.68,1.0,0.6799999999999999
2004-01-13,1.63,0.99,0.6399999999999999
2004-01-14,1.65,1.01,0.6399999999999999
2004-01-15,1.67,1.04,0.6299999999999999
2004-01-16,1.7,0.98,0.72
2004-01-20,1.69,1.02,0.6699999999999999
2004-01-21,1.69,1.0,0.69
2004-01-22,1.66,1.02,0.6399999999999999
2004-01-23,1.71,1.0,0.71
2004-01-26,1.75,1.08,0.6699999999999999
2004-01-27,1.7,1.02,0.6799999999999999
2004-01-28,1.87,0.99,0.8800000000000001
2004-01-29,1.88,1.0,0.8799999999999999
2004-01-30,1.84,1.03,0.81
2004-02-02,1.83,1.01,0.8200000000000001
2004-02-03,1.78,0.97,0.81
2004-02-04,1.8,1.0,0.8
2004-02-05,1.85,1.01,0.8400000000000001
2004-02-06,1.77,0.99,0.78
2004-02-09,1.76,1.01,0.75
2004-02-10,1.82,1.0,0.8200000000000001
2004-02-11,1.73,1.0,0.73
2004-02-12,1.75,1.02,0.73
2004-02-13,1.7,1.01,0.69
2004-02-17,1.7,1.02,0.6799999999999999
2004-02-18,1.72,1.0,0.72
2004-02-19,1.7,1.0,0.7
2004-02-20,1.75,0.99,0.76
2004-02-23,1.69,1.0,0.69
2004-02-24,1.69,0.99,0.7
2004-02-25,1.67,1.02,0.6499999999999999
2004-02-26,1.69,1.03,0.6599999999999999
2004-02-27,1.66,1.04,0.6199999999999999
2004-03-01,1.67,1.04,0.6299999999999999
2004-03-02,1.74,1.0,0.74
2004-03-03,1.74,1.0,0.74
2004-03-04,1.73,0.99,0.74
2004-03-05,1.57,1.0,0.5700000000000001
2004-03-08,1.52,1.0,0.52
2004-03-09,1.51,0.99,0.52
2004-03-10,1.54,1.0,0.54
2004-03-11,1.52,1.01,0.51
2004-03-12,1.54,0.99,0.55
2004-03-15,1.56,1.05,0.51
2004-03-16,1.51,0.99,0.52
2004-03-17,1.53,1.0,0.53
2004-03-18,1.55,1.0,0.55
2004-03-19,1.56,0.99,0.5700000000000001
2004-03-22,1.52,1.01,0.51
2004-03-23,1.52,0.99,0.53
2004-03-24,1.5,0.99,0.51
2004-03-25,1.51,1.02,0.49
2004-03-26,1.59,1.0,0.5900000000000001
2004-03-29,1.63,1.0,0.6299999999999999
2004-03-30,1.63,0.98,0.6499999999999999
2004-03-31,1.6,1.05,0.55
2004-04-01,1.65,1.03,0.6199999999999999
2004-04-02,1.86,1.0,0.8600000000000001
2004-04-05,1.91,1.01,0.8999999999999999
2004-04-06,1.86,1.0,0.8600000000000001
2004-04-07,1.87,1.0,0.8700000000000001
2004-04-08,1.88,1.02,0.8599999999999999
2004-04-12,1.91,1.0,0.9099999999999999
2004-04-13,2.01,1.0,1.0099999999999998
2004-04-14,2.13,1.01,1.1199999999999999
2004-04-15,2.1,1.03,1.07
2004-04-16,2.03,0.99,1.0399999999999998
2004-04-19,2.07,1.0,1.0699999999999998
2004-04-20,2.11,0.99,1.1199999999999999
2004-04-21,2.22,0.99,1.2300000000000002
2004-04-22,2.15,1.0,1.15
2004-04-23,2.29,0.99,1.3
2004-04-26,2.28,1.01,1.2699999999999998
2004-04-27,2.21,0.99,1.22
2004-04-28,2.3,1.01,1.2899999999999998
2004-04-29,2.34,1.03,1.3099999999999998
2004-04-30,2.31,1.03,1.28
2004-05-03,2.34,1.03,1.3099999999999998
2004-05-04,2.32,1.0,1.3199999999999998
2004-05-05,2.34,0.99,1.3499999999999999
2004-05-06,2.39,1.0,1.3900000000000001
2004-05-07,2.64,0.99,1.6500000000000001
2004-05-10,2.61,1.0,1.6099999999999999
2004-05-11,2.61,0.96,1.65
2004-05-12,2.62,0.98,1.6400000000000001
2004-05-13,2.67,1.0,1.67
2004-05-14,2.59,1.02,1.5699999999999998
2004-05-17,2.51,1.05,1.4599999999999997
2004-05-18,2.58,1.0,1.58
2004-05-19,2.61,1.0,1.6099999999999999
2004-05-20,2.55,1.0,1.5499999999999998
2004-05-21,2.6,0.99,1.61
2004-05-24,2.59,1.0,1.5899999999999999
2004-05-25,2.58,1.0,1.58
2004-05-26,2.52,0.99,1.53
2004-05-27,2.46,1.0,1.46
2004-05-28,2.54,1.02,1.52
2004-06-01,2.6,1.02,1.58
2004-06-02,2.65,0.98,1.67
2004-06-03,2.63,0.99,1.64
2004-06-04,2.7,0.99,1.7100000000000002
2004-06-07,2.67,0.99,1.68
2004-06-08,2.73,0.97,1.76
2004-06-09,2.79,0.99,1.8
2004-06-10,2.81,1.0,1.81
2004-06-14,2.97,1.02,1.9500000000000002
2004-06-15,2.77,1.03,1.74
2004-06-16,2.84,1.0,1.8399999999999999
2004-06-17,2.81,1.01,1.8
2004-06-18,2.81,1.0,1.81
2004-06-21,2.8,1.0,1.7999999999999998
2004-06-22,2.8,1.0,1.7999999999999998
2004-06-23,2.78,1.02,1.7599999999999998
2004-06-24,2.74,1.03,1.7100000000000002
2004-06-25,2.74,1.05,1.6900000000000002
2004-06-28,2.86,1.09,1.7699999999999998
2004-06-29,2.83,1.13,1.7000000000000002
2004-06-30,2.7,1.38,1.3200000000000003
2004-07-01,2.64,1.4,1.2400000000000002
2004-07-02,2.54,1.25,1.29
2004-07-06,2.56,1.3,1.26
2004-07-07,2.56,1.26,1.3
2004-07-08,2.55,1.26,1.2899999999999998
2004-07-09,2.55,1.24,1.3099999999999998
2004-07-12,2.53,1.26,1.2699999999999998
2004-07-13,2.58,1.24,1.34
2004-07-14,2.62,1.24,1.3800000000000001
2004-07-15,2.64,1.3,1.34
2004-07-16,2.54,1.24,1.3
2004-07-19,2.56,1.25,1.31
2004-07-20,2.67,1.25,1.42
2004-07-21,2.71,1.25,1.46
2004-07-22,2.69,1.26,1.43
2004-07-23,2.69,1.25,1.44
2004-07-26,2.75,1.27,1.48
2004-07-27,2.82,1.27,1.5499999999999998
2004-07-28,2.78,1.29,1.4899999999999998
2004-07-29,2.75,1.3,1.45
2004-07-30,2.68,1.29,1.3900000000000001
2004-08-02,2.66,1.28,1.3800000000000001
2004-08-03,2.66,1.24,1.4200000000000002
2004-08-04,2.66,1.22,1.4400000000000002
2004-08-05,2.64,1.3,1.34
2004-08-06,2.4,1.32,1.0799999999999998
2004-08-09,2.45,1.35,1.1
2004-08-10,2.55,1.43,1.1199999999999999
2004-08-11,2.54,1.5,1.04
2004-08-12,2.52,1.51,1.01
2004-08-13,2.47,1.48,0.9900000000000002
2004-08-16,2.51,1.43,1.0799999999999998
2004-08-17,2.44,1.2,1.24
2004-08-18,2.44,1.39,1.05
2004-08-19,2.43,1.5,0.9300000000000002
2004-08-20,2.46,1.5,0.96
2004-08-23,2.5,1.51,0.99
2004-08-24,2.5,1.51,0.99
2004-08-25,2.51,1.55,0.9599999999999997
2004-08-26,2.48,1.55,0.9299999999999999
2004-08-27,2.48,1.52,0.96
2004-08-30,2.47,1.54,0.9300000000000002
2004-08-31,2.41,1.55,0.8600000000000001
2004-09-01,2.41,1.53,0.8800000000000001
2004-09-02,2.46,1.51,0.95
2004-09-03,2.61,1.48,1.13
2004-09-07,2.58,1.54,1.04
2004-09-08,2.5,1.51,0.99
2004-09-09,2.5,1.49,1.01
2004-09-10,2.5,1.48,1.02
2004-09-13,2.5,1.51,0.99
2004-09-14,2.47,1.4,1.0700000000000003
2004-09-15,2.51,1.57,0.9399999999999997
2004-09-16,2.44,1.61,0.8299999999999998
2004-09-17,2.53,1.58,0.9499999999999997
2004-09-20,2.46,1.64,0.8200000000000001
2004-09-21,2.49,1.7,0.7900000000000003
2004-09-22,2.5,1.78,0.72
2004-09-23,2.57,1.8,0.7699999999999998
2004-09-24,2.62,1.76,0.8600000000000001
2004-09-27,2.59,1.76,0.8299999999999998
2004-09-28,2.55,1.72,0.8299999999999998
2004-09-29,2.61,1.76,0.8499999999999999
2004-09-30,2.63,1.94,0.69
2004-10-01,2.63,1.86,0.7699999999999998
2004-10-04,2.65,1.77,0.8799999999999999
2004-10-05,2.65,1.73,0.9199999999999999
2004-10-06,2.7,1.74,0.9600000000000002
2004-10-07,2.72,1.76,0.9600000000000002
2004-10-08,2.61,1.71,0.8999999999999999
2004-10-12,2.56,1.78,0.78
2004-10-13,2.53,1.73,0.7999999999999998
2004-10-14,2.48,1.77,0.71
2004-10-15,2.53,1.79,0.7399999999999998
2004-10-18,2.55,1.73,0.8199999999999998
2004-10-19,2.57,1.72,0.8499999999999999
2004-10-20,2.53,1.74,0.7899999999999998
2004-10-21,2.57,1.76,0.8099999999999998
2004-10-22,2.55,1.72,0.8299999999999998
2004-10-25,2.54,1.76,0.78
2004-10-26,2.54,1.72,0.8200000000000001
2004-10-27,2.63,1.77,0.8599999999999999
2004-10-28,2.59,1.79,0.7999999999999998
2004-10-29,2.56,1.79,0.77
2004-11-01,2.61,1.83,0.7799999999999998
2004-11-02,2.6,1.74,0.8600000000000001
2004-11-03,2.6,1.73,0.8700000000000001
2004-11-04,2.63,1.77,0.8599999999999999
2004-11-05,2.8,1.76,1.0399999999999998
2004-11-08,2.8,1.8,0.9999999999999998
2004-11-09,2.8,1.79,1.0099999999999998
2004-11-10,2.82,1.92,0.8999999999999999
2004-11-12,2.86,2.02,0.8399999999999999
2004-11-15,2.89,2.06,0.8300000000000001
2004-11-16,2.91,1.98,0.9300000000000002
2004-11-17,2.85,1.99,0.8600000000000001
2004-11-18,2.86,1.99,0.8699999999999999
2004-11-19,2.95,1.99,0.9600000000000002
2004-11-22,2.95,2.01,0.9400000000000004
2004-11-23,2.98,2.0,0.98
2004-11-24,3.01,2.02,0.9899999999999998
2004-11-26,3.03,2.01,1.02
2004-11-29,3.07,2.03,1.04
2004-11-30,3.02,2.02,1.0
2004-12-01,3.01,2.04,0.9699999999999998
2004-12-02,3.04,2.0,1.04
2004-12-03,2.94,1.98,0.96
2004-12-06,2.93,2.04,0.8900000000000001
2004-12-07,2.95,1.99,0.9600000000000002
2004-12-08,2.91,2.01,0.9000000000000004
2004-12-09,2.93,2.05,0.8800000000000003
2004-12-10,2.95,2.09,0.8600000000000003
2004-12-13,2.98,2.18,0.7999999999999998
2004-12-14,2.99,2.24,0.75
2004-12-15,2.97,2.31,0.6600000000000001
2004-12-16,3.01,2.26,0.75
2004-12-17,3.03,2.23,0.7999999999999998
2004-12-20,3.06,2.26,0.8000000000000003
2004-12-21,3.05,2.24,0.8099999999999996
2004-12-22,3.04,2.25,0.79
2004-12-23,3.02,2.34,0.6800000000000002
2004-12-27,3.07,2.24,0.8299999999999996
2004-12-28,3.08,2.24,0.8399999999999999
2004-12-29,3.12,2.23,0.8900000000000001
2004-12-30,3.1,2.24,0.8599999999999999
2004-12-31,3.08,1.97,1.11
2005-01-03,3.1,2.31,0.79
2005-01-04,3.2,2.25,0.9500000000000002
2005-01-05,3.22,2.25,0.9700000000000002
2005-01-06,3.18,2.25,0.9300000000000002
2005-01-07,3.2,2.24,0.96
2005-01-10,3.23,2.26,0.9700000000000002
2005-01-11,3.24,2.24,1.0
2005-01-12,3.22,2.25,0.9700000000000002
2005-01-13,3.21,2.29,0.9199999999999999
2005-01-14,3.24,2.29,0.9500000000000002
2005-01-18,3.26,2.31,0.9499999999999997
2005-01-19,3.26,2.19,1.0699999999999998
2005-01-20,3.21,2.25,0.96
2005-01-21,3.16,2.26,0.9000000000000004
2005-01-24,3.2,2.26,0.9400000000000004
2005-01-25,3.23,2.29,0.94
2005-01-26,3.27,2.33,0.94
2005-01-27,3.28,2.39,0.8899999999999997
2005-01-28,3.25,2.48,0.77
2005-01-31,3.29,2.5,0.79
2005-02-01,3.29,2.4,0.8900000000000001
2005-02-02,3.32,2.29,1.0299999999999998
2005-02-03,3.34,2.49,0.8499999999999996
2005-02-04,3.29,2.51,0.7800000000000002
2005-02-07,3.31,2.5,0.81
2005-02-08,3.33,2.48,0.8500000000000001
2005-02-09,3.24,2.5,0.7400000000000002
2005-02-10,3.29,2.51,0.7800000000000002
2005-02-11,3.34,2.5,0.8399999999999999
2005-02-14,3.38,2.51,0.8700000000000001
2005-02-15,3.37,2.53,0.8400000000000003
2005-02-16,3.41,2.48,0.9300000000000002
2005-02-17,3.38,2.5,0.8799999999999999
2005-02-18,3.45,2.51,0.9400000000000004
2005-02-22,3.46,2.57,0.8900000000000001
2005-02-23,3.46,2.53,0.9300000000000002
2005-02-24,3.52,2.55,0.9700000000000002
2005-02-25,3.54,2.54,1.0
2005-02-28,3.59,2.52,1.0699999999999998
2005-03-01,3.59,2.39,1.1999999999999997
2005-03-02,3.57,2.48,1.0899999999999999
2005-03-03,3.59,2.51,1.08
2005-03-04,3.57,2.5,1.0699999999999998
2005-03-07,3.61,2.51,1.1
2005-03-08,3.62,2.49,1.13
2005-03-09,3.66,2.5,1.1600000000000001
2005-03-10,3.68,2.52,1.1600000000000001
2005-03-11,3.73,2.51,1.2200000000000002
2005-03-14,3.75,2.59,1.1600000000000001
2005-03-15,3.75,2.61,1.1400000000000001
2005-03-16,3.72,2.57,1.1500000000000004
2005-03-17,3.7,2.68,1.02
2005-03-18,3.72,2.7,1.02
2005-03-21,3.72,2.71,1.0100000000000002
2005-03-22,3.86,2.72,1.1399999999999997
2005-03-23,3.84,2.73,1.1099999999999999
2005-03-24,3.88,2.75,1.13
2005-03-28,3.9,2.79,1.1099999999999999
2005-03-29,3.87,2.72,1.15
2005-03-30,3.86,2.74,1.1199999999999997
2005-03-31,3.8,2.96,0.8399999999999999
2005-04-01,3.75,2.83,0.9199999999999999
2005-04-04,3.74,2.78,0.9600000000000004
2005-04-05,3.75,2.72,1.0299999999999998
2005-04-06,3.7,2.73,0.9700000000000002
2005-04-07,3.72,2.76,0.9600000000000004
2005-04-08,3.77,2.75,1.02
2005-04-11,3.75,2.78,0.9700000000000002
2005-04-12,3.71,2.77,0.94
2005-04-13,3.66,2.76,0.9000000000000004
2005-04-14,3.6,2.79,0.81
2005-04-15,3.54,2.82,0.7200000000000002
2005-04-18,3.55,2.75,0.7999999999999998
2005-04-19,3.5,2.74,0.7599999999999998
2005-04-20,3.52,2.74,0.7799999999999998
2005-04-21,3.65,2.75,0.8999999999999999
2005-04-22,3.62,2.74,0.8799999999999999
2005-04-25,3.64,2.82,0.8200000000000003
2005-04-26,3.67,2.78,0.8900000000000001
2005-04-27,3.64,2.63,1.0100000000000002
2005-04-28,3.59,2.89,0.6999999999999997
2005-04-29,3.66,2.97,0.69
2005-05-02,3.64,2.98,0.6600000000000001
2005-05-03,3.68,2.95,0.73
2005-05-04,3.63,2.99,0.6399999999999997
2005-05-05,3.58,2.99,0.5899999999999999
2005-05-06,3.73,2.98,0.75
2005-05-09,3.76,2.99,0.7699999999999996
2005-05-10,3.69,2.99,0.6999999999999997
2005-05-11,3.68,2.99,0.69
2005-05-12,3.66,3.01,0.6500000000000004
2005-05-13,3.61,3.01,0.6000000000000001
2005-05-16,3.61,3.06,0.5499999999999998
2005-05-17,3.61,2.99,0.6199999999999997
2005-05-18,3.56,3.0,0.56
2005-05-19,3.64,3.02,0.6200000000000001
2005-05-20,3.69,3.01,0.6800000000000002
2005-05-23,3.65,3.01,0.6400000000000001
2005-05-24,3.61,2.99,0.6199999999999997
2005-05-25,3.61,3.01,0.6000000000000001
2005-05-26,3.64,3.01,0.6300000000000003
2005-05-27,3.64,3.01,0.6300000000000003
2005-05-31,3.6,3.09,0.5100000000000002
2005-06-01,3.5,3.02,0.48
2005-06-02,3.52,3.0,0.52
2005-06-03,3.57,2.99,0.5799999999999996
2005-06-06,3.59,3.0,0.5899999999999999
2005-06-07,3.57,2.96,0.6099999999999999
2005-06-08,3.6,2.96,0.6400000000000001
2005-06-09,3.64,3.01,0.6300000000000003
2005-06-10,3.71,3.01,0.7000000000000002
2005-06-13,3.71,3.04,0.6699999999999999
2005-06-14,3.71,3.01,0.7000000000000002
2005-06-15,3.72,3.05,0.6700000000000004
2005-06-16,3.7,3.0,0.7000000000000002
2005-06-17,3.72,2.99,0.73
2005-06-20,3.72,3.01,0.7100000000000004
2005-06-21,3.71,2.96,0.75
2005-06-22,3.62,2.93,0.69
2005-06-23,3.63,3.05,0.5800000000000001
2005-06-24,3.59,3.07,0.52
2005-06-27,3.6,3.17,0.43000000000000016
2005-06-28,3.65,3.17,0.48
2005-06-29,3.65,3.2,0.44999999999999973
2005-06-30,3.66,3.35,0.31000000000000005
2005-07-01,3.76,3.36,0.3999999999999999
2005-07-05,3.79,3.27,0.52
2005-07-06,3.77,2.99,0.7799999999999998
2005-07-07,3.71,3.18,0.5299999999999998
2005-07-08,3.78,3.22,0.5599999999999996
2005-07-11,3.81,3.23,0.5800000000000001
2005-07-12,3.82,3.23,0.5899999999999999
2005-07-13,3.84,3.27,0.5699999999999998
2005-07-14,3.86,3.32,0.54
2005-07-15,3.86,3.32,0.54
2005-07-18,3.89,3.19,0.7000000000000002
2005-07-19,3.88,3.13,0.75
2005-07-20,3.9,3.25,0.6499999999999999
2005-07-21,3.96,3.27,0.69
2005-07-22,3.92,3.25,0.6699999999999999
2005-07-25,3.95,3.28,0.6700000000000004
2005-07-26,3.95,3.25,0.7000000000000002
2005-07-27,3.99,3.27,0.7200000000000002
2005-07-28,3.96,3.27,0.69
2005-07-29,4.02,3.31,0.7099999999999995
2005-08-01,4.04,3.3,0.7400000000000002
2005-08-02,4.06,3.2,0.8599999999999994
2005-08-03,4.02,3.35,0.6699999999999995
2005-08-04,4.04,3.44,0.6000000000000001
2005-08-05,4.11,3.49,0.6200000000000001
2005-08-08,4.16,3.5,0.6600000000000001
2005-08-09,4.13,3.47,0.6599999999999997
2005-08-10,4.13,3.48,0.6499999999999999
2005-08-11,4.1,3.51,0.5899999999999999
2005-08-12,4.05,3.55,0.5
2005-08-15,4.08,3.61,0.4700000000000002
2005-08-16,4.03,3.46,0.5700000000000003
2005-08-17,4.07,3.57,0.5000000000000004
2005-08-18,4.01,3.5,0.5099999999999998
2005-08-19,4.03,3.54,0.4900000000000002
2005-08-22,4.03,3.51,0.5200000000000005
2005-08-23,4.01,3.49,0.5199999999999996
2005-08-24,3.99,3.5,0.4900000000000002
2005-08-25,4.0,3.55,0.4500000000000002
2005-08-26,4.06,3.54,0.5199999999999996
2005-08-29,4.06,3.54,0.5199999999999996
2005-08-30,3.97,3.52,0.4500000000000002
2005-08-31,3.84,3.63,0.20999999999999996
2005-09-01,3.72,3.57,0.15000000000000036
2005-09-02,3.75,3.49,0.2599999999999998
2005-09-06,3.8,3.57,0.22999999999999998
2005-09-07,3.87,3.48,0.3900000000000001
2005-09-08,3.87,3.49,0.3799999999999999
2005-09-09,3.88,3.49,0.3899999999999997
2005-09-12,3.92,3.5,0.41999999999999993
2005-09-13,3.88,3.45,0.4299999999999997
2005-09-14,3.9,3.54,0.3599999999999999
2005-09-15,3.9,3.67,0.22999999999999998
2005-09-16,3.97,3.62,0.3500000000000001
2005-09-19,3.93,3.62,0.31000000000000005
2005-09-20,4.0,3.67,0.33000000000000007
2005-09-21,3.96,3.72,0.23999999999999977
2005-09-22,3.95,3.77,0.18000000000000016
2005-09-23,4.02,3.76,0.2599999999999998
2005-09-26,4.07,3.83,0.2400000000000002
2005-09-27,4.08,3.73,0.3500000000000001
2005-09-28,4.09,3.76,0.33000000000000007
2005-09-29,4.13,3.82,0.31000000000000005
2005-09-30,4.18,3.93,0.24999999999999956
2005-10-03,4.21,3.87,0.33999999999999986
2005-10-04,4.22,3.75,0.46999999999999975
2005-10-05,4.21,3.75,0.45999999999999996
2005-10-06,4.2,3.76,0.4400000000000004
2005-10-07,4.18,3.73,0.44999999999999973
2005-10-11,4.22,3.72,0.49999999999999956
2005-10-12,4.24,3.36,0.8800000000000003
2005-10-13,4.24,3.75,0.4900000000000002
2005-10-14,4.27,3.77,0.49999999999999956
2005-10-17,4.29,3.82,0.4700000000000002
2005-10-18,4.27,3.71,0.5599999999999996
2005-10-19,4.25,3.71,0.54
2005-10-20,4.27,3.77,0.49999999999999956
2005-10-21,4.22,3.76,0.45999999999999996
2005-10-24,4.25,3.76,0.4900000000000002
2005-10-25,4.34,3.74,0.5999999999999996
2005-10-26,4.38,3.75,0.6299999999999999
2005-10-27,4.36,3.85,0.5100000000000002
2005-10-28,4.4,3.9,0.5000000000000004
2005-10-31,4.4,4.02,0.3800000000000008
2005-11-01,4.42,3.99,0.4299999999999997
2005-11-02,4.43,3.99,0.4399999999999995
2005-11-03,4.47,4.01,0.45999999999999996
2005-11-04,4.47,4.0,0.46999999999999975
2005-11-07,4.47,3.99,0.47999999999999954
2005-11-08,4.43,3.95,0.47999999999999954
2005-11-09,4.49,4.02,0.47000000000000064
2005-11-10,4.44,3.98,0.4600000000000004
2005-11-14,4.5,4.03,0.46999999999999975
2005-11-15,4.47,3.97,0.49999999999999956
2005-11-16,4.42,3.96,0.45999999999999996
2005-11-17,4.37,3.98,0.3900000000000001
2005-11-18,4.4,4.0,0.40000000000000036
2005-11-21,4.39,4.03,0.35999999999999943
2005-11-22,4.32,3.99,0.33000000000000007
2005-11-23,4.36,4.01,0.35000000000000053
2005-11-25,4.33,4.03,0.2999999999999998
2005-11-28,4.33,4.01,0.3200000000000003
2005-11-29,4.4,3.99,0.41000000000000014
2005-11-30,4.42,4.03,0.3899999999999997
2005-12-01,4.45,4.03,0.41999999999999993
2005-12-02,4.43,4.0,0.4299999999999997
2005-12-05,4.47,4.02,0.4500000000000002
2005-12-06,4.42,3.97,0.44999999999999973
2005-12-07,4.42,3.98,0.43999999999999995
2005-12-08,4.37,4.09,0.28000000000000025
2005-12-09,4.43,4.16,0.2699999999999996
2005-12-12,4.45,4.24,0.20999999999999996
2005-12-13,4.43,4.23,0.1999999999999993
2005-12-14,4.37,4.26,0.11000000000000032
2005-12-15,4.37,4.29,0.08000000000000007
2005-12-16,4.37,4.25,0.1200000000000001
2005-12-19,4.38,4.25,0.1299999999999999
2005-12-20,4.42,4.3,0.1200000000000001
2005-12-21,4.43,4.08,0.34999999999999964
2005-12-22,4.4,4.25,0.15000000000000036
2005-12-23,4.37,4.21,0.16000000000000014
2005-12-27,4.35,4.26,0.08999999999999986
2005-12-28,4.37,4.19,0.17999999999999972
2005-12-29,4.38,4.18,0.20000000000000018
2005-12-30,4.41,4.09,0.3200000000000003
2006-01-03,4.34,4.34,0.0
2006-01-04,4.31,4.22,0.08999999999999986
2006-01-05,4.32,4.24,0.08000000000000007
2006-01-06,4.36,4.22,0.14000000000000057
2006-01-09,4.36,4.25,0.11000000000000032
2006-01-10,4.41,4.24,0.16999999999999993
2006-01-11,4.44,4.24,0.20000000000000018
2006-01-12,4.39,4.28,0.10999999999999943
2006-01-13,4.34,4.3,0.040000000000000036
2006-01-17,4.33,4.32,0.009999999999999787
2006-01-18,4.33,4.24,0.08999999999999986
2006-01-19,4.37,4.23,0.13999999999999968
2006-01-20,4.37,4.24,0.1299999999999999
2006-01-23,4.35,4.26,0.08999999999999986
2006-01-24,4.37,4.28,0.08999999999999986
2006-01-25,4.46,4.36,0.09999999999999964
2006-01-26,4.49,4.37,0.1200000000000001
2006-01-27,4.51,4.42,0.08999999999999986
2006-01-30,4.52,4.48,0.03999999999999915
2006-01-31,4.54,4.47,0.07000000000000028
2006-02-01,4.59,4.47,0.1200000000000001
2006-02-02,4.59,4.48,0.10999999999999943
2006-02-03,4.59,4.51,0.08000000000000007
2006-02-06,4.62,4.51,0.11000000000000032
2006-02-07,4.61,4.47,0.14000000000000057
2006-02-08,4.64,4.48,0.15999999999999925
2006-02-09,4.66,4.52,0.14000000000000057
2006-02-10,4.69,4.51,0.1800000000000006
2006-02-13,4.68,4.44,0.23999999999999932
2006-02-14,4.69,4.45,0.2400000000000002
2006-02-15,4.71,4.5,0.20999999999999996
2006-02-16,4.69,4.48,0.20999999999999996
2006-02-17,4.66,4.48,0.17999999999999972
2006-02-21,4.71,4.54,0.16999999999999993
2006-02-22,4.68,4.49,0.1899999999999995
2006-02-23,4.72,4.47,0.25
2006-02-24,4.74,4.48,0.2599999999999998
2006-02-27,4.74,4.52,0.22000000000000064
2006-02-28,4.69,4.52,0.17000000000000082
2006-03-01,4.71,4.52,0.1900000000000004
2006-03-02,4.72,4.5,0.21999999999999975
2006-03-03,4.76,4.51,0.25
2006-03-06,4.77,4.51,0.2599999999999998
2006-03-07,4.77,4.51,0.2599999999999998
2006-03-08,4.72,4.51,0.20999999999999996
2006-03-09,4.72,4.51,0.20999999999999996
2006-03-10,4.74,4.51,0.23000000000000043
2006-03-13,4.74,4.52,0.22000000000000064
2006-03-14,4.66,4.51,0.15000000000000036
2006-03-15,4.69,4.47,0.22000000000000064
2006-03-16,4.62,4.55,0.07000000000000028
2006-03-17,4.65,4.6,0.05000000000000071
2006-03-20,4.65,4.55,0.10000000000000053
2006-03-21,4.72,4.54,0.17999999999999972
2006-03-22,4.74,4.58,0.16000000000000014
2006-03-23,4.77,4.64,0.1299999999999999
2006-03-24,4.72,4.69,0.02999999999999936
2006-03-27,4.72,4.77,-0.04999999999999982
2006-03-28,4.81,4.7,0.10999999999999943
2006-03-29,4.82,4.69,0.1299999999999999
2006-03-30,4.84,4.76,0.08000000000000007
2006-03-31,4.82,5.0,-0.17999999999999972
2006-04-03,4.86,4.87,-0.009999999999999787
2006-04-04,4.84,4.76,0.08000000000000007
2006-04-05,4.81,4.76,0.04999999999999982
2006-04-06,4.84,4.76,0.08000000000000007
2006-04-07,4.89,4.76,0.1299999999999999
2006-04-10,4.89,4.78,0.10999999999999943
2006-04-11,4.88,4.74,0.13999999999999968
2006-04-12,4.91,4.78,0.1299999999999999
2006-04-13,4.96,4.82,0.13999999999999968
2006-04-17,4.91,4.78,0.1299999999999999
2006-04-18,4.84,4.72,0.1200000000000001
2006-04-19,4.86,4.7,0.16000000000000014
2006-04-20,4.89,4.73,0.15999999999999925
2006-04-21,4.9,4.74,0.16000000000000014
2006-04-24,4.89,4.77,0.1200000000000001
2006-04-25,4.95,4.74,0.20999999999999996
2006-04-26,4.99,4.73,0.2599999999999998
2006-04-27,4.91,4.79,0.1200000000000001
2006-04-28,4.87,4.86,0.009999999999999787
2006-05-01,4.94,4.84,0.10000000000000053
2006-05-02,4.92,4.79,0.1299999999999999
2006-05-03,4.94,4.81,0.13000000000000078
2006-05-04,4.97,4.83,0.13999999999999968
2006-05-05,4.94,4.83,0.11000000000000032
2006-05-08,4.97,4.88,0.08999999999999986
2006-05-09,4.97,4.78,0.1899999999999995
2006-05-10,5.01,4.88,0.1299999999999999
2006-05-11,4.99,4.99,0.0
2006-05-12,5.01,5.01,0.0
2006-05-15,4.99,5.01,-0.019999999999999574
2006-05-16,4.96,4.98,-0.020000000000000462
2006-05-17,4.97,4.96,0.009999999999999787
2006-05-18,4.94,5.0,-0.05999999999999961
2006-05-19,4.96,5.0,-0.040000000000000036
2006-05-22,4.94,5.0,-0.05999999999999961
2006-05-23,4.97,4.94,0.02999999999999936
2006-05-24,4.94,4.9,0.040000000000000036
2006-05-25,4.98,5.01,-0.02999999999999936
2006-05-26,4.96,4.99,-0.03000000000000025
2006-05-30,4.99,5.02,-0.02999999999999936
2006-05-31,5.04,5.05,-0.009999999999999787
2006-06-01,5.04,5.02,0.020000000000000462
2006-06-02,4.92,4.97,-0.04999999999999982
2006-06-05,4.99,5.01,-0.019999999999999574
2006-06-06,4.99,4.99,0.0
2006-06-07,5.02,4.99,0.02999999999999936
2006-06-08,5.01,5.02,-0.009999999999999787
2006-06-09,5.01,5.0,0.009999999999999787
2006-06-12,5.02,5.01,0.009999999999999787
2006-06-13,5.02,5.0,0.019999999999999574
2006-06-14,5.11,5.0,0.11000000000000032
2006-06-15,5.14,5.02,0.1200000000000001
2006-06-16,5.16,4.94,0.21999999999999975
2006-06-19,5.19,4.95,0.2400000000000002
2006-06-20,5.19,4.92,0.27000000000000046
2006-06-21,5.2,4.91,0.29000000000000004
2006-06-22,5.23,4.98,0.25
2006-06-23,5.27,4.98,0.28999999999999915
2006-06-26,5.27,5.03,0.23999999999999932
2006-06-27,5.24,5.02,0.22000000000000064
2006-06-28,5.29,5.06,0.23000000000000043
2006-06-29,5.21,5.08,0.1299999999999999
2006-06-30,5.16,5.05,0.11000000000000032
2006-07-03,5.17,5.25,-0.08000000000000007
2006-07-05,5.24,5.25,-0.009999999999999787
2006-07-06,5.22,5.24,-0.020000000000000462
2006-07-07,5.17,5.22,-0.04999999999999982
2006-07-10,5.17,5.24,-0.07000000000000028
2006-07-11,5.17,5.25,-0.08000000000000007
2006-07-12,5.17,5.27,-0.09999999999999964
2006-07-13,5.12,5.26,-0.13999999999999968
2006-07-14,5.08,5.26,-0.17999999999999972
2006-07-17,5.12,5.28,-0.16000000000000014
2006-07-18,5.19,5.22,-0.02999999999999936
2006-07-19,5.12,5.23,-0.11000000000000032
2006-07-20,5.06,5.24,-0.1800000000000006
2006-07-21,5.08,5.23,-0.15000000000000036
2006-07-24,5.1,5.24,-0.14000000000000057
2006-07-25,5.11,5.24,-0.1299999999999999
2006-07-26,5.06,5.24,-0.1800000000000006
2006-07-27,5.07,5.27,-0.1999999999999993
2006-07-28,4.98,5.26,-0.27999999999999936
2006-07-31,4.97,5.31,-0.33999999999999986
2006-08-01,4.97,5.27,-0.2999999999999998
2006-08-02,4.97,5.25,-0.28000000000000025
2006-08-03,4.98,5.27,-0.28999999999999915
2006-08-04,4.91,5.25,-0.33999999999999986
2006-08-07,4.96,5.24,-0.28000000000000025
2006-08-08,4.91,5.26,-0.34999999999999964
2006-08-09,4.91,5.25,-0.33999999999999986
2006-08-10,4.93,5.24,-0.3100000000000005
2006-08-11,4.96,5.24,-0.28000000000000025
2006-08-14,5.01,5.26,-0.25
2006-08-15,4.94,5.24,-0.2999999999999998
2006-08-16,4.87,5.17,-0.2999999999999998
2006-08-17,4.89,5.2,-0.3100000000000005
2006-08-18,4.87,5.25,-0.3799999999999999
2006-08-21,4.85,5.24,-0.39000000000000057
2006-08-22,4.87,5.24,-0.3700000000000001
2006-08-23,4.87,5.25,-0.3799999999999999
2006-08-24,4.88,5.25,-0.3700000000000001
2006-08-25,4.86,5.25,-0.3899999999999997
2006-08-28,4.88,5.25,-0.3700000000000001
2006-08-29,4.87,5.23,-0.3600000000000003
2006-08-30,4.83,5.25,-0.41999999999999993
2006-08-31,4.79,5.31,-0.5199999999999996
2006-09-01,4.77,5.25,-0.4800000000000004
2006-09-05,4.8,5.26,-0.45999999999999996
2006-09-06,4.82,5.21,-0.3899999999999997
2006-09-07,4.82,5.23,-0.41000000000000014
2006-09-08,4.8,5.23,-0.4300000000000006
2006-09-11,4.83,5.24,-0.41000000000000014
2006-09-12,4.82,5.21,-0.3899999999999997
2006-09-13,4.8,5.26,-0.45999999999999996
2006-09-14,4.83,5.26,-0.4299999999999997
2006-09-15,4.87,5.25,-0.3799999999999999
2006-09-18,4.88,5.23,-0.35000000000000053
2006-09-19,4.79,5.21,-0.41999999999999993
2006-09-20,4.81,5.23,-0.4200000000000008
2006-09-21,4.71,5.24,-0.5300000000000002
2006-09-22,4.67,5.27,-0.5999999999999996
2006-09-25,4.63,5.3,-0.6699999999999999
2006-09-26,4.68,5.25,-0.5700000000000003
2006-09-27,4.66,5.3,-0.6399999999999997
2006-09-28,4.68,5.28,-0.6000000000000005
2006-09-29,4.71,5.34,-0.6299999999999999
2006-10-02,4.66,5.33,-0.6699999999999999
2006-10-03,4.67,5.25,-0.5800000000000001
2006-10-04,4.6,5.23,-0.6300000000000008
2006-10-05,4.65,5.23,-0.5800000000000001
2006-10-06,4.74,5.22,-0.47999999999999954
2006-10-10,4.82,5.28,-0.45999999999999996
2006-10-11,4.85,5.25,-0.40000000000000036
2006-10-12,4.85,5.25,-0.40000000000000036
2006-10-13,4.87,5.21,-0.33999999999999986
2006-10-16,4.85,5.28,-0.4300000000000006
2006-10-17,4.83,5.21,-0.3799999999999999
2006-10-18,4.85,5.23,-0.3800000000000008
2006-10-19,4.85,5.22,-0.3700000000000001
2006-10-20,4.87,5.25,-0.3799999999999999
2006-10-23,4.9,5.24,-0.33999999999999986
2006-10-24,4.91,5.24,-0.33000000000000007
2006-10-25,4.88,5.26,-0.3799999999999999
2006-10-26,4.81,5.23,-0.4200000000000008
2006-10-27,4.76,5.23,-0.47000000000000064
2006-10-30,4.78,5.27,-0.4899999999999993
2006-10-31,4.71,5.31,-0.5999999999999996
2006-11-01,4.66,5.23,-0.5700000000000003
2006-11-02,4.67,5.22,-0.5499999999999998
2006-11-03,4.82,5.25,-0.4299999999999997
2006-11-07,4.77,5.22,-0.4500000000000002
2006-11-08,4.75,5.22,-0.46999999999999975
2006-11-09,4.75,5.23,-0.4800000000000004
2006-11-10,4.73,5.23,-0.5
2006-11-13,4.76,5.27,-0.5099999999999998
2006-11-15,4.8,5.29,-0.4900000000000002
2006-11-16,4.85,5.25,-0.40000000000000036
2006-11-17,4.76,5.2,-0.4400000000000004
2006-11-20,4.76,5.25,-0.4900000000000002
2006-11-21,4.75,5.29,-0.54
2006-11-22,4.74,5.26,-0.5199999999999996
2006-11-24,4.73,5.24,-0.5099999999999998
2006-11-27,4.71,5.32,-0.6100000000000003
2006-11-28,4.67,5.24,-0.5700000000000003
2006-11-29,4.69,5.26,-0.5699999999999994
2006-11-30,4.62,5.31,-0.6899999999999995
2006-12-01,4.52,5.27,-0.75
2006-12-04,4.52,5.22,-0.7000000000000002
2006-12-05,4.52,5.21,-0.6900000000000004
2006-12-06,4.59,5.22,-0.6299999999999999
2006-12-07,4.58,5.25,-0.6699999999999999
2006-12-08,4.68,5.25,-0.5700000000000003
2006-12-11,4.67,5.25,-0.5800000000000001
2006-12-12,4.61,5.23,-0.6200000000000001
2006-12-13,4.7,5.23,-0.5300000000000002
2006-12-14,4.73,5.29,-0.5599999999999996
2006-12-15,4.73,5.27,-0.5399999999999991
2006-12-18,4.71,5.21,-0.5
2006-12-19,4.71,5.21,-0.5
2006-12-20,4.71,5.26,-0.5499999999999998
2006-12-21,4.66,5.25,-0.5899999999999999
2006-12-22,4.71,5.24,-0.5300000000000002
2006-12-26,4.71,5.29,-0.5800000000000001
2006-12-27,4.77,5.17,-0.40000000000000036
2006-12-28,4.82,5.25,-0.4299999999999997
2006-12-29,4.82,5.17,-0.34999999999999964
2007-01-02,4.8,5.3,-0.5
2007-01-03,4.76,5.28,-0.5200000000000005
2007-01-04,4.71,5.24,-0.5300000000000002
2007-01-05,4.76,5.21,-0.4500000000000002
2007-01-08,4.78,5.23,-0.4500000000000002
2007-01-09,4.79,5.25,-0.45999999999999996
2007-01-10,4.81,5.26,-0.4500000000000002
2007-01-11,4.86,5.27,-0.40999999999999925
2007-01-12,4.88,5.22,-0.33999999999999986
2007-01-16,4.86,5.28,-0.41999999999999993
2007-01-17,4.91,5.25,-0.33999999999999986
2007-01-18,4.89,5.23,-0.34000000000000075
2007-01-19,4.93,5.25,-0.3200000000000003
2007-01-22,4.91,5.24,-0.33000000000000007
2007-01-23,4.94,5.26,-0.3199999999999994
2007-01-24,4.93,5.27,-0.33999999999999986
2007-01-25,4.98,5.31,-0.3299999999999992
2007-01-26,4.99,5.26,-0.2699999999999996
2007-01-29,4.99,5.26,-0.2699999999999996
2007-01-30,4.98,5.23,-0.25
2007-01-31,4.94,5.33,-0.3899999999999997
2007-02-01,4.96,5.29,-0.33000000000000007
2007-02-02,4.94,5.24,-0.2999999999999998
2007-02-05,4.92,5.25,-0.33000000000000007
2007-02-06,4.9,5.24,-0.33999999999999986
2007-02-07,4.87,5.23,-0.3600000000000003
2007-02-08,4.87,5.25,-0.3799999999999999
2007-02-09,4.92,5.25,-0.33000000000000007
2007-02-12,4.94,5.28,-0.33999999999999986
2007-02-13,4.95,5.26,-0.3099999999999996
2007-02-14,4.87,5.27,-0.39999999999999947
2007-02-15,4.83,5.29,-0.45999999999999996
2007-02-16,4.83,5.24,-0.41000000000000014
2007-02-20,4.81,5.27,-0.45999999999999996
2007-02-21,4.82,5.23,-0.41000000000000014
2007-02-22,4.87,5.26,-0.3899999999999997
2007-02-23,4.82,5.24,-0.41999999999999993
2007-02-26,4.77,5.3,-0.5300000000000002
2007-02-27,4.59,5.27,-0.6799999999999997
2007-02-28,4.65,5.41,-0.7599999999999998
2007-03-01,4.63,5.31,-0.6799999999999997
2007-03-02,4.56,5.23,-0.6700000000000008
2007-03-05,4.53,5.27,-0.7399999999999993
2007-03-06,4.58,5.22,-0.6399999999999997
2007-03-07,4.54,5.24,-0.7000000000000002
2007-03-08,4.56,5.24,-0.6800000000000006
2007-03-09,4.66,5.24,-0.5800000000000001
2007-03-12,4.62,5.25,-0.6299999999999999
2007-03-13,4.52,5.25,-0.7300000000000004
2007-03-14,4.54,5.27,-0.7299999999999995
2007-03-15,4.57,5.29,-0.7199999999999998
2007-03-16,4.58,5.25,-0.6699999999999999
2007-03-19,4.61,5.26,-0.6499999999999995
2007-03-20,4.6,5.26,-0.6600000000000001
2007-03-21,4.51,5.26,-0.75
2007-03-22,4.58,5.27,-0.6899999999999995
2007-03-23,4.6,5.24,-0.6400000000000006
2007-03-26,4.56,5.28,-0.7200000000000006
2007-03-27,4.58,5.25,-0.6699999999999999
2007-03-28,4.53,5.27,-0.7399999999999993
2007-03-29,4.58,5.29,-0.71
2007-03-30,4.58,5.3,-0.7199999999999998
2007-04-02,4.6,5.25,-0.6500000000000004
2007-04-03,4.63,5.2,-0.5700000000000003
2007-04-04,4.61,5.21,-0.5999999999999996
2007-04-05,4.63,5.3,-0.6699999999999999
2007-04-06,4.75,5.3,-0.5499999999999998
2007-04-09,4.73,5.28,-0.5499999999999998
2007-04-10,4.71,5.26,-0.5499999999999998
2007-04-11,4.73,5.24,-0.5099999999999998
2007-04-12,4.73,5.27,-0.5399999999999991
2007-04-13,4.76,5.25,-0.4900000000000002
2007-04-16,4.74,5.29,-0.5499999999999998
2007-04-17,4.68,5.2,-0.5200000000000005
2007-04-18,4.64,5.19,-0.5500000000000007
2007-04-19,4.64,5.23,-0.5900000000000007
2007-04-20,4.64,5.25,-0.6100000000000003
2007-04-23,4.62,5.23,-0.6100000000000003
2007-04-24,4.58,5.2,-0.6200000000000001
2007-04-25,4.63,5.19,-0.5600000000000005
2007-04-26,4.67,5.24,-0.5700000000000003
2007-04-27,4.67,5.24,-0.5700000000000003
2007-04-30,4.6,5.29,-0.6900000000000004
2007-05-01,4.63,5.26,-0.6299999999999999
2007-05-02,4.65,5.21,-0.5599999999999996
2007-05-03,4.71,5.24,-0.5300000000000002
2007-05-04,4.68,5.24,-0.5600000000000005
2007-05-07,4.68,5.24,-0.5600000000000005
2007-05-08,4.68,5.21,-0.5300000000000002
2007-05-09,4.73,5.21,-0.47999999999999954
2007-05-10,4.7,5.25,-0.5499999999999998
2007-05-11,4.71,5.27,-0.5599999999999996
2007-05-14,4.73,5.26,-0.5299999999999994
2007-05-15,4.75,5.29,-0.54
2007-05-16,4.73,5.25,-0.5199999999999996
2007-05-17,4.78,5.25,-0.46999999999999975
2007-05-18,4.82,5.24,-0.41999999999999993
2007-05-21,4.81,5.24,-0.4300000000000006
2007-05-22,4.83,5.23,-0.40000000000000036
2007-05-23,4.85,5.25,-0.40000000000000036
2007-05-24,4.85,5.24,-0.39000000000000057
2007-05-25,4.85,5.29,-0.4400000000000004
2007-05-29,4.88,5.29,-0.41000000000000014
2007-05-30,4.89,5.25,-0.3600000000000003
2007-05-31,4.92,5.28,-0.3600000000000003
2007-06-01,4.97,5.23,-0.2600000000000007
2007-06-04,4.97,5.24,-0.27000000000000046
2007-06-05,4.99,5.19,-0.20000000000000018
2007-06-06,4.97,5.25,-0.28000000000000025
2007-06-07,5.03,5.25,-0.21999999999999975
2007-06-08,5.01,5.26,-0.25
2007-06-11,5.01,5.27,-0.2599999999999998
2007-06-12,5.08,5.26,-0.17999999999999972
2007-06-13,5.08,5.26,-0.17999999999999972
2007-06-14,5.1,5.28,-0.1800000000000006
2007-06-15,5.05,5.26,-0.20999999999999996
2007-06-18,5.01,5.23,-0.22000000000000064
2007-06-19,4.94,5.21,-0.2699999999999996
2007-06-20,4.97,5.27,-0.2999999999999998
2007-06-21,4.98,5.26,-0.27999999999999936
2007-06-22,4.92,5.24,-0.3200000000000003
2007-06-25,4.87,5.29,-0.41999999999999993
2007-06-26,4.9,5.25,-0.34999999999999964
2007-06-27,4.91,5.26,-0.34999999999999964
2007-06-28,4.96,5.26,-0.2999999999999998
2007-06-29,4.87,5.31,-0.4399999999999995
2007-07-02,4.86,5.31,-0.4499999999999993
2007-07-03,4.89,5.24,-0.35000000000000053
2007-07-05,4.99,5.25,-0.2599999999999998
2007-07-06,4.99,5.22,-0.22999999999999954
2007-07-09,4.97,5.22,-0.25
2007-07-10,4.85,5.24,-0.39000000000000057
2007-07-11,4.89,5.24,-0.35000000000000053
2007-07-12,4.94,5.26,-0.3199999999999994
2007-07-13,4.94,5.25,-0.3099999999999996
2007-07-16,4.89,5.32,-0.4300000000000006
2007-07-17,4.91,5.28,-0.3700000000000001
2007-07-18,4.84,5.26,-0.41999999999999993
2007-07-19,4.87,5.25,-0.3799999999999999
2007-07-20,4.79,5.25,-0.45999999999999996
2007-07-23,4.8,5.26,-0.45999999999999996
2007-07-24,4.77,5.25,-0.4800000000000004
2007-07-25,4.74,5.32,-0.5800000000000001
2007-07-26,4.56,5.28,-0.7200000000000006
2007-07-27,4.56,5.25,-0.6900000000000004
2007-07-30,4.59,5.29,-0.7000000000000002
2007-07-31,4.56,5.28,-0.7200000000000006
2007-08-01,4.56,5.3,-0.7400000000000002
2007-08-02,4.59,5.24,-0.6500000000000004
2007-08-03,4.46,5.24,-0.7800000000000002
2007-08-06,4.46,5.26,-0.7999999999999998
2007-08-07,4.56,5.26,-0.7000000000000002
2007-08-08,4.64,5.27,-0.6299999999999999
2007-08-09,4.49,5.41,-0.9199999999999999
2007-08-10,4.47,4.68,-0.20999999999999996
2007-08-13,4.46,4.81,-0.34999999999999964
2007-08-14,4.39,4.54,-0.15000000000000036
2007-08-15,4.27,4.71,-0.4400000000000004
2007-08-16,4.08,4.97,-0.8899999999999997
2007-08-17,4.18,4.91,-0.7300000000000004
2007-08-20,4.11,5.03,-0.9199999999999999
2007-08-21,4.05,4.89,-0.8399999999999999
2007-08-22,4.15,4.77,-0.6199999999999992
2007-08-23,4.2,4.88,-0.6799999999999997
2007-08-24,4.3,5.11,-0.8100000000000005
2007-08-27,4.28,5.27,-0.9899999999999993
2007-08-28,4.13,5.3,-1.17
2007-08-29,4.14,5.0,-0.8600000000000003
2007-08-30,4.08,5.0,-0.9199999999999999
2007-08-31,4.15,4.96,-0.8099999999999996
2007-09-04,4.13,5.22,-1.0899999999999999
2007-09-05,4.03,5.18,-1.1499999999999995
2007-09-06,4.08,4.98,-0.9000000000000004
2007-09-07,3.9,4.86,-0.9600000000000004
2007-09-10,3.87,5.07,-1.2000000000000002
2007-09-11,3.95,5.06,-1.1099999999999994
2007-09-12,3.95,5.18,-1.2299999999999995
2007-09-13,4.08,5.09,-1.0099999999999998
2007-09-14,4.05,5.25,-1.2000000000000002
2007-09-17,4.08,5.33,-1.25
2007-09-18,4.0,4.92,-0.9199999999999999
2007-09-19,4.0,4.74,-0.7400000000000002
2007-09-20,4.1,4.77,-0.6699999999999999
2007-09-21,4.06,4.76,-0.7000000000000002
2007-09-24,4.05,4.74,-0.6900000000000004
2007-09-25,4.0,4.82,-0.8200000000000003
2007-09-26,3.97,4.88,-0.9099999999999997
2007-09-27,3.95,4.93,-0.9799999999999995
2007-09-28,3.97,4.58,-0.6099999999999999
2007-10-01,4.02,4.92,-0.9000000000000004
2007-10-02,3.98,4.78,-0.8000000000000003
2007-10-03,4.02,4.68,-0.6600000000000001
2007-10-04,4.0,4.74,-0.7400000000000002
2007-10-05,4.08,4.77,-0.6899999999999995
2007-10-09,4.15,4.91,-0.7599999999999998
2007-10-10,4.15,4.52,-0.3699999999999992
2007-10-11,4.13,4.75,-0.6200000000000001
2007-10-12,4.23,4.75,-0.5199999999999996
2007-10-15,4.22,4.81,-0.5899999999999999
2007-10-16,4.12,4.68,-0.5599999999999996
2007-10-17,4.0,4.7,-0.7000000000000002
2007-10-18,3.93,4.69,-0.7600000000000002
2007-10-19,3.8,4.77,-0.9699999999999998
2007-10-22,3.85,4.71,-0.8599999999999999
2007-10-23,3.81,4.67,-0.8599999999999999
2007-10-24,3.74,4.74,-1.0
2007-10-25,3.74,4.86,-1.12
2007-10-26,3.77,4.8,-1.0299999999999998
2007-10-29,3.79,4.84,-1.0499999999999998
2007-10-30,3.82,4.78,-0.9600000000000004
2007-10-31,3.94,4.6,-0.6599999999999997
2007-11-01,3.77,4.59,-0.8199999999999998
2007-11-02,3.66,4.28,-0.6200000000000001
2007-11-05,3.69,4.29,-0.6000000000000001
2007-11-06,3.7,4.22,-0.5199999999999996
2007-11-07,3.61,4.39,-0.7799999999999998
2007-11-08,3.47,4.58,-1.1099999999999999
2007-11-09,3.42,4.49,-1.0700000000000003
2007-11-13,3.54,4.61,-1.0700000000000003
2007-11-14,3.57,4.6,-1.0299999999999998
2007-11-15,3.35,4.54,-1.19
2007-11-16,3.33,4.51,-1.1799999999999997
2007-11-19,3.18,4.51,-1.3299999999999996
2007-11-20,3.14,4.51,-1.3699999999999997
2007-11-21,2.99,4.5,-1.5099999999999998
2007-11-23,3.07,4.56,-1.4899999999999998
2007-11-26,2.92,4.62,-1.7000000000000002
2007-11-27,3.05,4.39,-1.3399999999999999
2007-11-28,3.17,4.53,-1.3600000000000003
2007-11-29,3.06,4.55,-1.4899999999999998
2007-11-30,3.04,4.66,-1.62
2007-12-03,2.9,4.52,-1.6199999999999997
2007-12-04,2.9,4.5,-1.6
2007-12-05,2.9,4.31,-1.4099999999999997
2007-12-06,3.03,4.49,-1.4600000000000004
2007-12-07,3.12,4.41,-1.29
2007-12-10,3.17,4.46,-1.29
2007-12-11,2.94,4.29,-1.35
2007-12-12,3.07,4.28,-1.2100000000000004
2007-12-13,3.21,4.3,-1.0899999999999999
2007-12-14,3.31,4.24,-0.9300000000000002
2007-12-17,3.24,4.31,-1.0699999999999994
2007-12-18,3.19,4.16,-0.9700000000000002
2007-12-19,3.12,3.98,-0.8599999999999999
2007-12-20,3.09,4.37,-1.2800000000000002
2007-12-21,3.19,4.28,-1.0900000000000003
2007-12-24,3.24,4.0,-0.7599999999999998
2007-12-26,3.31,4.26,-0.9499999999999997
2007-12-27,3.24,4.15,-0.9100000000000001
2007-12-28,3.12,4.01,-0.8899999999999997
2007-12-31,3.05,3.06,-0.010000000000000231
2008-01-02,2.88,4.11,-1.2300000000000004
2008-01-03,2.83,4.25,-1.42
2008-01-04,2.74,4.18,-1.4399999999999995
2008-01-07,2.76,4.27,-1.5099999999999998
2008-01-08,2.76,4.27,-1.5099999999999998
2008-01-09,2.69,4.26,-1.5699999999999998
2008-01-10,2.71,4.26,-1.5499999999999998
2008-01-11,2.59,4.23,-1.6400000000000006
2008-01-14,2.58,4.24,-1.6600000000000001
2008-01-15,2.53,4.24,-1.7100000000000004
2008-01-16,2.51,4.22,-1.71
2008-01-17,2.44,4.23,-1.7900000000000005
2008-01-18,2.36,4.17,-1.81
2008-01-22,2.08,3.68,-1.6
2008-01-23,2.09,3.43,-1.3400000000000003
2008-01-24,2.25,3.47,-1.2200000000000002
2008-01-25,2.23,3.6,-1.37
2008-01-28,2.2,3.5,-1.2999999999999998
2008-01-29,2.29,3.47,-1.1800000000000002
2008-01-30,2.3,3.26,-0.96
2008-01-31,2.17,3.22,-1.0500000000000003
2008-02-01,2.09,3.12,-1.0300000000000002
2008-02-04,2.08,2.82,-0.7399999999999998
2008-02-05,1.93,2.71,-0.78
2008-02-06,1.96,2.94,-0.98
2008-02-07,1.99,3.03,-1.0399999999999998
2008-02-08,1.93,3.05,-1.1199999999999999
2008-02-11,1.93,2.88,-0.95
2008-02-12,1.94,2.91,-0.9700000000000002
2008-02-13,1.91,3.02,-1.11
2008-02-14,1.93,3.03,-1.0999999999999999
2008-02-15,1.91,2.97,-1.0600000000000003
2008-02-19,2.06,2.94,-0.8799999999999999
2008-02-20,2.14,3.0,-0.8599999999999999
2008-02-21,1.98,3.01,-1.0299999999999998
2008-02-22,1.98,2.97,-0.9900000000000002
2008-02-25,2.13,3.0,-0.8700000000000001
2008-02-26,2.04,2.85,-0.81
2008-02-27,2.01,2.93,-0.9200000000000004
2008-02-28,1.87,3.06,-1.19
2008-02-29,1.65,3.01,-1.3599999999999999
2008-03-03,1.61,3.1,-1.49
2008-03-04,1.65,2.9,-1.25
2008-03-05,1.66,2.93,-1.2700000000000002
2008-03-06,1.53,2.99,-1.4600000000000002
2008-03-07,1.53,2.96,-1.43
2008-03-10,1.47,2.99,-1.5200000000000002
2008-03-11,1.74,2.95,-1.2100000000000002
2008-03-12,1.63,2.97,-1.3400000000000003
2008-03-13,1.63,2.98,-1.35
2008-03-14,1.47,2.99,-1.5200000000000002
2008-03-17,1.35,2.69,-1.3399999999999999
2008-03-18,1.58,2.16,-0.5800000000000001
2008-03-19,1.54,2.08,-0.54
2008-03-20,1.59,2.22,-0.6300000000000001
2008-03-24,1.84,2.08,-0.24
2008-03-25,1.79,2.42,-0.6299999999999999
2008-03-26,1.71,2.3,-0.5899999999999999
2008-03-27,1.73,2.27,-0.54
2008-03-28,1.67,2.09,-0.41999999999999993
2008-03-31,1.62,2.51,-0.8899999999999997
2008-04-01,1.8,2.38,-0.5799999999999998
2008-04-02,1.88,2.18,-0.30000000000000027
2008-04-03,1.91,2.19,-0.28
2008-04-04,1.83,2.26,-0.4299999999999997
2008-04-07,1.95,2.24,-0.29000000000000026
2008-04-08,1.87,2.23,-0.3599999999999999
2008-04-09,1.77,2.2,-0.43000000000000016
2008-04-10,1.84,2.3,-0.45999999999999974
2008-04-11,1.76,2.37,-0.6100000000000001
2008-04-14,1.78,2.32,-0.5399999999999998
2008-04-15,1.84,2.32,-0.47999999999999976
2008-04-16,1.98,2.35,-0.3700000000000001
2008-04-17,2.13,2.37,-0.2400000000000002
2008-04-18,2.19,2.32,-0.1299999999999999
2008-04-21,2.2,2.28,-0.07999999999999963
2008-04-22,2.24,1.99,0.2500000000000002
2008-04-23,2.22,2.18,0.040000000000000036
2008-04-24,2.41,2.26,0.15000000000000036
2008-04-25,2.44,2.28,0.16000000000000014
2008-04-28,2.36,2.29,0.06999999999999984
2008-04-29,2.35,2.21,0.14000000000000012
2008-04-30,2.29,2.37,-0.08000000000000007
2008-05-01,2.37,2.16,0.20999999999999996
2008-05-02,2.47,1.88,0.5900000000000003
2008-05-05,2.42,1.85,0.5699999999999998
2008-05-06,2.38,1.91,0.47
2008-05-07,2.31,2.01,0.30000000000000027
2008-05-08,2.25,1.99,0.26
2008-05-09,2.25,1.97,0.28
2008-05-12,2.3,1.88,0.41999999999999993
2008-05-13,2.47,1.93,0.5400000000000003
2008-05-14,2.53,2.03,0.5
2008-05-15,2.45,2.03,0.4200000000000004
2008-05-16,2.47,1.91,0.5600000000000003
2008-05-19,2.42,1.95,0.47
2008-05-20,2.34,1.99,0.34999999999999987
2008-05-21,2.41,2.03,0.38000000000000034
2008-05-22,2.56,2.05,0.5100000000000002
2008-05-23,2.46,1.99,0.47
2008-05-27,2.55,2.23,0.31999999999999984
2008-05-28,2.62,2.08,0.54
2008-05-29,2.67,2.01,0.6600000000000001
2008-05-30,2.66,1.98,0.6800000000000002
2008-06-02,2.51,2.06,0.44999999999999973
2008-06-03,2.45,1.95,0.5000000000000002
2008-06-04,2.47,1.98,0.4900000000000002
2008-06-05,2.52,1.98,0.54
2008-06-06,2.4,2.01,0.3900000000000001
2008-06-09,2.73,2.02,0.71
2008-06-10,2.91,1.96,0.9500000000000002
2008-06-11,2.83,1.95,0.8800000000000001
2008-06-12,3.03,2.01,1.02
2008-06-13,3.05,2.02,1.0299999999999998
2008-06-16,3.02,2.06,0.96
2008-06-17,2.94,1.87,1.0699999999999998
2008-06-18,2.89,1.84,1.05
2008-06-19,2.99,1.94,1.0500000000000003
2008-06-20,2.88,1.99,0.8899999999999999
2008-06-23,2.98,1.98,1.0
2008-06-24,2.87,1.93,0.9400000000000002
2008-06-25,2.82,1.97,0.8499999999999999
2008-06-26,2.68,2.05,0.6300000000000003
2008-06-27,2.65,1.99,0.6599999999999999
2008-06-30,2.63,2.47,0.1599999999999997
2008-07-01,2.63,2.11,0.52
2008-07-02,2.6,1.95,0.6500000000000001
2008-07-03,2.54,1.92,0.6200000000000001
2008-07-07,2.47,1.99,0.4800000000000002
2008-07-08,2.47,1.97,0.5000000000000002
2008-07-09,2.41,1.99,0.42000000000000015
2008-07-10,2.44,2.01,0.43000000000000016
2008-07-11,2.59,1.97,0.6199999999999999
2008-07-14,2.47,2.06,0.41000000000000014
2008-07-15,2.39,2.16,0.22999999999999998
2008-07-16,2.44,1.95,0.49
2008-07-17,2.58,2.03,0.5500000000000003
2008-07-18,2.66,1.96,0.7000000000000002
2008-07-21,2.66,1.98,0.6800000000000002
2008-07-22,2.74,1.97,0.7700000000000002
2008-07-23,2.81,2.04,0.77
2008-07-24,2.61,2.06,0.5499999999999998
2008-07-25,2.7,2.13,0.5700000000000003
2008-07-28,2.59,2.0,0.5899999999999999
2008-07-29,2.65,2.05,0.6000000000000001
2008-07-30,2.64,2.03,0.6100000000000003
2008-07-31,2.52,2.09,0.43000000000000016
2008-08-01,2.51,2.04,0.46999999999999975
2008-08-04,2.53,1.97,0.5599999999999998
2008-08-05,2.54,1.97,0.5700000000000001
2008-08-06,2.56,2.01,0.5500000000000003
2008-08-07,2.43,1.96,0.4700000000000002
2008-08-08,2.51,2.01,0.5
2008-08-11,2.56,1.99,0.5700000000000001
2008-08-12,2.45,1.95,0.5000000000000002
2008-08-13,2.5,1.98,0.52
2008-08-14,2.45,2.09,0.3600000000000003
2008-08-15,2.4,2.08,0.31999999999999984
2008-08-18,2.35,1.91,0.44000000000000017
2008-08-19,2.32,1.94,0.3799999999999999
2008-08-20,2.25,1.98,0.27
2008-08-21,2.33,2.01,0.3200000000000003
2008-08-22,2.42,2.02,0.3999999999999999
2008-08-25,2.33,2.01,0.3200000000000003
2008-08-26,2.35,1.88,0.4700000000000002
2008-08-27,2.31,1.98,0.33000000000000007
2008-08-28,2.37,1.99,0.3800000000000001
2008-08-29,2.36,1.94,0.41999999999999993
2008-09-02,2.26,1.96,0.2999999999999998
2008-09-03,2.26,2.01,0.25
2008-09-04,2.2,1.99,0.2100000000000002
2008-09-05,2.23,1.97,0.26
2008-09-08,2.3,1.92,0.3799999999999999
2008-09-09,2.23,1.96,0.27
2008-09-10,2.22,2.12,0.10000000000000009
2008-09-11,2.18,2.0,0.18000000000000016
2008-09-12,2.23,2.1,0.1299999999999999
2008-09-15,1.78,2.64,-0.8600000000000001
2008-09-16,1.89,1.98,-0.09000000000000008
2008-09-17,1.64,2.8,-1.16
2008-09-18,1.78,2.16,-0.3800000000000001
2008-09-19,2.16,1.48,0.6800000000000002
2008-09-22,2.13,1.51,0.6199999999999999
2008-09-23,2.11,1.46,0.6499999999999999
2008-09-24,2.03,1.19,0.8399999999999999
2008-09-25,2.16,1.23,0.9300000000000002
2008-09-26,2.11,1.08,1.0299999999999998
2008-09-29,1.7,1.56,0.1399999999999999
2008-09-30,2.0,2.03,-0.029999999999999805
2008-10-01,1.82,1.15,0.6700000000000002
2008-10-02,1.62,0.67,0.9500000000000001
2008-10-03,1.6,1.1,0.5
2008-10-06,1.43,1.96,-0.53
2008-10-07,1.47,2.97,-1.5000000000000002
2008-10-08,1.65,2.24,-0.5900000000000003
2008-10-09,1.65,1.4,0.25
2008-10-10,1.62,0.79,0.8300000000000001
2008-10-14,1.82,1.1,0.72
2008-10-15,1.64,1.04,0.5999999999999999
2008-10-16,1.61,0.83,0.7800000000000001
2008-10-17,1.64,0.6,1.04
2008-10-20,1.71,0.7,1.01
2008-10-21,1.58,0.67,0.91
2008-10-22,1.53,0.81,0.72
2008-10-23,1.54,0.93,0.61
2008-10-24,1.57,0.95,0.6200000000000001
2008-10-27,1.59,0.92,0.67
2008-10-28,1.65,0.67,0.9799999999999999
2008-10-29,1.58,0.36,1.2200000000000002
2008-10-30,1.59,0.3,1.29
2008-10-31,1.56,0.22,1.34
2008-11-03,1.45,0.23,1.22
2008-11-04,1.39,0.23,1.16
2008-11-05,1.36,0.23,1.1300000000000001
2008-11-06,1.28,0.23,1.05
2008-11-07,1.33,0.27,1.06
2008-11-10,1.27,0.29,0.98
2008-11-12,1.19,0.35,0.84
2008-11-13,1.24,0.35,0.89
2008-11-14,1.22,0.34,0.8799999999999999
2008-11-17,1.22,0.37,0.85
2008-11-18,1.15,0.38,0.7699999999999999
2008-11-19,1.09,0.38,0.7100000000000001
2008-11-20,1.0,0.49,0.51
2008-11-21,1.09,0.57,0.5200000000000001
2008-11-24,1.31,0.62,0.6900000000000001
2008-11-25,1.15,0.59,0.5599999999999999
2008-11-26,1.09,0.53,0.56
2008-11-28,1.0,0.52,0.48
2008-12-01,0.9,0.52,0.38
2008-12-02,0.9,0.47,0.43000000000000005
2008-12-03,0.87,0.36,0.51
2008-12-04,0.82,0.2,0.6199999999999999
2008-12-05,0.93,0.12,0.81
2008-12-08,0.97,0.12,0.85
2008-12-09,0.84,0.13,0.71
2008-12-10,0.86,0.11,0.75
2008-12-11,0.79,0.14,0.65
2008-12-12,0.78,0.15,0.63
2008-12-15,0.75,0.18,0.5700000000000001
2015-12-17,1.0,0.37,0.63
2015-12-18,0.97,0.37,0.6
2015-12-21,0.96,0.36,0.6
2015-12-22,0.99,0.36,0.63
2015-12-23,1.01,0.36,0.65
2015-12-24,1.03,0.36,0.67
2015-12-28,1.05,0.36,0.6900000000000001
2015-12-29,1.09,0.36,0.7300000000000001
2015-12-30,1.08,0.35,0.7300000000000001
2015-12-31,1.06,0.2,0.8600000000000001
2016-01-04,1.02,0.36,0.66
2016-01-05,1.04,0.36,0.68
2016-01-06,0.99,0.36,0.63
2016-01-07,0.96,0.36,0.6
2016-01-08,0.94,0.36,0.58
2016-01-11,0.94,0.36,0.58
2016-01-12,0.93,0.36,0.5700000000000001
2016-01-13,0.91,0.36,0.55
2016-01-14,0.9,0.36,0.54
2016-01-15,0.85,0.36,0.49
2016-01-19,0.88,0.36,0.52
2016-01-20,0.85,0.37,0.48
2016-01-21,0.84,0.37,0.47
2016-01-22,0.88,0.38,0.5
2016-01-25,0.88,0.38,0.5
2016-01-26,0.85,0.38,0.47
2016-01-27,0.84,0.38,0.45999999999999996
2016-01-28,0.83,0.38,0.44999999999999996
2016-01-29,0.76,0.29,0.47000000000000003
2016-02-01,0.81,0.38,0.43000000000000005
2016-02-02,0.75,0.38,0.37
2016-02-03,0.72,0.38,0.33999999999999997
2016-02-04,0.7,0.38,0.31999999999999995
2016-02-05,0.74,0.38,0.36
2016-02-08,0.66,0.38,0.28
2016-02-09,0.69,0.38,0.30999999999999994
2016-02-10,0.71,0.38,0.32999999999999996
2016-02-11,0.64,0.38,0.26
2016-02-12,0.71,0.38,0.32999999999999996
2016-02-16,0.74,0.38,0.36
2016-02-17,0.74,0.37,0.37
2016-02-18,0.71,0.38,0.32999999999999996
2016-02-19,0.76,0.38,0.38
2016-02-22,0.78,0.38,0.4
2016-02-23,0.76,0.38,0.38
2016-02-24,0.75,0.38,0.37
2016-02-25,0.72,0.37,0.35
2016-02-26,0.8,0.37,0.43000000000000005
2016-02-29,0.78,0.29,0.49000000000000005
2016-03-01,0.85,0.36,0.49
2016-03-02,0.85,0.37,0.48
2016-03-03,0.85,0.37,0.48
2016-03-04,0.88,0.36,0.52
2016-03-07,0.91,0.36,0.55
2016-03-08,0.88,0.36,0.52
2016-03-09,0.9,0.36,0.54
2016-03-10,0.93,0.36,0.5700000000000001
2016-03-11,0.97,0.36,0.61
2016-03-14,0.97,0.36,0.61
2016-03-15,0.98,0.37,0.61
2016-03-16,0.87,0.37,0.5
2016-03-17,0.87,0.37,0.5
2016-03-18,0.84,0.37,0.47
2016-03-21,0.87,0.37,0.5
2016-03-22,0.91,0.37,0.54
2016-03-23,0.87,0.37,0.5
2016-03-24,0.89,0.37,0.52
2016-03-28,0.89,0.37,0.52
2016-03-29,0.78,0.37,0.41000000000000003
2016-03-30,0.76,0.37,0.39
2016-03-31,0.73,0.25,0.48
2016-04-01,0.76,0.37,0.39
2016-04-04,0.75,0.37,0.38
2016-04-05,0.72,0.37,0.35
2016-04-06,0.73,0.37,0.36
2016-04-07,0.7,0.37,0.32999999999999996
2016-04-08,0.7,0.37,0.32999999999999996
2016-04-11,0.7,0.37,0.32999999999999996
2016-04-12,0.74,0.37,0.37
2016-04-13,0.75,0.37,0.38
2016-04-14,0.77,0.37,0.4
2016-04-15,0.74,0.37,0.37
2016-04-18,0.75,0.37,0.38
2016-04-19,0.77,0.37,0.4
2016-04-20,0.8,0.37,0.43000000000000005
2016-04-21,0.82,0.37,0.44999999999999996
2016-04-22,0.84,0.37,0.47
2016-04-25,0.85,0.37,0.48
2016-04-26,0.86,0.37,0.49
2016-04-27,0.83,0.37,0.45999999999999996
2016-04-28,0.78,0.37,0.41000000000000003
2016-04-29,0.77,0.3,0.47000000000000003
2016-05-02,0.8,0.37,0.43000000000000005
2016-05-03,0.75,0.37,0.38
2016-05-04,0.75,0.37,0.38
2016-05-05,0.72,0.37,0.35
2016-05-06,0.74,0.37,0.37
2016-05-09,0.72,0.37,0.35
2016-05-10,0.72,0.37,0.35
2016-05-11,0.74,0.37,0.37
2016-05-12,0.76,0.37,0.39
2016-05-13,0.76,0.37,0.39
2016-05-16,0.79,0.37,0.42000000000000004
2016-05-17,0.82,0.37,0.44999999999999996
2016-05-18,0.9,0.37,0.53
2016-05-19,0.89,0.37,0.52
2016-05-20,0.89,0.37,0.52
2016-05-23,0.91,0.37,0.54
2016-05-24,0.92,0.37,0.55
2016-05-25,0.92,0.37,0.55
2016-05-26,0.87,0.37,0.5
2016-05-27,0.9,0.37,0.53
2016-05-31,0.87,0.29,0.5800000000000001
2016-06-01,0.91,0.37,0.54
2016-06-02,0.89,0.37,0.52
2016-06-03,0.78,0.37,0.41000000000000003
2016-06-06,0.8,0.37,0.43000000000000005
2016-06-07,0.78,0.37,0.41000000000000003
2016-06-08,0.78,0.37,0.41000000000000003
2016-06-09,0.77,0.37,0.4
2016-06-10,0.73,0.37,0.36
2016-06-13,0.73,0.37,0.36
2016-06-14,0.74,0.37,0.37
2016-06-15,0.69,0.37,0.31999999999999995
2016-06-16,0.7,0.38,0.31999999999999995
2016-06-17,0.7,0.38,0.31999999999999995
2016-06-20,0.74,0.38,0.36
2016-06-21,0.76,0.38,0.38
2016-06-22,0.75,0.38,0.37
2016-06-23,0.78,0.39,0.39
2016-06-24,0.64,0.4,0.24
2016-06-27,0.61,0.41,0.2
2016-06-28,0.61,0.41,0.2
2016-06-29,0.62,0.41,0.21000000000000002
2016-06-30,0.58,0.3,0.27999999999999997
2016-07-01,0.59,0.41,0.18
2016-07-05,0.56,0.4,0.16000000000000003
2016-07-06,0.58,0.4,0.17999999999999994
2016-07-07,0.58,0.4,0.17999999999999994
2016-07-08,0.61,0.4,0.20999999999999996
2016-07-11,0.66,0.4,0.26
2016-07-12,0.69,0.4,0.2899999999999999
2016-07-13,0.68,0.4,0.28
2016-07-14,0.68,0.4,0.28
2016-07-15,0.71,0.4,0.30999999999999994
2016-07-18,0.68,0.4,0.28
2016-07-19,0.7,0.4,0.29999999999999993
2016-07-20,0.73,0.4,0.32999999999999996
2016-07-21,0.7,0.4,0.29999999999999993
2016-07-22,0.71,0.4,0.30999999999999994
2016-07-25,0.72,0.4,0.31999999999999995
2016-07-26,0.75,0.4,0.35
2016-07-27,0.73,0.4,0.32999999999999996
2016-07-28,0.72,0.4,0.31999999999999995
2016-07-29,0.67,0.3,0.37000000000000005
2016-08-01,0.67,0.4,0.27
2016-08-02,0.67,0.4,0.27
2016-08-03,0.67,0.4,0.27
2016-08-04,0.64,0.4,0.24
2016-08-05,0.72,0.4,0.31999999999999995
2016-08-08,0.74,0.4,0.33999999999999997
2016-08-09,0.71,0.4,0.30999999999999994
2016-08-10,0.69,0.4,0.2899999999999999
2016-08-11,0.76,0.4,0.36
2016-08-12,0.71,0.4,0.30999999999999994
2016-08-15,0.72,0.4,0.31999999999999995
2016-08-16,0.76,0.4,0.36
2016-08-17,0.74,0.4,0.33999999999999997
2016-08-18,0.71,0.4,0.30999999999999994
2016-08-19,0.76,0.4,0.36
2016-08-22,0.76,0.4,0.36
2016-08-23,0.74,0.4,0.33999999999999997
2016-08-24,0.76,0.4,0.36
2016-08-25,0.78,0.4,0.38
2016-08-26,0.84,0.4,0.43999999999999995
2016-08-29,0.81,0.4,0.41000000000000003
2016-08-30,0.8,0.4,0.4
2016-08-31,0.8,0.3,0.5
2016-09-01,0.78,0.4,0.38
2016-09-02,0.8,0.4,0.4
2016-09-06,0.74,0.4,0.33999999999999997
2016-09-07,0.74,0.4,0.33999999999999997
2016-09-08,0.78,0.4,0.38
2016-09-09,0.79,0.4,0.39
2016-09-12,0.79,0.4,0.39
2016-09-13,0.8,0.4,0.4
2016-09-14,0.77,0.4,0.37
2016-09-15,0.74,0.4,0.33999999999999997
2016-09-16,0.77,0.4,0.37
2016-09-19,0.79,0.4,0.39
2016-09-20,0.79,0.4,0.39
2016-09-21,0.79,0.4,0.39
2016-09-22,0.79,0.4,0.39
2016-09-23,0.77,0.4,0.37
2016-09-26,0.76,0.4,0.36
2016-09-27,0.75,0.4,0.35
2016-09-28,0.75,0.4,0.35
2016-09-29,0.73,0.4,0.32999999999999996
2016-09-30,0.77,0.29,0.48000000000000004
2016-10-03,0.8,0.4,0.4
2016-10-04,0.82,0.4,0.41999999999999993
2016-10-05,0.85,0.4,0.44999999999999996
2016-10-06,0.86,0.4,0.45999999999999996
2016-10-07,0.83,0.4,0.42999999999999994
2016-10-11,0.87,0.41,0.46
2016-10-12,0.87,0.41,0.46
2016-10-13,0.85,0.41,0.44
2016-10-14,0.84,0.41,0.43
2016-10-17,0.81,0.41,0.4000000000000001
2016-10-18,0.82,0.41,0.41
2016-10-19,0.81,0.41,0.4000000000000001
2016-10-20,0.84,0.41,0.43
2016-10-21,0.84,0.41,0.43
2016-10-24,0.84,0.41,0.43
2016-10-25,0.86,0.41,0.45
2016-10-26,0.86,0.41,0.45
2016-10-27,0.87,0.41,0.46
2016-10-28,0.86,0.41,0.45
2016-10-31,0.86,0.31,0.55
2016-11-01,0.83,0.41,0.42
2016-11-02,0.81,0.41,0.4000000000000001
2016-11-03,0.81,0.41,0.4000000000000001
2016-11-04,0.8,0.41,0.39000000000000007
2016-11-07,0.82,0.41,0.41
2016-11-08,0.87,0.41,0.46
2016-11-09,0.9,0.41,0.49000000000000005
2016-11-10,0.92,0.41,0.51
2016-11-14,1.0,0.41,0.5900000000000001
2016-11-15,1.02,0.41,0.6100000000000001
2016-11-16,1.0,0.41,0.5900000000000001
2016-11-17,1.04,0.41,0.6300000000000001
2016-11-18,1.07,0.41,0.6600000000000001
2016-11-21,1.08,0.41,0.6700000000000002
2016-11-22,1.07,0.41,0.6600000000000001
2016-11-23,1.12,0.41,0.7100000000000002
2016-11-25,1.12,0.41,0.7100000000000002
2016-11-28,1.11,0.41,0.7000000000000002
2016-11-29,1.09,0.41,0.6800000000000002
2016-11-30,1.11,0.31,0.8
2016-12-01,1.14,0.41,0.73
2016-12-02,1.11,0.41,0.7000000000000002
2016-12-05,1.13,0.41,0.72
2016-12-06,1.12,0.41,0.7100000000000002
2016-12-07,1.1,0.41,0.6900000000000002
2016-12-08,1.12,0.41,0.7100000000000002
2016-12-09,1.15,0.41,0.74
2016-12-12,1.15,0.41,0.74
2016-12-13,1.17,0.41,0.76
2016-12-14,1.27,0.41,0.8600000000000001
2016-12-15,1.29,0.66,0.63
2016-12-16,1.28,0.66,0.62
2016-12-19,1.24,0.66,0.58
2016-12-20,1.25,0.66,0.59
2016-12-21,1.21,0.66,0.5499999999999999
2016-12-22,1.22,0.66,0.5599999999999999
2016-12-23,1.22,0.66,0.5599999999999999
2016-12-27,1.28,0.66,0.62
2016-12-28,1.26,0.66,0.6
2016-12-29,1.22,0.66,0.5599999999999999
2016-12-30,1.2,0.55,0.6499999999999999
2017-01-03,1.22,0.66,0.5599999999999999
2017-01-04,1.24,0.66,0.58
2017-01-05,1.17,0.66,0.5099999999999999
2017-01-06,1.22,0.66,0.5599999999999999
2017-01-09,1.21,0.66,0.5499999999999999
2017-01-10,1.19,0.66,0.5299999999999999
2017-01-11,1.2,0.66,0.5399999999999999
2017-01-12,1.18,0.66,0.5199999999999999
2017-01-13,1.21,0.66,0.5499999999999999
2017-01-17,1.17,0.66,0.5099999999999999
2017-01-18,1.23,0.66,0.57
2017-01-19,1.25,0.66,0.59
2017-01-20,1.2,0.66,0.5399999999999999
2017-01-23,1.16,0.66,0.4999999999999999
2017-01-24,1.21,0.66,0.5499999999999999
2017-01-25,1.23,0.66,0.57
2017-01-26,1.21,0.66,0.5499999999999999
2017-01-27,1.22,0.66,0.5599999999999999
2017-01-30,1.22,0.66,0.5599999999999999
2017-01-31,1.19,0.56,0.6299999999999999
2017-02-01,1.22,0.66,0.5599999999999999
2017-02-02,1.21,0.66,0.5499999999999999
2017-02-03,1.21,0.66,0.5499999999999999
2017-02-06,1.16,0.66,0.4999999999999999
2017-02-07,1.16,0.66,0.4999999999999999
2017-02-08,1.15,0.66,0.4899999999999999
2017-02-09,1.2,0.66,0.5399999999999999
2017-02-10,1.2,0.66,0.5399999999999999
2017-02-13,1.2,0.66,0.5399999999999999
2017-02-14,1.25,0.66,0.59
2017-02-15,1.27,0.66,0.61
2017-02-16,1.22,0.66,0.5599999999999999
2017-02-17,1.21,0.66,0.5499999999999999
2017-02-21,1.22,0.66,0.5599999999999999
2017-02-22,1.22,0.66,0.5599999999999999
2017-02-23,1.18,0.66,0.5199999999999999
2017-02-24,1.12,0.66,0.4600000000000001
2017-02-27,1.2,0.66,0.5399999999999999
2017-02-28,1.22,0.57,0.65
2017-03-01,1.29,0.66,0.63
2017-03-02,1.32,0.66,0.66
2017-03-03,1.32,0.66,0.66
2017-03-06,1.31,0.66,0.65
2017-03-07,1.32,0.66,0.66
2017-03-08,1.36,0.66,0.7000000000000001
2017-03-09,1.37,0.66,0.7100000000000001
2017-03-10,1.36,0.66,0.7000000000000001
2017-03-13,1.4,0.66,0.7399999999999999
2017-03-14,1.4,0.66,0.7399999999999999
2017-03-15,1.33,0.66,0.67
2017-03-16,1.35,0.91,0.44000000000000006
2017-03-17,1.33,0.91,0.42000000000000004
2017-03-20,1.3,0.91,0.39
2017-03-21,1.27,0.91,0.36
2017-03-22,1.27,0.91,0.36
2017-03-23,1.26,0.91,0.35
2017-03-24,1.26,0.91,0.35
2017-03-27,1.27,0.91,0.36
2017-03-28,1.3,0.91,0.39
2017-03-29,1.26,0.91,0.35
2017-03-30,1.28,0.91,0.37
2017-03-31,1.27,0.82,0.45000000000000007
2017-04-03,1.24,0.91,0.32999999999999996
2017-04-04,1.25,0.91,0.33999999999999997
2017-04-05,1.24,0.91,0.32999999999999996
2017-04-06,1.24,0.91,0.32999999999999996
2017-04-07,1.29,0.91,0.38
2017-04-10,1.29,0.91,0.38
2017-04-11,1.24,0.91,0.32999999999999996
2017-04-12,1.24,0.91,0.32999999999999996
2017-04-13,1.21,0.91,0.29999999999999993
2017-04-17,1.21,0.91,0.29999999999999993
2017-04-18,1.18,0.91,0.2699999999999999
2017-04-19,1.19,0.91,0.2799999999999999
2017-04-20,1.21,0.91,0.29999999999999993
2017-04-21,1.2,0.91,0.2899999999999999
2017-04-24,1.25,0.91,0.33999999999999997
2017-04-25,1.29,0.91,0.38
2017-04-26,1.28,0.91,0.37
2017-04-27,1.25,0.91,0.33999999999999997
2017-04-28,1.28,0.83,0.45000000000000007
2017-05-01,1.28,0.91,0.37
2017-05-02,1.27,0.91,0.36
2017-05-03,1.3,0.91,0.39
2017-05-04,1.32,0.91,0.41000000000000003
2017-05-05,1.32,0.91,0.41000000000000003
2017-05-08,1.33,0.91,0.42000000000000004
2017-05-09,1.37,0.91,0.4600000000000001
2017-05-10,1.35,0.91,0.44000000000000006
2017-05-11,1.35,0.91,0.44000000000000006
2017-05-12,1.29,0.91,0.38
2017-05-15,1.31,0.91,0.4
2017-05-16,1.29,0.91,0.38
2017-05-17,1.26,0.91,0.35
2017-05-18,1.27,0.91,0.36
2017-05-19,1.28,0.91,0.37
2017-05-22,1.29,0.91,0.38
2017-05-23,1.31,0.91,0.4
2017-05-24,1.29,0.91,0.38
2017-05-25,1.3,0.91,0.39
2017-05-26,1.3,0.91,0.39
2017-05-30,1.28,0.91,0.37
2017-05-31,1.28,0.83,0.45000000000000007
2017-06-01,1.28,0.91,0.37
2017-06-02,1.28,0.91,0.37
2017-06-05,1.32,0.91,0.41000000000000003
2017-06-06,1.3,0.91,0.39
2017-06-07,1.32,0.91,0.41000000000000003
2017-06-08,1.33,0.91,0.42000000000000004
2017-06-09,1.35,0.91,0.44000000000000006
2017-06-12,1.35,0.91,0.44000000000000006
2017-06-13,1.38,0.91,0.46999999999999986
2017-06-14,1.35,0.91,0.44000000000000006
2017-06-15,1.35,1.16,0.19000000000000017
2017-06-16,1.32,1.16,0.16000000000000014
2017-06-19,1.36,1.16,0.20000000000000018
2017-06-20,1.36,1.16,0.20000000000000018
2017-06-21,1.36,1.16,0.20000000000000018
2017-06-22,1.34,1.16,0.18000000000000016
2017-06-23,1.34,1.16,0.18000000000000016
2017-06-26,1.36,1.16,0.20000000000000018
2017-06-27,1.38,1.16,0.21999999999999997
2017-06-28,1.34,1.16,0.18000000000000016
2017-06-29,1.38,1.16,0.21999999999999997
2017-06-30,1.38,1.06,0.31999999999999984
2017-07-03,1.41,1.16,0.25
2017-07-05,1.41,1.16,0.25
2017-07-06,1.4,1.16,0.24
2017-07-07,1.4,1.16,0.24
2017-07-10,1.4,1.16,0.24
2017-07-11,1.37,1.16,0.2100000000000002
2017-07-12,1.35,1.16,0.19000000000000017
2017-07-13,1.37,1.16,0.2100000000000002
2017-07-14,1.35,1.16,0.19000000000000017
2017-07-17,1.36,1.16,0.20000000000000018
2017-07-18,1.36,1.16,0.20000000000000018
2017-07-19,1.37,1.16,0.2100000000000002
2017-07-20,1.37,1.16,0.2100000000000002
2017-07-21,1.36,1.16,0.20000000000000018
2017-07-24,1.37,1.16,0.2100000000000002
2017-07-25,1.4,1.16,0.24
2017-07-26,1.36,1.16,0.20000000000000018
2017-07-27,1.36,1.16,0.20000000000000018
2017-07-28,1.34,1.16,0.18000000000000016
2017-07-31,1.34,1.07,0.27
2017-08-01,1.34,1.16,0.18000000000000016
2017-08-02,1.36,1.16,0.20000000000000018
2017-08-03,1.34,1.16,0.18000000000000016
2017-08-04,1.36,1.16,0.20000000000000018
2017-08-07,1.36,1.16,0.20000000000000018
2017-08-08,1.36,1.16,0.20000000000000018
2017-08-09,1.33,1.16,0.17000000000000015
2017-08-10,1.33,1.16,0.17000000000000015
2017-08-11,1.3,1.16,0.14000000000000012
2017-08-14,1.33,1.16,0.17000000000000015
2017-08-15,1.35,1.16,0.19000000000000017
2017-08-16,1.33,1.16,0.17000000000000015
2017-08-17,1.32,1.16,0.16000000000000014
2017-08-18,1.33,1.16,0.17000000000000015
2017-08-21,1.32,1.16,0.16000000000000014
2017-08-22,1.33,1.16,0.17000000000000015
2017-08-23,1.32,1.16,0.16000000000000014
2017-08-24,1.33,1.16,0.17000000000000015
2017-08-25,1.35,1.16,0.19000000000000017
2017-08-28,1.33,1.16,0.17000000000000015
2017-08-29,1.33,1.16,0.17000000000000015
2017-08-30,1.33,1.16,0.17000000000000015
2017-08-31,1.33,1.07,0.26
2017-09-01,1.35,1.16,0.19000000000000017
2017-09-05,1.3,1.16,0.14000000000000012
2017-09-06,1.3,1.16,0.14000000000000012
2017-09-07,1.27,1.16,0.1100000000000001
2017-09-08,1.27,1.16,0.1100000000000001
2017-09-11,1.32,1.16,0.16000000000000014
2017-09-12,1.33,1.16,0.17000000000000015
2017-09-13,1.35,1.16,0.19000000000000017
2017-09-14,1.37,1.16,0.2100000000000002
2017-09-15,1.39,1.16,0.22999999999999998
2017-09-18,1.4,1.16,0.24
2017-09-19,1.4,1.16,0.24
2017-09-20,1.45,1.16,0.29000000000000004
2017-09-21,1.45,1.16,0.29000000000000004
2017-09-22,1.46,1.16,0.30000000000000004
2017-09-25,1.44,1.16,0.28
2017-09-26,1.45,1.16,0.29000000000000004
2017-09-27,1.47,1.16,0.31000000000000005
2017-09-28,1.45,1.16,0.29000000000000004
2017-09-29,1.47,1.06,0.4099999999999999
2017-10-02,1.49,1.16,0.33000000000000007
2017-10-03,1.47,1.16,0.31000000000000005
2017-10-04,1.47,1.16,0.31000000000000005
2017-10-05,1.49,1.16,0.33000000000000007
2017-10-06,1.54,1.16,0.3800000000000001
2017-10-10,1.51,1.16,0.3500000000000001
2017-10-11,1.51,1.16,0.3500000000000001
2017-10-12,1.51,1.16,0.3500000000000001
2017-10-13,1.51,1.16,0.3500000000000001
2017-10-16,1.54,1.16,0.3800000000000001
2017-10-17,1.54,1.16,0.3800000000000001
2017-10-18,1.59,1.16,0.43000000000000016
2017-10-19,1.58,1.16,0.42000000000000015
2017-10-20,1.6,1.16,0.44000000000000017
2017-10-23,1.58,1.16,0.42000000000000015
2017-10-24,1.6,1.16,0.44000000000000017
2017-10-25,1.61,1.16,0.4500000000000002
2017-10-26,1.63,1.16,0.47
2017-10-27,1.59,1.16,0.43000000000000016
2017-10-30,1.58,1.16,0.42000000000000015
2017-10-31,1.6,1.07,0.53
2017-11-01,1.61,1.16,0.4500000000000002
2017-11-02,1.61,1.16,0.4500000000000002
2017-11-03,1.63,1.16,0.47
2017-11-06,1.61,1.16,0.4500000000000002
2017-11-07,1.63,1.16,0.47
2017-11-08,1.65,1.16,0.49
2017-11-09,1.63,1.16,0.47
2017-11-10,1.67,1.16,0.51
2017-11-13,1.7,1.16,0.54
2017-11-14,1.68,1.16,0.52
2017-11-15,1.68,1.16,0.52
2017-11-16,1.72,1.16,0.56
2017-11-17,1.73,1.16,0.5700000000000001
2017-11-20,1.77,1.16,0.6100000000000001
2017-11-21,1.77,1.16,0.6100000000000001
2017-11-22,1.74,1.16,0.5800000000000001
2017-11-24,1.75,1.16,0.5900000000000001
2017-11-27,1.74,1.16,0.5800000000000001
2017-11-28,1.75,1.16,0.5900000000000001
2017-11-29,1.78,1.16,0.6200000000000001
2017-11-30,1.78,1.07,0.71
2017-12-01,1.78,1.16,0.6200000000000001
2017-12-04,1.8,1.16,0.6400000000000001
2017-12-05,1.83,1.16,0.6700000000000002
2017-12-06,1.78,1.16,0.6200000000000001
2017-12-07,1.8,1.16,0.6400000000000001
2017-12-08,1.8,1.16,0.6400000000000001
2017-12-11,1.82,1.16,0.6600000000000001
2017-12-12,1.83,1.17,0.6600000000000001
2017-12-13,1.79,1.17,0.6200000000000001
2017-12-14,1.82,1.41,0.41000000000000014
2017-12-15,1.84,1.41,0.43000000000000016
2017-12-18,1.84,1.42,0.42000000000000015
2017-12-19,1.87,1.42,0.4500000000000002
2017-12-20,1.87,1.42,0.4500000000000002
2017-12-21,1.89,1.42,0.47
2017-12-22,1.91,1.42,0.49
2017-12-26,1.92,1.42,0.5
2017-12-27,1.89,1.42,0.47
2017-12-28,1.91,1.42,0.49
2017-12-29,1.89,1.33,0.5599999999999998
2018-01-02,1.92,1.42,0.5
2018-01-03,1.94,1.42,0.52
2018-01-04,1.96,1.42,0.54
2018-01-05,1.96,1.42,0.54
2018-01-08,1.96,1.42,0.54
2018-01-09,1.98,1.42,0.56
2018-01-10,1.98,1.42,0.56
2018-01-11,1.98,1.42,0.56
2018-01-12,1.99,1.42,0.5700000000000001
2018-01-16,2.03,1.42,0.6099999999999999
2018-01-17,2.05,1.42,0.6299999999999999
2018-01-18,2.05,1.42,0.6299999999999999
2018-01-19,2.06,1.42,0.6400000000000001
2018-01-22,2.08,1.42,0.6600000000000001
2018-01-23,2.06,1.42,0.6400000000000001
2018-01-24,2.08,1.42,0.6600000000000001
2018-01-25,2.08,1.42,0.6600000000000001
2018-01-26,2.13,1.42,0.71
2018-01-29,2.11,1.42,0.69
2018-01-30,2.13,1.42,0.71
2018-01-31,2.14,1.34,0.8
2018-02-01,2.16,1.42,0.7400000000000002
2018-02-02,2.15,1.42,0.73
2018-02-05,2.08,1.42,0.6600000000000001
2018-02-06,2.1,1.42,0.6800000000000002
2018-02-07,2.15,1.42,0.73
2018-02-08,2.13,1.42,0.71
2018-02-09,2.05,1.42,0.6299999999999999
2018-02-12,2.09,1.42,0.6699999999999999
2018-02-13,2.1,1.42,0.6800000000000002
2018-02-14,2.17,1.42,0.75
2018-02-15,2.19,1.42,0.77
2018-02-16,2.21,1.42,0.79
2018-02-20,2.25,1.42,0.8300000000000001
2018-02-21,2.26,1.42,0.8399999999999999
2018-02-22,2.25,1.42,0.8300000000000001
2018-02-23,2.25,1.42,0.8300000000000001
2018-02-26,2.22,1.42,0.8000000000000003
2018-02-27,2.27,1.42,0.8500000000000001
2018-02-28,2.25,1.35,0.8999999999999999
2018-03-01,2.22,1.42,0.8000000000000003
2018-03-02,2.25,1.42,0.8300000000000001
2018-03-05,2.24,1.42,0.8200000000000003
2018-03-06,2.25,1.42,0.8300000000000001
2018-03-07,2.25,1.42,0.8300000000000001
2018-03-08,2.25,1.42,0.8300000000000001
2018-03-09,2.27,1.42,0.8500000000000001
2018-03-12,2.27,1.42,0.8500000000000001
2018-03-13,2.26,1.42,0.8399999999999999
2018-03-14,2.26,1.42,0.8399999999999999
2018-03-15,2.29,1.43,0.8600000000000001
2018-03-16,2.31,1.43,0.8800000000000001
2018-03-19,2.31,1.43,0.8800000000000001
2018-03-20,2.34,1.44,0.8999999999999999
2018-03-21,2.31,1.44,0.8700000000000001
2018-03-22,2.29,1.68,0.6100000000000001
2018-03-23,2.28,1.68,0.5999999999999999
2018-03-26,2.33,1.68,0.6500000000000001
2018-03-27,2.26,1.68,0.5799999999999998
2018-03-28,2.28,1.68,0.5999999999999999
2018-03-29,2.27,1.68,0.5900000000000001
2018-04-02,2.25,1.68,0.5700000000000001
2018-04-03,2.28,1.69,0.5899999999999999
2018-04-04,2.28,1.69,0.5899999999999999
2018-04-05,2.3,1.69,0.6099999999999999
2018-04-06,2.27,1.69,0.5800000000000001
2018-04-09,2.29,1.69,0.6000000000000001
2018-04-10,2.32,1.69,0.6299999999999999
2018-04-11,2.32,1.69,0.6299999999999999
2018-04-12,2.34,1.69,0.6499999999999999
2018-04-13,2.37,1.69,0.6800000000000002
2018-04-16,2.39,1.69,0.7000000000000002
2018-04-17,2.41,1.69,0.7200000000000002
2018-04-18,2.42,1.69,0.73
2018-04-19,2.44,1.69,0.75
2018-04-20,2.46,1.7,0.76
2018-04-23,2.49,1.7,0.7900000000000003
2018-04-24,2.48,1.7,0.78
2018-04-25,2.49,1.7,0.7900000000000003
2018-04-26,2.49,1.7,0.7900000000000003
2018-04-27,2.49,1.7,0.7900000000000003
2018-04-30,2.49,1.69,0.8000000000000003
2018-05-01,2.5,1.7,0.8
2018-05-02,2.49,1.7,0.7900000000000003
2018-05-03,2.49,1.7,0.7900000000000003
2018-05-04,2.51,1.7,0.8099999999999998
2018-05-07,2.49,1.7,0.7900000000000003
2018-05-08,2.51,1.7,0.8099999999999998
2018-05-09,2.54,1.7,0.8400000000000001
2018-05-10,2.54,1.7,0.8400000000000001
2018-05-11,2.54,1.7,0.8400000000000001
2018-05-14,2.55,1.7,0.8499999999999999
2018-05-15,2.58,1.7,0.8800000000000001
2018-05-16,2.58,1.7,0.8800000000000001
2018-05-17,2.57,1.7,0.8699999999999999
2018-05-18,2.55,1.7,0.8499999999999999
2018-05-21,2.58,1.7,0.8800000000000001
2018-05-22,2.59,1.7,0.8899999999999999
2018-05-23,2.53,1.7,0.8299999999999998
2018-05-24,2.5,1.7,0.8
2018-05-25,2.48,1.7,0.78
2018-05-29,2.32,1.7,0.6199999999999999
2018-05-30,2.42,1.7,0.72
2018-05-31,2.4,1.7,0.7
2018-06-01,2.47,1.7,0.7700000000000002
2018-06-04,2.52,1.7,0.8200000000000001
2018-06-05,2.49,1.7,0.7900000000000003
2018-06-06,2.52,1.7,0.8200000000000001
2018-06-07,2.5,1.7,0.8
2018-06-08,2.5,1.7,0.8
2018-06-11,2.52,1.7,0.8200000000000001
2018-06-12,2.54,1.7,0.8400000000000001
2018-06-13,2.59,1.7,0.8899999999999999
2018-06-14,2.59,1.9,0.69
2018-06-15,2.55,1.9,0.6499999999999999
2018-06-18,2.56,1.9,0.6600000000000001
2018-06-19,2.54,1.91,0.6300000000000001
2018-06-20,2.56,1.92,0.6400000000000001
2018-06-21,2.56,1.92,0.6400000000000001
2018-06-22,2.56,1.92,0.6400000000000001
2018-06-25,2.54,1.92,0.6200000000000001
2018-06-26,2.53,1.92,0.6099999999999999
2018-06-27,2.52,1.91,0.6100000000000001
2018-06-28,2.52,1.91,0.6100000000000001
2018-06-29,2.52,1.91,0.6100000000000001
2018-07-02,2.57,1.91,0.6599999999999999
2018-07-03,2.53,1.91,0.6199999999999999
2018-07-05,2.55,1.91,0.6399999999999999
2018-07-06,2.53,1.91,0.6199999999999999
2018-07-09,2.57,1.91,0.6599999999999999
2018-07-10,2.59,1.91,0.6799999999999999
2018-07-11,2.58,1.91,0.6700000000000002
2018-07-12,2.6,1.91,0.6900000000000002
2018-07-13,2.59,1.91,0.6799999999999999
2018-07-16,2.59,1.91,0.6799999999999999
2018-07-17,2.62,1.91,0.7100000000000002
2018-07-18,2.6,1.91,0.6900000000000002
2018-07-19,2.6,1.91,0.6900000000000002
2018-07-20,2.6,1.91,0.6900000000000002
2018-07-23,2.64,1.91,0.7300000000000002
2018-07-24,2.63,1.91,0.72
2018-07-25,2.66,1.91,0.7500000000000002
2018-07-26,2.69,1.91,0.78
2018-07-27,2.67,1.91,0.76
2018-07-30,2.66,1.91,0.7500000000000002
2018-07-31,2.67,1.91,0.76
2018-08-01,2.67,1.91,0.76
2018-08-02,2.66,1.91,0.7500000000000002
2018-08-03,2.63,1.91,0.72
2018-08-06,2.64,1.91,0.7300000000000002
2018-08-07,2.68,1.91,0.7700000000000002
2018-08-08,2.68,1.91,0.7700000000000002
2018-08-09,2.64,1.91,0.7300000000000002
2018-08-10,2.61,1.91,0.7
2018-08-13,2.61,1.91,0.7
2018-08-14,2.63,1.91,0.72
2018-08-15,2.61,1.91,0.7
2018-08-16,2.63,1.92,0.71
2018-08-17,2.61,1.92,0.69
2018-08-20,2.6,1.92,0.6800000000000002
2018-08-21,2.61,1.92,0.69
2018-08-22,2.6,1.92,0.6800000000000002
2018-08-23,2.61,1.92,0.69
2018-08-24,2.63,1.92,0.71
2018-08-27,2.67,1.92,0.75
2018-08-28,2.67,1.92,0.75
2018-08-29,2.67,1.92,0.75
2018-08-30,2.64,1.92,0.7200000000000002
2018-08-31,2.62,1.91,0.7100000000000002
2018-09-04,2.66,1.92,0.7400000000000002
2018-09-05,2.66,1.92,0.7400000000000002
2018-09-06,2.64,1.92,0.7200000000000002
2018-09-07,2.71,1.92,0.79
2018-09-10,2.73,1.92,0.81
2018-09-11,2.76,1.92,0.8399999999999999
2018-09-12,2.74,1.92,0.8200000000000003
2018-09-13,2.76,1.92,0.8399999999999999
2018-09-14,2.78,1.92,0.8599999999999999
2018-09-17,2.78,1.92,0.8599999999999999
2018-09-18,2.81,1.92,0.8900000000000001
2018-09-19,2.81,1.92,0.8900000000000001
2018-09-20,2.81,1.92,0.8900000000000001
2018-09-21,2.81,1.92,0.8900000000000001
2018-09-24,2.83,1.93,0.9000000000000001
2018-09-25,2.83,1.93,0.9000000000000001
2018-09-26,2.83,1.93,0.9000000000000001
2018-09-27,2.83,2.18,0.6499999999999999
2018-09-28,2.81,2.18,0.6299999999999999
2018-10-01,2.82,2.18,0.6399999999999997
2018-10-02,2.82,2.18,0.6399999999999997
2018-10-03,2.85,2.18,0.6699999999999999
2018-10-04,2.87,2.18,0.69
2018-10-05,2.88,2.18,0.6999999999999997
2018-10-09,2.88,2.18,0.6999999999999997
2018-10-10,2.88,2.18,0.6999999999999997
2018-10-11,2.85,2.18,0.6699999999999999
2018-10-12,2.85,2.18,0.6699999999999999
2018-10-15,2.85,2.18,0.6699999999999999
2018-10-16,2.87,2.18,0.69
2018-10-17,2.89,2.19,0.7000000000000002
2018-10-18,2.87,2.19,0.6800000000000002
2018-10-19,2.92,2.19,0.73
2018-10-22,2.92,2.19,0.73
2018-10-23,2.89,2.2,0.69
2018-10-24,2.84,2.2,0.6399999999999997
2018-10-25,2.86,2.2,0.6599999999999997
2018-10-26,2.81,2.2,0.6099999999999999
2018-10-29,2.81,2.2,0.6099999999999999
2018-10-30,2.84,2.2,0.6399999999999997
2018-10-31,2.87,2.2,0.6699999999999999
2018-11-01,2.84,2.2,0.6399999999999997
2018-11-02,2.91,2.19,0.7200000000000002
2018-11-05,2.91,2.2,0.71
2018-11-06,2.93,2.2,0.73
2018-11-07,2.96,2.2,0.7599999999999998
2018-11-08,2.98,2.2,0.7799999999999998
2018-11-09,2.94,2.19,0.75
2018-11-13,2.89,2.2,0.69
2018-11-14,2.86,2.2,0.6599999999999997
2018-11-15,2.86,2.2,0.6599999999999997
2018-11-16,2.81,2.2,0.6099999999999999
2018-11-19,2.79,2.2,0.5899999999999999
2018-11-20,2.79,2.2,0.5899999999999999
2018-11-21,2.81,2.2,0.6099999999999999
2018-11-23,2.81,2.2,0.6099999999999999
2018-11-26,2.84,2.2,0.6399999999999997
2018-11-27,2.83,2.2,0.6299999999999999
2018-11-28,2.81,2.2,0.6099999999999999
2018-11-29,2.81,2.2,0.6099999999999999
2018-11-30,2.8,2.2,0.5999999999999996
2018-12-03,2.83,2.19,0.6400000000000001
2018-12-04,2.8,2.2,0.5999999999999996
2018-12-06,2.75,2.2,0.5499999999999998
2018-12-07,2.72,2.19,0.5300000000000002
2018-12-10,2.72,2.2,0.52
2018-12-11,2.78,2.19,0.5899999999999999
2018-12-12,2.77,2.19,0.5800000000000001
2018-12-13,2.75,2.19,0.56
2018-12-14,2.73,2.19,0.54
2018-12-17,2.7,2.2,0.5
2018-12-18,2.65,2.2,0.44999999999999973
2018-12-19,2.63,2.2,0.4299999999999997
2018-12-20,2.67,2.4,0.27
2018-12-21,2.63,2.4,0.22999999999999998
2018-12-24,2.55,2.4,0.1499999999999999
2018-12-26,2.61,2.4,0.20999999999999996
2018-12-27,2.56,2.4,0.16000000000000014
2018-12-28,2.52,2.4,0.1200000000000001
2018-12-31,2.48,2.4,0.08000000000000007
2019-01-02,2.5,2.4,0.10000000000000009
2019-01-03,2.39,2.4,-0.009999999999999787
2019-01-04,2.5,2.4,0.10000000000000009
2019-01-07,2.53,2.4,0.1299999999999999
2019-01-08,2.58,2.4,0.18000000000000016
2019-01-09,2.56,2.4,0.16000000000000014
2019-01-10,2.56,2.4,0.16000000000000014
2019-01-11,2.55,2.4,0.1499999999999999
2019-01-14,2.53,2.4,0.1299999999999999
2019-01-15,2.53,2.4,0.1299999999999999
2019-01-16,2.55,2.4,0.1499999999999999
2019-01-17,2.56,2.4,0.16000000000000014
2019-01-18,2.62,2.4,0.2200000000000002
2019-01-22,2.58,2.4,0.18000000000000016
2019-01-23,2.58,2.4,0.18000000000000016
2019-01-24,2.56,2.4,0.16000000000000014
2019-01-25,2.6,2.4,0.20000000000000018
2019-01-28,2.6,2.4,0.20000000000000018
2019-01-29,2.56,2.4,0.16000000000000014
2019-01-30,2.52,2.4,0.1200000000000001
2019-01-31,2.45,2.4,0.050000000000000266
2019-02-01,2.52,2.4,0.1200000000000001
2019-02-04,2.53,2.4,0.1299999999999999
2019-02-05,2.53,2.4,0.1299999999999999
2019-02-06,2.52,2.4,0.1200000000000001
2019-02-07,2.48,2.4,0.08000000000000007
2019-02-08,2.45,2.4,0.050000000000000266
2019-02-11,2.48,2.4,0.08000000000000007
2019-02-12,2.5,2.4,0.10000000000000009
2019-02-13,2.53,2.4,0.1299999999999999
2019-02-14,2.5,2.4,0.10000000000000009
2019-02-15,2.52,2.4,0.1200000000000001
2019-02-19,2.5,2.4,0.10000000000000009
2019-02-20,2.5,2.4,0.10000000000000009
2019-02-21,2.53,2.4,0.1299999999999999
2019-02-22,2.48,2.4,0.08000000000000007
2019-02-25,2.51,2.4,0.10999999999999988
2019-02-26,2.48,2.4,0.08000000000000007
2019-02-27,2.5,2.4,0.10000000000000009
2019-02-28,2.52,2.4,0.1200000000000001
2019-03-01,2.55,2.4,0.1499999999999999
2019-03-04,2.55,2.4,0.1499999999999999
2019-03-05,2.55,2.4,0.1499999999999999
2019-03-06,2.52,2.4,0.1200000000000001
2019-03-07,2.47,2.4,0.07000000000000028
2019-03-08,2.45,2.4,0.050000000000000266
2019-03-11,2.47,2.4,0.07000000000000028
2019-03-12,2.45,2.4,0.050000000000000266
2019-03-13,2.45,2.4,0.050000000000000266
2019-03-14,2.46,2.4,0.06000000000000005
2019-03-15,2.43,2.4,0.03000000000000025
2019-03-18,2.45,2.4,0.050000000000000266
2019-03-19,2.46,2.4,0.06000000000000005
2019-03-20,2.4,2.41,-0.010000000000000231
2019-03-21,2.41,2.41,0.0
2019-03-22,2.31,2.41,-0.10000000000000009
2019-03-25,2.26,2.4,-0.14000000000000012
2019-03-26,2.24,2.4,-0.1599999999999997
2019-03-27,2.22,2.41,-0.18999999999999995
2019-03-28,2.23,2.41,-0.18000000000000016
2019-03-29,2.27,2.43,-0.16000000000000014
2019-04-01,2.33,2.41,-0.08000000000000007
2019-04-02,2.3,2.41,-0.11000000000000032
2019-04-03,2.33,2.41,-0.08000000000000007
2019-04-04,2.33,2.41,-0.08000000000000007
2019-04-05,2.35,2.41,-0.06000000000000005
2019-04-08,2.36,2.41,-0.050000000000000266
2019-04-09,2.35,2.41,-0.06000000000000005
2019-04-10,2.31,2.41,-0.10000000000000009
2019-04-11,2.35,2.41,-0.06000000000000005
2019-04-12,2.4,2.41,-0.010000000000000231
2019-04-15,2.4,2.41,-0.010000000000000231
2019-04-16,2.41,2.41,0.0
2019-04-17,2.4,2.42,-0.020000000000000018
2019-04-18,2.38,2.43,-0.050000000000000266
2019-04-22,2.38,2.44,-0.06000000000000005
2019-04-23,2.36,2.44,-0.08000000000000007
2019-04-24,2.32,2.44,-0.1200000000000001
2019-04-25,2.33,2.44,-0.10999999999999988
2019-04-26,2.28,2.44,-0.16000000000000014
2019-04-29,2.3,2.45,-0.15000000000000036
2019-04-30,2.27,2.45,-0.18000000000000016
2019-05-01,2.31,2.45,-0.14000000000000012
2019-05-02,2.35,2.41,-0.06000000000000005
2019-05-03,2.33,2.4,-0.06999999999999984
2019-05-06,2.31,2.4,-0.08999999999999986
2019-05-07,2.28,2.4,-0.1200000000000001
2019-05-08,2.3,2.39,-0.0900000000000003
2019-05-09,2.26,2.38,-0.1200000000000001
2019-05-10,2.26,2.38,-0.1200000000000001
2019-05-13,2.18,2.38,-0.19999999999999973
2019-05-14,2.2,2.38,-0.17999999999999972
2019-05-15,2.16,2.4,-0.23999999999999977
2019-05-16,2.2,2.39,-0.18999999999999995
2019-05-17,2.2,2.39,-0.18999999999999995
2019-05-20,2.21,2.39,-0.18000000000000016
2019-05-21,2.26,2.39,-0.13000000000000034
2019-05-22,2.23,2.38,-0.1499999999999999
2019-05-23,2.12,2.38,-0.2599999999999998
2019-05-24,2.16,2.38,-0.21999999999999975
2019-05-28,2.12,2.39,-0.27
2019-05-29,2.09,2.39,-0.30000000000000027
2019-05-30,2.06,2.39,-0.33000000000000007
2019-05-31,1.95,2.4,-0.44999999999999996
2019-06-03,1.82,2.38,-0.5599999999999998
2019-06-04,1.88,2.38,-0.5
2019-06-05,1.83,2.38,-0.5499999999999998
2019-06-06,1.88,2.37,-0.4900000000000002
2019-06-07,1.85,2.37,-0.52
2019-06-10,1.9,2.37,-0.4700000000000002
2019-06-11,1.93,2.37,-0.44000000000000017
2019-06-12,1.88,2.37,-0.4900000000000002
2019-06-13,1.83,2.37,-0.54
2019-06-14,1.84,2.36,-0.5199999999999998
2019-06-17,1.86,2.38,-0.5199999999999998
2019-06-18,1.86,2.37,-0.51
2019-06-19,1.74,2.37,-0.6300000000000001
2019-06-20,1.72,2.37,-0.6500000000000001
2019-06-21,1.77,2.38,-0.6099999999999999
2019-06-24,1.72,2.38,-0.6599999999999999
2019-06-25,1.71,2.38,-0.6699999999999999
2019-06-26,1.77,2.38,-0.6099999999999999
2019-06-27,1.74,2.38,-0.6399999999999999
2019-06-28,1.75,2.4,-0.6499999999999999
2019-07-01,1.78,2.39,-0.6100000000000001
2019-07-02,1.77,2.4,-0.6299999999999999
2019-07-03,1.77,2.41,-0.6400000000000001
2019-07-05,1.87,2.42,-0.5499999999999998
2019-07-08,1.88,2.41,-0.5300000000000002
2019-07-09,1.92,2.41,-0.4900000000000002
2019-07-10,1.82,2.41,-0.5900000000000001
2019-07-11,1.85,2.4,-0.5499999999999998
2019-07-12,1.84,2.38,-0.5399999999999998
2019-07-15,1.83,2.4,-0.5699999999999998
2019-07-16,1.87,2.41,-0.54
2019-07-17,1.83,2.41,-0.5800000000000001
2019-07-18,1.77,2.41,-0.6400000000000001
2019-07-19,1.8,2.41,-0.6100000000000001
2019-07-22,1.8,2.4,-0.5999999999999999
2019-07-23,1.83,2.4,-0.5699999999999998
2019-07-24,1.83,2.4,-0.5699999999999998
2019-07-25,1.86,2.4,-0.5399999999999998
2019-07-26,1.86,2.4,-0.5399999999999998
2019-07-29,1.85,2.4,-0.5499999999999998
2019-07-30,1.85,2.39,-0.54
2019-07-31,1.89,2.4,-0.51
2019-08-01,1.73,2.14,-0.41000000000000014
2019-08-02,1.72,2.14,-0.42000000000000015
2019-08-05,1.59,2.13,-0.5399999999999998
2019-08-06,1.6,2.13,-0.5299999999999998
2019-08-07,1.59,2.12,-0.53
2019-08-08,1.62,2.12,-0.5
2019-08-09,1.63,2.12,-0.4900000000000002
2019-08-12,1.58,2.12,-0.54
2019-08-13,1.66,2.12,-0.4600000000000002
2019-08-14,1.58,2.12,-0.54
2019-08-15,1.48,2.13,-0.6499999999999999
2019-08-16,1.48,2.13,-0.6499999999999999
2019-08-19,1.53,2.13,-0.5999999999999999
2019-08-20,1.5,2.13,-0.6299999999999999
2019-08-21,1.56,2.12,-0.56
2019-08-22,1.61,2.12,-0.51
2019-08-23,1.51,2.12,-0.6100000000000001
2019-08-26,1.54,2.12,-0.5800000000000001
2019-08-27,1.53,2.12,-0.5900000000000001
2019-08-28,1.5,2.12,-0.6200000000000001
2019-08-29,1.53,2.12,-0.5900000000000001
2019-08-30,1.5,2.13,-0.6299999999999999
2019-09-03,1.47,2.13,-0.6599999999999999
2019-09-04,1.43,2.13,-0.7
2019-09-05,1.55,2.13,-0.5799999999999998
2019-09-06,1.53,2.12,-0.5900000000000001
2019-09-09,1.58,2.13,-0.5499999999999998
2019-09-10,1.67,2.13,-0.45999999999999996
2019-09-11,1.68,2.13,-0.44999999999999996
2019-09-12,1.72,2.13,-0.4099999999999999
2019-09-13,1.79,2.14,-0.3500000000000001
2019-09-16,1.74,2.25,-0.51
2019-09-17,1.72,2.3,-0.5799999999999998
2019-09-18,1.77,2.25,-0.48
2019-09-19,1.74,1.9,-0.15999999999999992
2019-09-20,1.69,1.9,-0.20999999999999996
2019-09-23,1.68,1.9,-0.21999999999999997
2019-09-24,1.6,1.9,-0.2999999999999998
2019-09-25,1.68,1.9,-0.21999999999999997
2019-09-26,1.66,1.85,-0.19000000000000017
2019-09-27,1.63,1.83,-0.20000000000000018
2019-09-30,1.63,1.9,-0.27
2019-10-01,1.56,1.88,-0.31999999999999984
2019-10-02,1.48,1.85,-0.3700000000000001
2019-10-03,1.39,1.83,-0.44000000000000017
2019-10-04,1.4,1.82,-0.42000000000000015
2019-10-07,1.46,1.82,-0.3600000000000001
2019-10-08,1.42,1.82,-0.40000000000000013
2019-10-09,1.47,1.82,-0.3500000000000001
2019-10-10,1.53,1.82,-0.29000000000000004
2019-10-11,1.63,1.82,-0.19000000000000017
2019-10-15,1.61,1.9,-0.2899999999999998
2019-10-16,1.58,1.9,-0.31999999999999984
2019-10-17,1.6,1.85,-0.25
2019-10-18,1.58,1.85,-0.27
2019-10-21,1.62,1.85,-0.22999999999999998
2019-10-22,1.6,1.85,-0.25
2019-10-23,1.58,1.85,-0.27
2019-10-24,1.58,1.85,-0.27
2019-10-25,1.63,1.83,-0.20000000000000018
2019-10-28,1.64,1.83,-0.19000000000000017
2019-10-29,1.64,1.82,-0.18000000000000016
2019-10-30,1.61,1.82,-0.20999999999999996
2019-10-31,1.52,1.58,-0.06000000000000005
2019-11-01,1.56,1.57,-0.010000000000000009
2019-11-04,1.6,1.56,0.040000000000000036
2019-11-05,1.63,1.56,0.06999999999999984
2019-11-06,1.61,1.55,0.06000000000000005
2019-11-07,1.68,1.55,0.1299999999999999
2019-11-08,1.68,1.55,0.1299999999999999
2019-11-12,1.66,1.55,0.10999999999999988
2019-11-13,1.63,1.55,0.07999999999999985
2019-11-14,1.58,1.55,0.030000000000000027
2019-11-15,1.61,1.55,0.06000000000000005
2019-11-18,1.6,1.55,0.050000000000000044
2019-11-19,1.6,1.55,0.050000000000000044
2019-11-20,1.56,1.55,0.010000000000000009
2019-11-21,1.6,1.55,0.050000000000000044
2019-11-22,1.61,1.55,0.06000000000000005
2019-11-25,1.61,1.55,0.06000000000000005
2019-11-26,1.58,1.55,0.030000000000000027
2019-11-27,1.63,1.55,0.07999999999999985
2019-11-29,1.61,1.56,0.050000000000000044
2019-12-02,1.61,1.56,0.050000000000000044
2019-12-03,1.53,1.55,-0.020000000000000018
2019-12-04,1.58,1.55,0.030000000000000027
2019-12-05,1.58,1.55,0.030000000000000027
2019-12-06,1.61,1.55,0.06000000000000005
2019-12-09,1.63,1.55,0.07999999999999985
2019-12-10,1.65,1.55,0.09999999999999987
2019-12-11,1.61,1.55,0.06000000000000005
2019-12-12,1.66,1.55,0.10999999999999988
2019-12-13,1.61,1.55,0.06000000000000005
2019-12-16,1.65,1.56,0.08999999999999986
2019-12-17,1.63,1.55,0.07999999999999985
2019-12-18,1.63,1.55,0.07999999999999985
2019-12-19,1.62,1.55,0.07000000000000006
2019-12-20,1.63,1.55,0.07999999999999985
2019-12-23,1.64,1.55,0.08999999999999986
2019-12-24,1.62,1.55,0.07000000000000006
2019-12-26,1.64,1.55,0.08999999999999986
2019-12-27,1.59,1.55,0.040000000000000036
2019-12-30,1.58,1.55,0.030000000000000027
2019-12-31,1.58,1.55,0.030000000000000027
2020-01-02,1.58,1.55,0.030000000000000027
2020-01-03,1.53,1.55,-0.020000000000000018
2020-01-06,1.54,1.55,-0.010000000000000009
2020-01-07,1.54,1.55,-0.010000000000000009
2020-01-08,1.58,1.55,0.030000000000000027
2020-01-09,1.58,1.55,0.030000000000000027
2020-01-10,1.56,1.54,0.020000000000000018
2020-01-13,1.58,1.54,0.040000000000000036
2020-01-14,1.58,1.54,0.040000000000000036
2020-01-15,1.56,1.54,0.020000000000000018
2020-01-16,1.58,1.54,0.040000000000000036
2020-01-17,1.58,1.55,0.030000000000000027
2020-01-21,1.53,1.55,-0.020000000000000018
2020-01-22,1.53,1.55,-0.020000000000000018
2020-01-23,1.51,1.55,-0.040000000000000036
2020-01-24,1.49,1.55,-0.06000000000000005
2020-01-27,1.44,1.55,-0.1100000000000001
2020-01-28,1.45,1.55,-0.10000000000000009
2020-01-29,1.42,1.55,-0.13000000000000012
2020-01-30,1.41,1.6,-0.19000000000000017
2020-01-31,1.33,1.59,-0.26
2020-02-03,1.36,1.59,-0.22999999999999998
2020-02-04,1.41,1.59,-0.18000000000000016
2020-02-05,1.44,1.59,-0.15000000000000013
2020-02-06,1.44,1.59,-0.15000000000000013
2020-02-07,1.41,1.58,-0.17000000000000015
2020-02-10,1.37,1.58,-0.20999999999999996
2020-02-11,1.41,1.58,-0.17000000000000015
2020-02-12,1.44,1.58,-0.14000000000000012
2020-02-13,1.44,1.58,-0.14000000000000012
2020-02-14,1.42,1.58,-0.16000000000000014
2020-02-18,1.41,1.59,-0.18000000000000016
2020-02-19,1.42,1.59,-0.17000000000000015
2020-02-20,1.39,1.59,-0.20000000000000018
2020-02-21,1.34,1.58,-0.24
2020-02-24,1.26,1.58,-0.32000000000000006
2020-02-25,1.2,1.58,-0.3800000000000001
2020-02-26,1.16,1.58,-0.42000000000000015
2020-02-27,1.11,1.58,-0.47
2020-02-28,0.86,1.58,-0.7200000000000001
2020-03-02,0.84,1.59,-0.7500000000000001
2020-03-03,0.71,1.59,-0.8800000000000001
2020-03-04,0.67,1.09,-0.42000000000000004
2020-03-05,0.59,1.09,-0.5000000000000001
2020-03-06,0.49,1.09,-0.6000000000000001
2020-03-09,0.38,1.09,-0.7100000000000001
2020-03-10,0.5,1.09,-0.5900000000000001
2020-03-11,0.5,1.09,-0.5900000000000001
2020-03-12,0.5,1.1,-0.6000000000000001
2020-03-13,0.49,1.1,-0.6100000000000001
2020-03-16,0.36,0.25,0.10999999999999999
2020-03-17,0.47,0.25,0.21999999999999997
2020-03-18,0.54,0.25,0.29000000000000004
2020-03-19,0.44,0.2,0.24
2020-03-20,0.37,0.15,0.22
2020-03-23,0.28,0.15,0.13000000000000003
2020-03-24,0.38,0.12,0.26
2020-03-25,0.34,0.1,0.24000000000000002
2020-03-26,0.3,0.1,0.19999999999999998
2020-03-27,0.25,0.1,0.15
2020-03-30,0.23,0.09,0.14
2020-03-31,0.23,0.08,0.15000000000000002
2020-04-01,0.23,0.06,0.17
2020-04-02,0.23,0.05,0.18
2020-04-03,0.23,0.05,0.18
2020-04-06,0.27,0.05,0.22000000000000003
2020-04-07,0.28,0.05,0.23000000000000004
2020-04-08,0.27,0.05,0.22000000000000003
2020-04-09,0.23,0.05,0.18
2020-04-13,0.25,0.05,0.2
2020-04-14,0.23,0.05,0.18
2020-04-15,0.2,0.05,0.15000000000000002
2020-04-16,0.2,0.05,0.15000000000000002
2020-04-17,0.2,0.05,0.15000000000000002
2020-04-20,0.2,0.05,0.15000000000000002
2020-04-21,0.2,0.05,0.15000000000000002
2020-04-22,0.22,0.05,0.16999999999999998
2020-04-23,0.22,0.04,0.18
2020-04-24,0.22,0.05,0.16999999999999998
2020-04-27,0.24,0.04,0.19999999999999998
2020-04-28,0.2,0.04,0.16
2020-04-29,0.2,0.04,0.16
2020-04-30,0.2,0.05,0.15000000000000002
2020-05-01,0.2,0.05,0.15000000000000002
2020-05-04,0.19,0.05,0.14
2020-05-05,0.19,0.05,0.14
2020-05-06,0.17,0.05,0.12000000000000001
2020-05-07,0.13,0.05,0.08
2020-05-08,0.16,0.05,0.11
2020-05-11,0.17,0.05,0.12000000000000001
2020-05-12,0.17,0.05,0.12000000000000001
2020-05-13,0.16,0.05,0.11
2020-05-14,0.16,0.05,0.11
2020-05-15,0.16,0.05,0.11
2020-05-18,0.18,0.05,0.13
2020-05-19,0.17,0.05,0.12000000000000001
2020-05-20,0.16,0.05,0.11
2020-05-21,0.17,0.05,0.12000000000000001
2020-05-22,0.17,0.05,0.12000000000000001
2020-05-26,0.18,0.05,0.13
2020-05-27,0.19,0.05,0.14
2020-05-28,0.17,0.05,0.12000000000000001
2020-05-29,0.16,0.05,0.11
2020-06-01,0.14,0.05,0.09000000000000001
2020-06-02,0.17,0.06,0.11000000000000001
2020-06-03,0.19,0.06,0.13
2020-06-04,0.19,0.06,0.13
2020-06-05,0.22,0.07,0.15
2020-06-08,0.22,0.07,0.15
2020-06-09,0.2,0.07,0.13
2020-06-10,0.17,0.08,0.09000000000000001
2020-06-11,0.19,0.08,0.11
2020-06-12,0.19,0.08,0.11
2020-06-15,0.19,0.09,0.1
2020-06-16,0.21,0.09,0.12
2020-06-17,0.19,0.09,0.1
2020-06-18,0.19,0.09,0.1
2020-06-19,0.19,0.09,0.1
2020-06-22,0.19,0.08,0.11
2020-06-23,0.18,0.08,0.09999999999999999
2020-06-24,0.19,0.08,0.11
2020-06-25,0.17,0.08,0.09000000000000001
2020-06-26,0.17,0.08,0.09000000000000001
2020-06-29,0.16,0.08,0.08
2020-06-30,0.16,0.08,0.08
2020-07-01,0.17,0.08,0.09000000000000001
2020-07-02,0.16,0.09,0.07
2020-07-06,0.16,0.09,0.07
2020-07-07,0.16,0.09,0.07
2020-07-08,0.16,0.09,0.07
2020-07-09,0.16,0.09,0.07
2020-07-10,0.16,0.09,0.07
2020-07-13,0.16,0.09,0.07
2020-07-14,0.14,0.09,0.05000000000000002
2020-07-15,0.16,0.1,0.06
2020-07-16,0.16,0.1,0.06
2020-07-17,0.14,0.09,0.05000000000000002
2020-07-20,0.16,0.1,0.06
2020-07-21,0.14,0.1,0.04000000000000001
2020-07-22,0.14,0.09,0.05000000000000002
2020-07-23,0.16,0.09,0.07
2020-07-24,0.14,0.09,0.05000000000000002
2020-07-27,0.15,0.1,0.04999999999999999
2020-07-28,0.14,0.1,0.04000000000000001
2020-07-29,0.12,0.1,0.01999999999999999
2020-07-30,0.11,0.1,0.009999999999999995
2020-07-31,0.11,0.1,0.009999999999999995
2020-08-03,0.11,0.1,0.009999999999999995
2020-08-04,0.11,0.1,0.009999999999999995
2020-08-05,0.11,0.1,0.009999999999999995
2020-08-06,0.11,0.1,0.009999999999999995
2020-08-07,0.13,0.1,0.03
2020-08-10,0.14,0.1,0.04000000000000001
2020-08-11,0.16,0.1,0.06
2020-08-12,0.16,0.1,0.06
2020-08-13,0.16,0.1,0.06
2020-08-14,0.14,0.1,0.04000000000000001
2020-08-17,0.14,0.1,0.04000000000000001
2020-08-18,0.14,0.09,0.05000000000000002
2020-08-19,0.14,0.09,0.05000000000000002
2020-08-20,0.13,0.09,0.04000000000000001
2020-08-21,0.16,0.09,0.07
2020-08-24,0.14,0.09,0.05000000000000002
2020-08-25,0.15,0.09,0.06
2020-08-26,0.16,0.09,0.07
2020-08-27,0.16,0.08,0.08
2020-08-28,0.14,0.09,0.05000000000000002
2020-08-31,0.14,0.09,0.05000000000000002
2020-09-01,0.13,0.09,0.04000000000000001
2020-09-02,0.14,0.09,0.05000000000000002
2020-09-03,0.13,0.09,0.04000000000000001
2020-09-04,0.14,0.09,0.05000000000000002
2020-09-08,0.14,0.09,0.05000000000000002
2020-09-09,0.14,0.09,0.05000000000000002
2020-09-10,0.14,0.09,0.05000000000000002
2020-09-11,0.13,0.09,0.04000000000000001
2020-09-14,0.14,0.09,0.05000000000000002
2020-09-15,0.14,0.09,0.05000000000000002
2020-09-16,0.14,0.09,0.05000000000000002
2020-09-17,0.13,0.09,0.04000000000000001
2020-09-18,0.14,0.09,0.05000000000000002
2020-09-21,0.14,0.09,0.05000000000000002
2020-09-22,0.13,0.09,0.04000000000000001
2020-09-23,0.14,0.09,0.05000000000000002
2020-09-24,0.14,0.09,0.05000000000000002
2020-09-25,0.12,0.09,0.03
2020-09-28,0.14,0.09,0.05000000000000002
2020-09-29,0.11,0.09,0.020000000000000004
2020-09-30,0.13,0.09,0.04000000000000001
2020-10-01,0.14,0.09,0.05000000000000002
2020-10-02,0.13,0.09,0.04000000000000001
2020-10-05,0.14,0.09,0.05000000000000002
2020-10-06,0.14,0.09,0.05000000000000002
2020-10-07,0.16,0.09,0.07
2020-10-08,0.13,0.09,0.04000000000000001
2020-10-09,0.16,0.09,0.07
2020-10-13,0.16,0.09,0.07
2020-10-14,0.14,0.09,0.05000000000000002
2020-10-15,0.14,0.09,0.05000000000000002
2020-10-16,0.14,0.09,0.05000000000000002
2020-10-19,0.16,0.09,0.07
2020-10-20,0.14,0.09,0.05000000000000002
2020-10-21,0.14,0.09,0.05000000000000002
2020-10-22,0.16,0.09,0.07
2020-10-23,0.18,0.09,0.09
2020-10-26,0.16,0.09,0.07
2020-10-27,0.16,0.09,0.07
2020-10-28,0.16,0.09,0.07
2020-10-29,0.16,0.09,0.07
2020-10-30,0.14,0.09,0.05000000000000002
2020-11-02,0.16,0.09,0.07
2020-11-03,0.17,0.09,0.08000000000000002
2020-11-04,0.14,0.09,0.05000000000000002
2020-11-05,0.14,0.09,0.05000000000000002
2020-11-06,0.16,0.09,0.07
2020-11-09,0.17,0.09,0.08000000000000002
2020-11-10,0.19,0.09,0.1
2020-11-12,0.17,0.09,0.08000000000000002
2020-11-13,0.17,0.09,0.08000000000000002
2020-11-16,0.19,0.09,0.1
2020-11-17,0.18,0.09,0.09
2020-11-18,0.16,0.09,0.07
2020-11-19,0.18,0.08,0.09999999999999999
2020-11-20,0.16,0.08,0.08
2020-11-23,0.16,0.08,0.08
2020-11-24,0.16,0.08,0.08
2020-11-25,0.17,0.08,0.09000000000000001
2020-11-27,0.16,0.08,0.08
2020-11-30,0.16,0.09,0.07
2020-12-01,0.17,0.09,0.08000000000000002
2020-12-02,0.16,0.09,0.07
2020-12-03,0.16,0.09,0.07
2020-12-04,0.16,0.09,0.07
2020-12-07,0.14,0.09,0.05000000000000002
2020-12-08,0.14,0.09,0.05000000000000002
2020-12-09,0.16,0.09,0.07
2020-12-10,0.14,0.09,0.05000000000000002
2020-12-11,0.11,0.09,0.020000000000000004
2020-12-14,0.13,0.09,0.04000000000000001
2020-12-15,0.11,0.09,0.020000000000000004
2020-12-16,0.13,0.09,0.04000000000000001
2020-12-17,0.13,0.09,0.04000000000000001
2020-12-18,0.13,0.09,0.04000000000000001
2020-12-21,0.13,0.09,0.04000000000000001
2020-12-22,0.13,0.09,0.04000000000000001
2020-12-23,0.13,0.09,0.04000000000000001
2020-12-24,0.13,0.09,0.04000000000000001
2020-12-28,0.13,0.09,0.04000000000000001
2020-12-29,0.12,0.09,0.03
2020-12-30,0.12,0.09,0.03
2020-12-31,0.13,0.09,0.04000000000000001
2021-01-04,0.11,0.09,0.020000000000000004
2021-01-05,0.13,0.09,0.04000000000000001
2021-01-06,0.14,0.09,0.05000000000000002
2021-01-07,0.14,0.09,0.05000000000000002
2021-01-08,0.14,0.09,0.05000000000000002
2021-01-11,0.14,0.09,0.05000000000000002
2021-01-12,0.14,0.09,0.05000000000000002
2021-01-13,0.14,0.09,0.05000000000000002
2021-01-14,0.16,0.09,0.07
2021-01-15,0.13,0.09,0.04000000000000001
2021-01-19,0.14,0.09,0.05000000000000002
2021-01-20,0.13,0.09,0.04000000000000001
2021-01-21,0.13,0.08,0.05
2021-01-22,0.13,0.08,0.05
2021-01-25,0.13,0.08,0.05
2021-01-26,0.11,0.08,0.03
2021-01-27,0.12,0.08,0.039999999999999994
2021-01-28,0.12,0.07,0.04999999999999999
2021-01-29,0.11,0.07,0.039999999999999994
2021-02-01,0.11,0.08,0.03
2021-02-02,0.11,0.08,0.03
2021-02-03,0.11,0.08,0.03
2021-02-04,0.11,0.08,0.03
2021-02-05,0.09,0.08,0.009999999999999995
2021-02-08,0.11,0.07,0.039999999999999994
2021-02-09,0.11,0.08,0.03
2021-02-10,0.11,0.08,0.03
2021-02-11,0.11,0.08,0.03
2021-02-12,0.11,0.08,0.03
2021-02-16,0.13,0.08,0.05
2021-02-17,0.11,0.08,0.03
2021-02-18,0.11,0.07,0.039999999999999994
2021-02-19,0.11,0.07,0.039999999999999994
2021-02-22,0.11,0.07,0.039999999999999994
2021-02-23,0.11,0.07,0.039999999999999994
2021-02-24,0.12,0.07,0.04999999999999999
2021-02-25,0.17,0.07,0.1
2021-02-26,0.14,0.07,0.07
2021-03-01,0.13,0.07,0.06
2021-03-02,0.13,0.07,0.06
2021-03-03,0.14,0.07,0.07
2021-03-04,0.14,0.07,0.07
2021-03-05,0.14,0.07,0.07
2021-03-08,0.17,0.07,0.1
2021-03-09,0.17,0.07,0.1
2021-03-10,0.16,0.07,0.09
2021-03-11,0.14,0.07,0.07
2021-03-12,0.14,0.07,0.07
2021-03-15,0.14,0.07,0.07
2021-03-16,0.15,0.07,0.07999999999999999
2021-03-17,0.13,0.07,0.06
2021-03-18,0.16,0.07,0.09
2021-03-19,0.16,0.07,0.09
2021-03-22,0.15,0.07,0.07999999999999999
2021-03-23,0.15,0.07,0.07999999999999999
2021-03-24,0.14,0.07,0.07
2021-03-25,0.14,0.07,0.07
2021-03-26,0.14,0.07,0.07
2021-03-29,0.14,0.07,0.07
2021-03-30,0.16,0.07,0.09
2021-03-31,0.16,0.06,0.1
2021-04-01,0.17,0.07,0.1
2021-04-02,0.19,0.07,0.12
2021-04-05,0.17,0.07,0.1
2021-04-06,0.16,0.07,0.09
2021-04-07,0.16,0.07,0.09
2021-04-08,0.14,0.07,0.07
2021-04-09,0.16,0.07,0.09
2021-04-12,0.18,0.07,0.10999999999999999
2021-04-13,0.16,0.07,0.09
2021-04-14,0.16,0.07,0.09
2021-04-15,0.16,0.07,0.09
2021-04-16,0.16,0.07,0.09
2021-04-19,0.16,0.07,0.09
2021-04-20,0.15,0.07,0.07999999999999999
2021-04-21,0.15,0.07,0.07999999999999999
2021-04-22,0.16,0.07,0.09
2021-04-23,0.16,0.07,0.09
2021-04-26,0.18,0.07,0.10999999999999999
2021-04-27,0.17,0.07,0.1
2021-04-28,0.17,0.07,0.1
2021-04-29,0.16,0.06,0.1
2021-04-30,0.16,0.05,0.11
2021-05-03,0.16,0.06,0.1
2021-05-04,0.16,0.06,0.1
2021-05-05,0.16,0.06,0.1
2021-05-06,0.16,0.06,0.1
2021-05-07,0.14,0.06,0.08000000000000002
2021-05-10,0.16,0.06,0.1
2021-05-11,0.16,0.06,0.1
2021-05-12,0.16,0.06,0.1
2021-05-13,0.16,0.06,0.1
2021-05-14,0.16,0.06,0.1
2021-05-17,0.16,0.06,0.1
2021-05-18,0.16,0.06,0.1
2021-05-19,0.16,0.06,0.1
2021-05-20,0.15,0.06,0.09
2021-05-21,0.17,0.06,0.11000000000000001
2021-05-24,0.15,0.06,0.09
2021-05-25,0.15,0.06,0.09
2021-05-26,0.14,0.06,0.08000000000000002
2021-05-27,0.14,0.06,0.08000000000000002
2021-05-28,0.14,0.05,0.09000000000000001
2021-06-01,0.16,0.06,0.1
2021-06-02,0.13,0.06,0.07
2021-06-03,0.16,0.06,0.1
2021-06-04,0.14,0.06,0.08000000000000002
2021-06-07,0.16,0.06,0.1
2021-06-08,0.14,0.06,0.08000000000000002
2021-06-09,0.16,0.06,0.1
2021-06-10,0.14,0.06,0.08000000000000002
2021-06-11,0.16,0.06,0.1
2021-06-14,0.16,0.06,0.1
2021-06-15,0.16,0.06,0.1
2021-06-16,0.21,0.06,0.15
2021-06-17,0.23,0.1,0.13
2021-06-18,0.26,0.1,0.16
2021-06-21,0.27,0.1,0.17
2021-06-22,0.25,0.1,0.15
2021-06-23,0.26,0.1,0.16
2021-06-24,0.26,0.1,0.16
2021-06-25,0.28,0.1,0.18000000000000002
2021-06-28,0.25,0.1,0.15
2021-06-29,0.27,0.1,0.17
2021-06-30,0.25,0.08,0.16999999999999998
2021-07-01,0.25,0.1,0.15
2021-07-02,0.24,0.1,0.13999999999999999
2021-07-06,0.22,0.1,0.12
2021-07-07,0.22,0.1,0.12
2021-07-08,0.19,0.1,0.09
2021-07-09,0.23,0.1,0.13
2021-07-12,0.23,0.1,0.13
2021-07-13,0.26,0.1,0.16
2021-07-14,0.23,0.1,0.13
2021-07-15,0.23,0.1,0.13
2021-07-16,0.25,0.1,0.15
2021-07-19,0.21,0.1,0.10999999999999999
2021-07-20,0.2,0.1,0.1
2021-07-21,0.22,0.1,0.12
2021-07-22,0.2,0.1,0.1
2021-07-23,0.22,0.1,0.12
2021-07-26,0.22,0.1,0.12
2021-07-27,0.2,0.1,0.1
2021-07-28,0.2,0.1,0.1
2021-07-29,0.2,0.1,0.1
2021-07-30,0.19,0.07,0.12
2021-08-02,0.17,0.1,0.07
2021-08-03,0.17,0.1,0.07
2021-08-04,0.17,0.1,0.07
2021-08-05,0.21,0.1,0.10999999999999999
2021-08-06,0.21,0.1,0.10999999999999999
2021-08-09,0.23,0.1,0.13
2021-08-10,0.24,0.1,0.13999999999999999
2021-08-11,0.23,0.1,0.13
2021-08-12,0.23,0.1,0.13
2021-08-13,0.23,0.1,0.13
2021-08-16,0.21,0.1,0.10999999999999999
2021-08-17,0.23,0.1,0.13
2021-08-18,0.23,0.09,0.14
2021-08-19,0.22,0.09,0.13
2021-08-20,0.23,0.09,0.14
2021-08-23,0.23,0.09,0.14
2021-08-24,0.24,0.09,0.15
2021-08-25,0.23,0.09,0.14
2021-08-26,0.25,0.09,0.16
2021-08-27,0.22,0.08,0.14
2021-08-30,0.2,0.08,0.12000000000000001
2021-08-31,0.2,0.06,0.14
2021-09-01,0.2,0.08,0.12000000000000001
2021-09-02,0.2,0.08,0.12000000000000001
2021-09-03,0.21,0.08,0.13
2021-09-07,0.22,0.08,0.14
2021-09-08,0.22,0.08,0.14
2021-09-09,0.23,0.08,0.15000000000000002
2021-09-10,0.23,0.08,0.15000000000000002
2021-09-13,0.21,0.08,0.13
2021-09-14,0.21,0.08,0.13
2021-09-15,0.21,0.08,0.13
2021-09-16,0.23,0.08,0.15000000000000002
2021-09-17,0.23,0.08,0.15000000000000002
2021-09-20,0.23,0.08,0.15000000000000002
2021-09-21,0.22,0.08,0.14
2021-09-22,0.25,0.08,0.16999999999999998
2021-09-23,0.27,0.08,0.19
2021-09-24,0.29,0.08,0.20999999999999996
2021-09-27,0.31,0.08,0.22999999999999998
2021-09-28,0.31,0.08,0.22999999999999998
2021-09-29,0.3,0.08,0.21999999999999997
2021-09-30,0.28,0.06,0.22000000000000003
2021-10-01,0.27,0.08,0.19
2021-10-04,0.27,0.08,0.19
2021-10-05,0.28,0.08,0.2
2021-10-06,0.3,0.08,0.21999999999999997
2021-10-07,0.32,0.08,0.24
2021-10-08,0.32,0.08,0.24
2021-10-12,0.35,0.08,0.26999999999999996
2021-10-13,0.37,0.08,0.29
2021-10-14,0.36,0.08,0.27999999999999997
2021-10-15,0.41,0.08,0.32999999999999996
2021-10-18,0.44,0.08,0.36
2021-10-19,0.41,0.08,0.32999999999999996
2021-10-20,0.4,0.08,0.32
2021-10-21,0.45,0.08,0.37
2021-10-22,0.48,0.08,0.39999999999999997
2021-10-25,0.47,0.08,0.38999999999999996
2021-10-26,0.47,0.08,0.38999999999999996
2021-10-27,0.5,0.08,0.42
2021-10-28,0.5,0.08,0.42
2021-10-29,0.48,0.07,0.41
2021-11-01,0.5,0.08,0.42
2021-11-02,0.46,0.08,0.38
2021-11-03,0.47,0.08,0.38999999999999996
2021-11-04,0.41,0.08,0.32999999999999996
2021-11-05,0.39,0.08,0.31
2021-11-08,0.45,0.08,0.37
2021-11-09,0.41,0.08,0.32999999999999996
2021-11-10,0.51,0.08,0.43
2021-11-12,0.53,0.08,0.45
2021-11-15,0.53,0.08,0.45
2021-11-16,0.54,0.08,0.46
2021-11-17,0.52,0.08,0.44
2021-11-18,0.52,0.08,0.44
2021-11-19,0.52,0.08,0.44
2021-11-22,0.63,0.08,0.55
2021-11-23,0.6,0.08,0.52
2021-11-24,0.64,0.08,0.56
2021-11-26,0.5,0.08,0.42
2021-11-29,0.51,0.08,0.43
2021-11-30,0.52,0.07,0.45
2021-12-01,0.56,0.08,0.48000000000000004
2021-12-02,0.63,0.08,0.55
2021-12-03,0.6,0.08,0.52
2021-12-06,0.65,0.08,0.5700000000000001
2021-12-07,0.7,0.08,0.62
2021-12-08,0.68,0.08,0.6000000000000001
2021-12-09,0.7,0.08,0.62
2021-12-10,0.67,0.08,0.5900000000000001
2021-12-13,0.66,0.08,0.5800000000000001
2021-12-14,0.67,0.08,0.5900000000000001
2021-12-15,0.69,0.08,0.61
2021-12-16,0.64,0.08,0.56
2021-12-17,0.66,0.08,0.5800000000000001
2021-12-20,0.65,0.08,0.5700000000000001
2021-12-21,0.7,0.08,0.62
2021-12-22,0.68,0.08,0.6000000000000001
2021-12-23,0.71,0.08,0.63
2021-12-27,0.76,0.08,0.68
2021-12-28,0.74,0.08,0.66
2021-12-29,0.75,0.08,0.67
2021-12-30,0.73,0.08,0.65
2021-12-31,0.73,0.07,0.6599999999999999
2022-01-03,0.78,0.08,0.7000000000000001
2022-01-04,0.77,0.08,0.6900000000000001
2022-01-05,0.83,0.08,0.75
2022-01-06,0.88,0.08,0.8
2022-01-07,0.87,0.08,0.79
2022-01-10,0.92,0.08,0.8400000000000001
2022-01-11,0.9,0.08,0.8200000000000001
2022-01-12,0.92,0.08,0.8400000000000001
2022-01-13,0.91,0.08,0.8300000000000001
2022-01-14,0.99,0.08,0.91
2022-01-18,1.06,0.08,0.9800000000000001
2022-01-19,1.04,0.08,0.9600000000000001
2022-01-20,1.08,0.08,1.0
2022-01-21,1.01,0.08,0.93
2022-01-24,0.99,0.08,0.91
2022-01-25,1.02,0.08,0.9400000000000001
2022-01-26,1.13,0.08,1.0499999999999998
2022-01-27,1.18,0.08,1.0999999999999999
2022-01-28,1.15,0.08,1.0699999999999998
2022-01-31,1.18,0.08,1.0999999999999999
2022-02-01,1.18,0.08,1.0999999999999999
2022-02-02,1.16,0.08,1.0799999999999998
2022-02-03,1.19,0.08,1.1099999999999999
2022-02-04,1.31,0.08,1.23
2022-02-07,1.3,0.08,1.22
2022-02-08,1.35,0.08,1.27
2022-02-09,1.36,0.08,1.28
2022-02-10,1.61,0.08,1.53
2022-02-11,1.5,0.08,1.42
2022-02-14,1.58,0.08,1.5
2022-02-15,1.58,0.08,1.5
2022-02-16,1.52,0.08,1.44
2022-02-17,1.49,0.08,1.41
2022-02-18,1.47,0.08,1.39
2022-02-22,1.56,0.08,1.48
2022-02-23,1.58,0.08,1.5
2022-02-24,1.54,0.08,1.46
2022-02-25,1.55,0.08,1.47
2022-02-28,1.44,0.08,1.3599999999999999
2022-03-01,1.31,0.08,1.23
2022-03-02,1.5,0.08,1.42
2022-03-03,1.53,0.08,1.45
2022-03-04,1.5,0.08,1.42
2022-03-07,1.55,0.08,1.47
2022-03-08,1.63,0.08,1.5499999999999998
2022-03-09,1.68,0.08,1.5999999999999999
2022-03-10,1.72,0.08,1.64
2022-03-11,1.75,0.08,1.67
2022-03-14,1.87,0.08,1.79
2022-03-15,1.85,0.08,1.77
2022-03-16,1.95,0.08,1.8699999999999999
2022-03-17,1.94,0.33,1.6099999999999999
2022-03-18,1.97,0.33,1.64
2022-03-21,2.14,0.33,1.81
2022-03-22,2.18,0.33,1.85
2022-03-23,2.13,0.33,1.7999999999999998
2022-03-24,2.13,0.33,1.7999999999999998
2022-03-25,2.3,0.33,1.9699999999999998
2022-03-28,2.35,0.33,2.02
2022-03-29,2.35,0.33,2.02
2022-03-30,2.31,0.33,1.98
2022-03-31,2.28,0.33,1.9499999999999997
2022-04-01,2.44,0.33,2.11
2022-04-04,2.43,0.33,2.1
2022-04-05,2.51,0.33,2.1799999999999997
2022-04-06,2.5,0.33,2.17
2022-04-07,2.47,0.33,2.14
2022-04-08,2.53,0.33,2.1999999999999997
2022-04-11,2.5,0.33,2.17
2022-04-12,2.39,0.33,2.06
2022-04-13,2.37,0.33,2.04
2022-04-14,2.47,0.33,2.14
2022-04-18,2.46,0.33,2.13
2022-04-19,2.61,0.33,2.28
2022-04-20,2.6,0.33,2.27
2022-04-21,2.68,0.33,2.35
2022-04-22,2.72,0.33,2.39
2022-04-25,2.63,0.33,2.3
2022-04-26,2.54,0.33,2.21
2022-04-27,2.58,0.33,2.25
2022-04-28,2.63,0.33,2.3
2022-04-29,2.7,0.33,2.37
2022-05-02,2.73,0.33,2.4
2022-05-03,2.78,0.33,2.4499999999999997
2022-05-04,2.66,0.33,2.33
2022-05-05,2.71,0.83,1.88
2022-05-06,2.72,0.83,1.8900000000000001
2022-05-09,2.61,0.83,1.7799999999999998
2022-05-10,2.62,0.83,1.79
2022-05-11,2.66,0.83,1.83
2022-05-12,2.56,0.83,1.73
2022-05-13,2.61,0.83,1.7799999999999998
2022-05-16,2.58,0.83,1.75
2022-05-17,2.71,0.83,1.88
2022-05-18,2.68,0.83,1.85
2022-05-19,2.63,0.83,1.7999999999999998
2022-05-20,2.6,0.83,1.77
2022-05-23,2.65,0.83,1.8199999999999998
2022-05-24,2.5,0.83,1.67
2022-05-25,2.48,0.83,1.65
2022-05-26,2.46,0.83,1.63
2022-05-27,2.47,0.83,1.6400000000000001
2022-05-31,2.53,0.83,1.6999999999999997
2022-06-01,2.66,0.83,1.83
2022-06-02,2.65,0.83,1.8199999999999998
2022-06-03,2.66,0.83,1.83
2022-06-06,2.73,0.83,1.9
2022-06-07,2.75,0.83,1.92
2022-06-08,2.78,0.83,1.9499999999999997
2022-06-09,2.83,0.83,2.0
2022-06-10,3.06,0.83,2.23
2022-06-13,3.4,0.83,2.57
2022-06-14,3.45,0.83,2.62
2022-06-15,3.2,0.83,2.37
2022-06-16,3.14,1.58,1.56
2022-06-17,3.17,1.58,1.5899999999999999
2022-06-21,3.21,1.58,1.63
2022-06-22,3.06,1.58,1.48
2022-06-23,3.01,1.58,1.4299999999999997
2022-06-24,3.04,1.58,1.46
2022-06-27,3.08,1.58,1.5
2022-06-28,3.1,1.58,1.52
2022-06-29,3.06,1.58,1.48
2022-06-30,2.92,1.58,1.3399999999999999
2022-07-01,2.84,1.58,1.2599999999999998
2022-07-05,2.82,1.58,1.2399999999999998
2022-07-06,2.97,1.58,1.3900000000000001
2022-07-07,3.03,1.58,1.4499999999999997
2022-07-08,3.12,1.58,1.54
2022-07-11,3.07,1.58,1.4899999999999998
2022-07-12,3.03,1.58,1.4499999999999997
2022-07-13,3.13,1.58,1.5499999999999998
2022-07-14,3.15,1.58,1.5699999999999998
2022-07-15,3.13,1.58,1.5499999999999998
2022-07-18,3.15,1.58,1.5699999999999998
2022-07-19,3.23,1.58,1.65
2022-07-20,3.25,1.58,1.67
2022-07-21,3.1,1.58,1.52
2022-07-22,2.98,1.58,1.4
2022-07-25,3.0,1.58,1.42
2022-07-26,3.02,1.58,1.44
2022-07-27,2.96,1.58,1.38
2022-07-28,2.85,2.33,0.52
2022-07-29,2.89,2.32,0.5700000000000003
2022-08-01,2.9,2.33,0.5699999999999998
2022-08-02,3.06,2.33,0.73
2022-08-03,3.1,2.33,0.77
2022-08-04,3.03,2.33,0.6999999999999997
2022-08-05,3.24,2.33,0.9100000000000001
2022-08-08,3.21,2.33,0.8799999999999999
2022-08-09,3.28,2.33,0.9499999999999997
2022-08-10,3.23,2.33,0.8999999999999999
2022-08-11,3.23,2.33,0.8999999999999999
2022-08-12,3.25,2.33,0.9199999999999999
2022-08-15,3.2,2.33,0.8700000000000001
2022-08-16,3.25,2.33,0.9199999999999999
2022-08-17,3.28,2.33,0.9499999999999997
2022-08-18,3.22,2.33,0.8900000000000001
2022-08-19,3.25,2.33,0.9199999999999999
2022-08-22,3.32,2.33,0.9899999999999998
2022-08-23,3.29,2.33,0.96
2022-08-24,3.36,2.33,1.0299999999999998
2022-08-25,3.35,2.33,1.02
2022-08-26,3.37,2.33,1.04
2022-08-29,3.42,2.33,1.0899999999999999
2022-08-30,3.46,2.33,1.13
2022-08-31,3.45,2.33,1.12
2022-09-01,3.51,2.33,1.1799999999999997
2022-09-02,3.4,2.33,1.0699999999999998
2022-09-06,3.5,2.33,1.17
2022-09-07,3.45,2.33,1.12
2022-09-08,3.48,2.33,1.15
2022-09-09,3.56,2.33,1.23
2022-09-12,3.58,2.33,1.25
2022-09-13,3.75,2.33,1.42
2022-09-14,3.78,2.33,1.4499999999999997
2022-09-15,3.87,2.33,1.54
2022-09-16,3.85,2.33,1.52
2022-09-19,3.95,2.33,1.62
2022-09-20,3.96,2.33,1.63
2022-09-21,4.02,2.33,1.6899999999999995
2022-09-22,4.11,3.08,1.0300000000000002
2022-09-23,4.2,3.08,1.12
2022-09-26,4.27,3.08,1.1899999999999995
2022-09-27,4.3,3.08,1.2199999999999998
2022-09-28,4.07,3.08,0.9900000000000002
2022-09-29,4.16,3.08,1.08
2022-09-30,4.22,3.08,1.1399999999999997
2022-10-03,4.12,3.08,1.04
2022-10-04,4.1,3.08,1.0199999999999996
2022-10-05,4.15,3.08,1.0700000000000003
2022-10-06,4.23,3.08,1.1500000000000004
2022-10-07,4.3,3.08,1.2199999999999998
2022-10-11,4.3,3.08,1.2199999999999998
2022-10-12,4.28,3.08,1.2000000000000002
2022-10-13,4.47,3.08,1.3899999999999997
2022-10-14,4.48,3.08,1.4000000000000004
2022-10-17,4.45,3.08,1.37
2022-10-18,4.43,3.08,1.3499999999999996
2022-10-19,4.55,3.08,1.4699999999999998
2022-10-20,4.62,3.08,1.54
2022-10-21,4.49,3.08,1.4100000000000001
2022-10-24,4.5,3.08,1.42
2022-10-25,4.42,3.08,1.3399999999999999
2022-10-26,4.39,3.08,1.3099999999999996
2022-10-27,4.3,3.08,1.2199999999999998
2022-10-28,4.41,3.08,1.33
2022-10-31,4.51,3.08,1.4299999999999997
2022-11-01,4.54,3.08,1.46
2022-11-02,4.61,3.08,1.5300000000000002
2022-11-03,4.71,3.83,0.8799999999999999
2022-11-04,4.66,3.83,0.8300000000000001
2022-11-07,4.72,3.83,0.8899999999999997
2022-11-08,4.67,3.83,0.8399999999999999
2022-11-09,4.61,3.83,0.7800000000000002
2022-11-10,4.34,3.83,0.5099999999999998
2022-11-14,4.4,3.83,0.5700000000000003
2022-11-15,4.37,3.83,0.54
2022-11-16,4.35,3.83,0.5199999999999996
2022-11-17,4.43,3.83,0.5999999999999996
2022-11-18,4.51,3.83,0.6799999999999997
2022-11-21,4.48,3.83,0.6500000000000004
2022-11-22,4.47,3.83,0.6399999999999997
2022-11-23,4.46,3.83,0.6299999999999999
2022-11-25,4.42,3.83,0.5899999999999999
2022-11-28,4.46,3.83,0.6299999999999999
2022-11-29,4.48,3.83,0.6500000000000004
2022-11-30,4.38,3.83,0.5499999999999998
2022-12-01,4.25,3.83,0.41999999999999993
2022-12-02,4.28,3.83,0.4500000000000002
2022-12-05,4.41,3.83,0.5800000000000001
2022-12-06,4.34,3.83,0.5099999999999998
2022-12-07,4.26,3.83,0.4299999999999997
2022-12-08,4.31,3.83,0.47999999999999954
2022-12-09,4.33,3.83,0.5
2022-12-12,4.39,3.83,0.5599999999999996
2022-12-13,4.22,3.83,0.3899999999999997
2022-12-14,4.23,3.83,0.40000000000000036
2022-12-15,4.23,4.33,-0.09999999999999964
2022-12-16,4.17,4.33,-0.16000000000000014
2022-12-19,4.25,4.33,-0.08000000000000007
2022-12-20,4.25,4.33,-0.08000000000000007
2022-12-21,4.21,4.33,-0.1200000000000001
2022-12-22,4.24,4.33,-0.08999999999999986
2022-12-23,4.31,4.33,-0.020000000000000462
2022-12-27,4.32,4.33,-0.009999999999999787
2022-12-28,4.31,4.33,-0.020000000000000462
2022-12-29,4.34,4.33,0.009999999999999787
2022-12-30,4.41,4.33,0.08000000000000007
2023-01-03,4.4,4.33,0.07000000000000028
2023-01-04,4.36,4.33,0.03000000000000025
2023-01-05,4.45,4.33,0.1200000000000001
2023-01-06,4.24,4.33,-0.08999999999999986
2023-01-09,4.19,4.33,-0.13999999999999968
2023-01-10,4.24,4.33,-0.08999999999999986
2023-01-11,4.2,4.33,-0.1299999999999999
2023-01-12,4.12,4.33,-0.20999999999999996
2023-01-13,4.22,4.33,-0.11000000000000032
2023-01-17,4.18,4.33,-0.15000000000000036
2023-01-18,4.06,4.33,-0.27000000000000046
2023-01-19,4.09,4.33,-0.2400000000000002
2023-01-20,4.14,4.33,-0.1900000000000004
2023-01-23,4.21,4.33,-0.1200000000000001
2023-01-24,4.12,4.33,-0.20999999999999996
2023-01-25,4.11,4.33,-0.21999999999999975
2023-01-26,4.17,4.33,-0.16000000000000014
2023-01-27,4.19,4.33,-0.13999999999999968
2023-01-30,4.25,4.33,-0.08000000000000007
2023-01-31,4.21,4.33,-0.1200000000000001
2023-02-01,4.09,4.33,-0.2400000000000002
2023-02-02,4.09,4.58,-0.4900000000000002
2023-02-03,4.3,4.58,-0.28000000000000025
2023-02-06,4.44,4.58,-0.13999999999999968
2023-02-07,4.47,4.58,-0.11000000000000032
2023-02-08,4.45,4.58,-0.1299999999999999
2023-02-09,4.48,4.57,-0.08999999999999986
2023-02-10,4.5,4.58,-0.08000000000000007
2023-02-13,4.52,4.58,-0.0600000000000005
2023-02-14,4.6,4.58,0.019999999999999574
2023-02-15,4.62,4.58,0.040000000000000036
2023-02-16,4.62,4.58,0.040000000000000036
2023-02-17,4.6,4.58,0.019999999999999574
2023-02-21,4.67,4.58,0.08999999999999986
2023-02-22,4.66,4.58,0.08000000000000007
2023-02-23,4.66,4.58,0.08000000000000007
2023-02-24,4.78,4.58,0.20000000000000018
2023-02-27,4.78,4.57,0.20999999999999996
2023-02-28,4.81,4.57,0.23999999999999932
2023-03-01,4.89,4.58,0.3099999999999996
2023-03-02,4.89,4.57,0.3199999999999994
2023-03-03,4.86,4.57,0.29000000000000004
2023-03-06,4.89,4.57,0.3199999999999994
2023-03-07,5.0,4.57,0.4299999999999997
2023-03-08,5.05,4.57,0.47999999999999954
2023-03-09,4.9,4.57,0.33000000000000007
2023-03-10,4.6,4.57,0.02999999999999936
2023-03-13,4.03,4.58,-0.5499999999999998
2023-03-14,4.2,4.58,-0.3799999999999999
2023-03-15,3.93,4.58,-0.6499999999999999
2023-03-16,4.14,4.58,-0.4400000000000004
2023-03-17,3.81,4.58,-0.77
2023-03-20,3.92,4.58,-0.6600000000000001
2023-03-21,4.17,4.58,-0.41000000000000014
2023-03-22,3.96,4.58,-0.6200000000000001
2023-03-23,3.76,4.83,-1.0700000000000003
2023-03-24,3.76,4.83,-1.0700000000000003
2023-03-27,3.94,4.83,-0.8900000000000001
2023-03-28,4.02,4.83,-0.8100000000000005
2023-03-29,4.08,4.83,-0.75
2023-03-30,4.1,4.83,-0.7300000000000004
2023-03-31,4.06,4.83,-0.7700000000000005
2023-04-03,3.97,4.83,-0.8599999999999999
2023-04-04,3.84,4.83,-0.9900000000000002
2023-04-05,3.79,4.83,-1.04
2023-04-06,3.82,4.83,-1.0100000000000002
2023-04-07,3.97,4.83,-0.8599999999999999
2023-04-10,4.0,4.83,-0.8300000000000001
2023-04-11,4.03,4.83,-0.7999999999999998
2023-04-12,3.95,4.83,-0.8799999999999999
2023-04-13,3.96,4.83,-0.8700000000000001
2023-04-14,4.08,4.83,-0.75
2023-04-17,4.18,4.83,-0.6500000000000004
2023-04-18,4.19,4.83,-0.6399999999999997
2023-04-19,4.24,4.83,-0.5899999999999999
2023-04-20,4.14,4.83,-0.6900000000000004
2023-04-21,4.17,4.83,-0.6600000000000001
2023-04-24,4.12,4.83,-0.71
2023-04-25,3.86,4.83,-0.9700000000000002
2023-04-26,3.9,4.83,-0.9300000000000002
2023-04-27,4.07,4.83,-0.7599999999999998
2023-04-28,4.04,4.83,-0.79
2023-05-01,4.14,4.83,-0.6900000000000004
2023-05-02,3.97,4.83,-0.8599999999999999
2023-05-03,3.89,4.83,-0.94
2023-05-04,3.75,5.08,-1.33
2023-05-05,3.92,5.08,-1.1600000000000001
2023-05-08,4.0,5.08,-1.08
2023-05-09,4.01,5.08,-1.0700000000000003
2023-05-10,3.9,5.08,-1.1800000000000002
2023-05-11,3.89,5.08,-1.19
2023-05-12,3.98,5.08,-1.1
2023-05-15,3.99,5.08,-1.0899999999999999
2023-05-16,4.06,5.08,-1.0200000000000005
2023-05-17,4.12,5.08,-0.96
2023-05-18,4.24,5.08,-0.8399999999999999
2023-05-19,4.28,5.08,-0.7999999999999998
2023-05-22,4.29,5.08,-0.79
2023-05-23,4.26,5.08,-0.8200000000000003
2023-05-24,4.31,5.08,-0.7700000000000005
2023-05-25,4.5,5.08,-0.5800000000000001
2023-05-26,4.54,5.08,-0.54
2023-05-30,4.46,5.08,-0.6200000000000001
2023-05-31,4.4,5.08,-0.6799999999999997
2023-06-01,4.33,5.08,-0.75
2023-06-02,4.5,5.08,-0.5800000000000001
2023-06-05,4.46,5.08,-0.6200000000000001
2023-06-06,4.51,5.08,-0.5700000000000003
2023-06-07,4.56,5.08,-0.5200000000000005
2023-06-08,4.52,5.08,-0.5600000000000005
2023-06-09,4.59,5.08,-0.4900000000000002
2023-06-12,4.55,5.08,-0.5300000000000002
2023-06-13,4.67,5.08,-0.41000000000000014
2023-06-14,4.74,5.08,-0.33999999999999986
2023-06-15,4.62,5.07,-0.4500000000000002
2023-06-16,4.7,5.08,-0.3799999999999999
2023-06-20,4.68,5.07,-0.39000000000000057
2023-06-21,4.68,5.07,-0.39000000000000057
2023-06-22,4.77,5.07,-0.3000000000000007
2023-06-23,4.71,5.07,-0.3600000000000003
2023-06-26,4.65,5.07,-0.41999999999999993
2023-06-27,4.74,5.07,-0.33000000000000007
2023-06-28,4.71,5.07,-0.3600000000000003
2023-06-29,4.87,5.07,-0.20000000000000018
2023-06-30,4.87,5.08,-0.20999999999999996
2023-07-03,4.94,5.08,-0.13999999999999968
2023-07-05,4.94,5.08,-0.13999999999999968
2023-07-06,4.99,5.08,-0.08999999999999986
2023-07-07,4.94,5.08,-0.13999999999999968
2023-07-10,4.85,5.07,-0.22000000000000064
2023-07-11,4.88,5.08,-0.20000000000000018
2023-07-12,4.72,5.08,-0.3600000000000003
2023-07-13,4.59,5.08,-0.4900000000000002
2023-07-14,4.74,5.08,-0.33999999999999986
2023-07-17,4.74,5.08,-0.33999999999999986
2023-07-18,4.74,5.08,-0.33999999999999986
2023-07-19,4.74,5.08,-0.33999999999999986
2023-07-20,4.8,5.08,-0.28000000000000025
2023-07-21,4.82,5.08,-0.2599999999999998
2023-07-24,4.81,5.08,-0.27000000000000046
2023-07-25,4.85,5.08,-0.23000000000000043
2023-07-26,4.82,5.08,-0.2599999999999998
2023-07-27,4.91,5.33,-0.41999999999999993
2023-07-28,4.87,5.33,-0.45999999999999996
2023-07-31,4.88,5.33,-0.4500000000000002
2023-08-01,4.92,5.33,-0.41000000000000014
2023-08-02,4.88,5.33,-0.4500000000000002
2023-08-03,4.9,5.33,-0.4299999999999997
2023-08-04,4.78,5.33,-0.5499999999999998
2023-08-07,4.76,5.33,-0.5700000000000003
2023-08-08,4.74,5.33,-0.5899999999999999
2023-08-09,4.79,5.33,-0.54
2023-08-10,4.82,5.33,-0.5099999999999998
2023-08-11,4.89,5.33,-0.4400000000000004
2023-08-14,4.96,5.33,-0.3700000000000001
2023-08-15,4.92,5.33,-0.41000000000000014
2023-08-16,4.97,5.33,-0.3600000000000003
2023-08-17,4.94,5.33,-0.3899999999999997
2023-08-18,4.92,5.33,-0.41000000000000014
2023-08-21,4.97,5.33,-0.3600000000000003
2023-08-22,5.02,5.33,-0.3100000000000005
2023-08-23,4.95,5.33,-0.3799999999999999
2023-08-24,4.98,5.33,-0.34999999999999964
2023-08-25,5.03,5.33,-0.2999999999999998
2023-08-28,4.98,5.33,-0.34999999999999964
2023-08-29,4.87,5.33,-0.45999999999999996
2023-08-30,4.9,5.33,-0.4299999999999997
2023-08-31,4.85,5.33,-0.4800000000000004
2023-09-01,4.87,5.33,-0.45999999999999996
2023-09-05,4.94,5.33,-0.3899999999999997
2023-09-06,5.01,5.33,-0.3200000000000003
2023-09-07,4.94,5.33,-0.3899999999999997
2023-09-08,4.98,5.33,-0.34999999999999964
2023-09-11,4.97,5.33,-0.3600000000000003
2023-09-12,4.98,5.33,-0.34999999999999964
2023-09-13,4.96,5.33,-0.3700000000000001
2023-09-14,5.0,5.33,-0.33000000000000007
2023-09-15,5.02,5.33,-0.3100000000000005
2023-09-18,5.05,5.33,-0.28000000000000025
2023-09-19,5.08,5.33,-0.25
2023-09-20,5.12,5.33,-0.20999999999999996
2023-09-21,5.12,5.33,-0.20999999999999996
2023-09-22,5.1,5.33,-0.23000000000000043
2023-09-25,5.09,5.33,-0.2400000000000002
2023-09-26,5.04,5.33,-0.29000000000000004
2023-09-27,5.1,5.33,-0.23000000000000043
2023-09-28,5.04,5.33,-0.29000000000000004
2023-09-29,5.03,5.33,-0.2999999999999998
2023-10-02,5.12,5.33,-0.20999999999999996
2023-10-03,5.15,5.33,-0.17999999999999972
2023-10-04,5.05,5.33,-0.28000000000000025
2023-10-05,5.03,5.33,-0.2999999999999998
2023-10-06,5.08,5.33,-0.25
2023-10-10,4.96,5.33,-0.3700000000000001
2023-10-11,4.99,5.33,-0.33999999999999986
2023-10-12,5.06,5.33,-0.27000000000000046
2023-10-13,5.04,5.33,-0.29000000000000004
2023-10-16,5.09,5.33,-0.2400000000000002
2023-10-17,5.19,5.33,-0.13999999999999968
2023-10-18,5.19,5.33,-0.13999999999999968
2023-10-19,5.14,5.33,-0.1900000000000004
2023-10-20,5.07,5.33,-0.2599999999999998
2023-10-23,5.05,5.33,-0.28000000000000025
2023-10-24,5.02,5.33,-0.3100000000000005
2023-10-25,5.08,5.33,-0.25
2023-10-26,5.02,5.33,-0.3100000000000005
2023-10-27,4.99,5.33,-0.33999999999999986
2023-10-30,5.03,5.33,-0.2999999999999998
2023-10-31,5.07,5.33,-0.2599999999999998
2023-11-01,4.95,5.33,-0.3799999999999999
2023-11-02,4.98,5.33,-0.34999999999999964
2023-11-03,4.83,5.33,-0.5
2023-11-06,4.93,5.33,-0.40000000000000036
2023-11-07,4.91,5.33,-0.41999999999999993
2023-11-08,4.93,5.33,-0.40000000000000036
2023-11-09,5.03,5.33,-0.2999999999999998
2023-11-10,5.04,5.33,-0.29000000000000004
2023-11-13,5.02,5.33,-0.3100000000000005
2023-11-14,4.8,5.33,-0.5300000000000002
2023-11-15,4.9,5.33,-0.4299999999999997
2023-11-16,4.83,5.33,-0.5
2023-11-17,4.88,5.33,-0.4500000000000002
2023-11-20,4.89,5.33,-0.4400000000000004
2023-11-21,4.86,5.33,-0.46999999999999975
2023-11-22,4.89,5.33,-0.4400000000000004
2023-11-24,4.92,5.33,-0.41000000000000014
2023-11-27,4.84,5.33,-0.4900000000000002
2023-11-28,4.73,5.33,-0.5999999999999996
2023-11-29,4.64,5.33,-0.6900000000000004
2023-11-30,4.73,5.33,-0.5999999999999996
2023-12-01,4.56,5.33,-0.7700000000000005
2023-12-04,4.64,5.33,-0.6900000000000004
2023-12-05,4.57,5.33,-0.7599999999999998
2023-12-06,4.6,5.33,-0.7300000000000004
2023-12-07,4.58,5.33,-0.75
2023-12-08,4.71,5.33,-0.6200000000000001
2023-12-11,4.71,5.33,-0.6200000000000001
2023-12-12,4.73,5.33,-0.5999999999999996
2023-12-13,4.46,5.33,-0.8700000000000001
2023-12-14,4.37,5.33,-0.96
2023-12-15,4.44,5.33,-0.8899999999999997
2023-12-18,4.43,5.33,-0.9000000000000004
2023-12-19,4.41,5.33,-0.9199999999999999
2023-12-20,4.34,5.33,-0.9900000000000002
2023-12-21,4.33,5.33,-1.0
2023-12-22,4.31,5.33,-1.0200000000000005
2023-12-26,4.26,5.33,-1.0700000000000003
2023-12-27,4.2,5.33,-1.13
2023-12-28,4.26,5.33,-1.0700000000000003
2023-12-29,4.23,5.33,-1.0999999999999996
2024-01-02,4.33,5.33,-1.0
2024-01-03,4.33,5.33,-1.0
2024-01-04,4.38,5.33,-0.9500000000000002
2024-01-05,4.4,5.33,-0.9299999999999997
2024-01-08,4.36,5.33,-0.9699999999999998
2024-01-09,4.36,5.33,-0.9699999999999998
2024-01-10,4.37,5.33,-0.96
2024-01-11,4.26,5.33,-1.0700000000000003
2024-01-12,4.14,5.33,-1.1900000000000004
2024-01-16,4.22,5.33,-1.1100000000000003
2024-01-17,4.34,5.33,-0.9900000000000002
2024-01-18,4.34,5.33,-0.9900000000000002
2024-01-19,4.39,5.33,-0.9400000000000004
2024-01-22,4.37,5.33,-0.96
2024-01-23,4.31,5.33,-1.0200000000000005
2024-01-24,4.34,5.33,-0.9900000000000002
2024-01-25,4.28,5.33,-1.0499999999999998
2024-01-26,4.34,5.33,-0.9900000000000002
2024-01-29,4.29,5.33,-1.04
2024-01-30,4.36,5.33,-0.9699999999999998
2024-01-31,4.27,5.33,-1.0600000000000005
2024-02-01,4.2,5.33,-1.13
2024-02-02,4.36,5.33,-0.9699999999999998
2024-02-05,4.46,5.33,-0.8700000000000001
2024-02-06,4.39,5.33,-0.9400000000000004
2024-02-07,4.41,5.33,-0.9199999999999999
2024-02-08,4.46,5.33,-0.8700000000000001
2024-02-09,4.48,5.33,-0.8499999999999996
2024-02-12,4.46,5.33,-0.8700000000000001
2024-02-13,4.64,5.33,-0.6900000000000004
2024-02-14,4.56,5.33,-0.7700000000000005
2024-02-15,4.56,5.33,-0.7700000000000005
2024-02-16,4.64,5.33,-0.6900000000000004
2024-02-20,4.59,5.33,-0.7400000000000002
2024-02-21,4.64,5.33,-0.6900000000000004
2024-02-22,4.69,5.33,-0.6399999999999997
2024-02-23,4.67,5.33,-0.6600000000000001
2024-02-26,4.69,5.33,-0.6399999999999997
2024-02-27,4.7,5.33,-0.6299999999999999
2024-02-28,4.64,5.33,-0.6900000000000004
2024-02-29,4.64,5.33,-0.6900000000000004
2024-03-01,4.54,5.33,-0.79
2024-03-04,4.61,5.33,-0.7199999999999998
2024-03-05,4.54,5.33,-0.79
2024-03-06,4.55,5.33,-0.7800000000000002
2024-03-07,4.5,5.33,-0.8300000000000001
2024-03-08,4.48,5.33,-0.8499999999999996
2024-03-11,4.51,5.33,-0.8200000000000003
2024-03-12,4.58,5.33,-0.75
2024-03-13,4.61,5.33,-0.7199999999999998
2024-03-14,4.68,5.33,-0.6500000000000004
2024-03-15,4.72,5.33,-0.6100000000000003
2024-03-18,4.73,5.33,-0.5999999999999996
2024-03-19,4.68,5.33,-0.6500000000000004
2024-03-20,4.59,5.33,-0.7400000000000002
2024-03-21,4.62,5.33,-0.71
2024-03-22,4.59,5.33,-0.7400000000000002
2024-03-25,4.54,5.33,-0.79
2024-03-26,4.56,5.33,-0.7700000000000005
2024-03-27,4.54,5.33,-0.79
2024-03-28,4.59,5.33,-0.7400000000000002
2024-04-01,4.72,5.33,-0.6100000000000003
2024-04-02,4.7,5.33,-0.6299999999999999
2024-04-03,4.68,5.33,-0.6500000000000004
2024-04-04,4.65,5.33,-0.6799999999999997
2024-04-05,4.73,5.33,-0.5999999999999996
2024-04-08,4.78,5.33,-0.5499999999999998
2024-04-09,4.74,5.33,-0.5899999999999999
2024-04-10,4.97,5.33,-0.3600000000000003
2024-04-11,4.93,5.33,-0.40000000000000036
2024-04-12,4.88,5.33,-0.4500000000000002
2024-04-15,4.93,5.33,-0.40000000000000036
2024-04-16,4.97,5.33,-0.3600000000000003
2024-04-17,4.93,5.33,-0.40000000000000036
2024-04-18,4.98,5.33,-0.34999999999999964
2024-04-19,4.97,5.33,-0.3600000000000003
2024-04-22,4.97,5.33,-0.3600000000000003
2024-04-23,4.86,5.33,-0.46999999999999975
2024-04-24,4.89,5.33,-0.4400000000000004
2024-04-25,4.96,5.33,-0.3700000000000001
2024-04-26,4.96,5.33,-0.3700000000000001
2024-04-29,4.97,5.33,-0.3600000000000003
2024-04-30,5.04,5.33,-0.29000000000000004
2024-05-01,4.96,5.33,-0.3700000000000001
2024-05-02,4.87,5.33,-0.45999999999999996
2024-05-03,4.81,5.33,-0.5200000000000005
2024-05-06,4.82,5.33,-0.5099999999999998
2024-05-07,4.82,5.33,-0.5099999999999998
2024-05-08,4.84,5.33,-0.4900000000000002
2024-05-09,4.8,5.33,-0.5300000000000002
2024-05-10,4.87,5.33,-0.45999999999999996
2024-05-13,4.85,5.33,-0.4800000000000004
2024-05-14,4.81,5.33,-0.5200000000000005
2024-05-15,4.73,5.33,-0.5999999999999996
2024-05-16,4.78,5.33,-0.5499999999999998
2024-05-17,4.83,5.33,-0.5
2024-05-20,4.82,5.33,-0.5099999999999998
2024-05-21,4.82,5.33,-0.5099999999999998
2024-05-22,4.86,5.33,-0.46999999999999975
2024-05-23,4.91,5.33,-0.41999999999999993
2024-05-24,4.93,5.33,-0.40000000000000036
2024-05-28,4.94,5.33,-0.3899999999999997
2024-05-29,4.96,5.33,-0.3700000000000001
2024-05-30,4.92,5.33,-0.41000000000000014
2024-05-31,4.89,5.33,-0.4400000000000004
2024-06-03,4.82,5.33,-0.5099999999999998
2024-06-04,4.77,5.33,-0.5600000000000005
2024-06-05,4.72,5.33,-0.6100000000000003
2024-06-06,4.72,5.33,-0.6100000000000003
2024-06-07,4.87,5.33,-0.45999999999999996
2024-06-10,4.87,5.33,-0.45999999999999996
2024-06-11,4.81,5.33,-0.5200000000000005
2024-06-12,4.75,5.33,-0.5800000000000001
2024-06-13,4.68,5.33,-0.6500000000000004
2024-06-14,4.67,5.33,-0.6600000000000001
2024-06-17,4.75,5.33,-0.5800000000000001
2024-06-18,4.69,5.33,-0.6399999999999997
2024-06-20,4.7,5.33,-0.6299999999999999
2024-06-21,4.7,5.33,-0.6299999999999999
2024-06-24,4.71,5.33,-0.6200000000000001
2024-06-25,4.65,5.33,-0.6799999999999997
2024-06-26,4.71,5.33,-0.6200000000000001
2024-06-27,4.7,5.33,-0.6299999999999999
2024-06-28,4.71,5.33,-0.6200000000000001
2024-07-01,4.77,5.33,-0.5600000000000005
2024-07-02,4.74,5.33,-0.5899999999999999
2024-07-03,4.71,5.33,-0.6200000000000001
2024-07-05,4.6,5.33,-0.7300000000000004
2024-07-08,4.62,5.33,-0.71
2024-07-09,4.62,5.33,-0.71
2024-07-10,4.62,5.33,-0.71
2024-07-11,4.5,5.33,-0.8300000000000001
2024-07-12,4.45,5.33,-0.8799999999999999
2024-07-15,4.44,5.33,-0.8899999999999997
2024-07-16,4.43,5.33,-0.9000000000000004
2024-07-17,4.42,5.33,-0.9100000000000001
2024-07-18,4.46,5.33,-0.8700000000000001
2024-07-19,4.49,5.33,-0.8399999999999999
2024-07-22,4.5,5.33,-0.8300000000000001
2024-07-23,4.4,5.33,-0.9299999999999997
2024-07-24,4.37,5.33,-0.96
2024-07-25,4.41,5.33,-0.9199999999999999
2024-07-26,4.36,5.33,-0.9699999999999998
2024-07-29,4.36,5.33,-0.9699999999999998
2024-07-30,4.35,5.33,-0.9800000000000004
2024-07-31,4.29,5.33,-1.04
2024-08-01,4.16,5.33,-1.17
2024-08-02,3.88,5.33,-1.4500000000000002
2024-08-05,3.89,5.33,-1.44
2024-08-06,3.99,5.33,-1.3399999999999999
2024-08-07,4.0,5.33,-1.33
2024-08-08,4.04,5.33,-1.29
2024-08-09,4.05,5.33,-1.2800000000000002
2024-08-12,4.01,5.33,-1.3200000000000003
2024-08-13,3.93,5.33,-1.4
2024-08-14,3.94,5.33,-1.3900000000000001
2024-08-15,4.08,5.33,-1.25
2024-08-16,4.06,5.33,-1.2700000000000005
2024-08-19,4.06,5.33,-1.2700000000000005
2024-08-20,3.99,5.33,-1.3399999999999999
2024-08-21,3.92,5.33,-1.4100000000000001
2024-08-22,3.99,5.33,-1.3399999999999999
2024-08-23,3.9,5.33,-1.4300000000000002
2024-08-26,3.91,5.33,-1.42
2024-08-27,3.83,5.33,-1.5
2024-08-28,3.83,5.33,-1.5
2024-08-29,3.87,5.33,-1.46
2024-08-30,3.91,5.33,-1.42
2024-09-03,3.88,5.33,-1.4500000000000002
2024-09-04,3.76,5.33,-1.5700000000000003
2024-09-05,3.75,5.33,-1.58
2024-09-06,3.66,5.33,-1.67
2024-09-09,3.68,5.33,-1.65
2024-09-10,3.59,5.33,-1.7400000000000002
2024-09-11,3.62,5.33,-1.71
2024-09-12,3.64,5.33,-1.69
2024-09-13,3.57,5.33,-1.7600000000000002
2024-09-16,3.56,5.33,-1.77
2024-09-17,3.59,5.33,-1.7400000000000002
2024-09-18,3.61,5.33,-1.7200000000000002
2024-09-19,3.59,4.83,-1.2400000000000002
2024-09-20,3.55,4.83,-1.2800000000000002
2024-09-23,3.57,4.83,-1.2600000000000002
2024-09-24,3.49,4.83,-1.3399999999999999
2024-09-25,3.53,4.83,-1.3000000000000003
2024-09-26,3.6,4.83,-1.23
2024-09-27,3.55,4.83,-1.2800000000000002
2024-09-30,3.66,4.83,-1.17
2024-10-01,3.61,4.83,-1.2200000000000002
2024-10-02,3.63,4.83,-1.2000000000000002
2024-10-03,3.7,4.83,-1.13
2024-10-04,3.93,4.83,-0.8999999999999999
2024-10-07,3.99,4.83,-0.8399999999999999
2024-10-08,3.98,4.83,-0.8500000000000001
2024-10-09,3.99,4.83,-0.8399999999999999
2024-10-10,3.98,4.83,-0.8500000000000001
2024-10-11,3.95,4.83,-0.8799999999999999
2024-10-15,3.95,4.83,-0.8799999999999999
2024-10-16,3.93,4.83,-0.8999999999999999
2024-10-17,3.96,4.83,-0.8700000000000001
2024-10-18,3.95,4.83,-0.8799999999999999
2024-10-21,4.02,4.83,-0.8100000000000005
2024-10-22,4.03,4.83,-0.7999999999999998
2024-10-23,4.07,4.83,-0.7599999999999998
2024-10-24,4.07,4.83,-0.7599999999999998
2024-10-25,4.11,4.83,-0.7199999999999998
2024-10-28,4.12,4.83,-0.71
2024-10-29,4.11,4.83,-0.7199999999999998
2024-10-30,4.15,4.83,-0.6799999999999997
2024-10-31,4.16,4.83,-0.6699999999999999
2024-11-01,4.21,4.83,-0.6200000000000001
2024-11-04,4.17,4.83,-0.6600000000000001
2024-11-05,4.19,4.83,-0.6399999999999997
2024-11-06,4.27,4.83,-0.5600000000000005
2024-11-07,4.21,4.83,-0.6200000000000001
2024-11-08,4.26,4.58,-0.3200000000000003
2024-11-12,4.34,4.58,-0.2400000000000002
2024-11-13,4.27,4.58,-0.3100000000000005
2024-11-14,4.34,4.58,-0.2400000000000002
2024-11-15,4.31,4.58,-0.27000000000000046
2024-11-18,4.29,4.58,-0.29000000000000004
2024-11-19,4.27,4.58,-0.3100000000000005
2024-11-20,4.31,4.58,-0.27000000000000046
2024-11-21,4.34,4.58,-0.2400000000000002
2024-11-22,4.37,4.58,-0.20999999999999996
2024-11-25,4.21,4.58,-0.3700000000000001
2024-11-26,4.21,4.58,-0.3700000000000001
2024-11-27,4.19,4.58,-0.3899999999999997
2024-11-29,4.13,4.58,-0.4500000000000002
2024-12-02,4.17,4.58,-0.41000000000000014
2024-12-03,4.17,4.58,-0.41000000000000014
2024-12-04,4.13,4.58,-0.4500000000000002
2024-12-05,4.15,4.58,-0.4299999999999997
2024-12-06,4.1,4.58,-0.4800000000000004
2024-12-09,4.13,4.58,-0.4500000000000002
2024-12-10,4.15,4.58,-0.4299999999999997
2024-12-11,4.15,4.58,-0.4299999999999997
2024-12-12,4.18,4.58,-0.40000000000000036
2024-12-13,4.25,4.58,-0.33000000000000007
2024-12-16,4.25,4.58,-0.33000000000000007
2024-12-17,4.25,4.58,-0.33000000000000007
2024-12-18,4.35,4.58,-0.23000000000000043
2024-12-19,4.32,4.33,-0.009999999999999787
2024-12-20,4.3,4.33,-0.03000000000000025
2024-12-23,4.3,4.33,-0.03000000000000025
2024-12-24,4.29,4.33,-0.040000000000000036
2024-12-26,4.3,4.33,-0.03000000000000025
2024-12-27,4.31,4.33,-0.020000000000000462
2024-12-30,4.24,4.33,-0.08999999999999986
2024-12-31,4.25,4.33,-0.08000000000000007
2025-01-02,4.25,4.33,-0.08000000000000007
2025-01-03,4.28,4.33,-0.04999999999999982
2025-01-06,4.28,4.33,-0.04999999999999982
2025-01-07,4.3,4.33,-0.03000000000000025
2025-01-08,4.28,4.33,-0.04999999999999982
2025-01-09,4.27,4.33,-0.0600000000000005
2025-01-10,4.4,4.33,0.07000000000000028
2025-01-13,4.4,4.33,0.07000000000000028
2025-01-14,4.37,4.33,0.040000000000000036
2025-01-15,4.27,4.33,-0.0600000000000005
2025-01-16,4.23,4.33,-0.09999999999999964
2025-01-17,4.27,4.33,-0.0600000000000005
2025-01-21,4.29,4.33,-0.040000000000000036
2025-01-22,4.29,4.33,-0.040000000000000036
2025-01-23,4.29,4.33,-0.040000000000000036
2025-01-24,4.27,4.33,-0.0600000000000005
2025-01-27,4.17,4.33,-0.16000000000000014
2025-01-28,4.19,4.33,-0.13999999999999968
2025-01-29,4.21,4.33,-0.1200000000000001
2025-01-30,4.18,4.33,-0.15000000000000036
2025-01-31,4.22,4.33,-0.11000000000000032
2025-02-03,4.26,4.33,-0.07000000000000028
2025-02-04,4.21,4.33,-0.1200000000000001
2025-02-05,4.17,4.33,-0.16000000000000014
2025-02-06,4.21,4.33,-0.1200000000000001
2025-02-07,4.29,4.33,-0.040000000000000036
2025-02-10,4.28,4.33,-0.04999999999999982
2025-02-11,4.29,4.33,-0.040000000000000036
2025-02-12,4.36,4.33,0.03000000000000025
2025-02-13,4.31,4.33,-0.020000000000000462
2025-02-14,4.26,4.33,-0.07000000000000028
2025-02-18,4.29,4.33,-0.040000000000000036
2025-02-19,4.28,4.33,-0.04999999999999982
2025-02-20,4.28,4.33,-0.04999999999999982
2025-02-21,4.19,4.33,-0.13999999999999968
2025-02-24,4.13,4.33,-0.20000000000000018
2025-02-25,4.07,4.33,-0.2599999999999998
2025-02-26,4.05,4.33,-0.28000000000000025
2025-02-27,4.07,4.33,-0.2599999999999998
2025-02-28,3.99,4.33,-0.33999999999999986
2025-03-03,3.96,4.33,-0.3700000000000001
2025-03-04,3.96,4.33,-0.3700000000000001
2025-03-05,3.99,4.33,-0.33999999999999986
2025-03-06,3.96,4.33,-0.3700000000000001
2025-03-07,3.99,4.33,-0.33999999999999986
2025-03-10,3.89,4.33,-0.43999999999999995
2025-03-11,3.94,4.33,-0.3900000000000001
2025-03-12,4.01,4.33,-0.3200000000000003
2025-03-13,3.94,4.33,-0.3900000000000001
2025-03-14,4.02,4.33,-0.3100000000000005
2025-03-17,4.06,4.33,-0.27000000000000046
2025-03-18,4.04,4.33,-0.29000000000000004
2025-03-19,3.99,4.33,-0.33999999999999986
2025-03-20,3.95,4.33,-0.3799999999999999
2025-03-21,3.94,4.33,-0.3900000000000001
2025-03-24,4.04,4.33,-0.29000000000000004
2025-03-25,3.96,4.33,-0.3700000000000001
2025-03-26,3.98,4.33,-0.3500000000000001
2025-03-27,3.97,4.33,-0.3599999999999999
2025-03-28,3.89,4.33,-0.43999999999999995
2025-03-31,3.89,4.33,-0.43999999999999995
2025-04-01,3.87,4.33,-0.45999999999999996
2025-04-02,3.91,4.33,-0.41999999999999993
2025-04-03,3.71,4.33,-0.6200000000000001
2025-04-04,3.68,4.33,-0.6499999999999999
2025-04-07,3.73,4.33,-0.6000000000000001
2025-04-08,3.71,4.33,-0.6200000000000001
2025-04-09,3.91,4.33,-0.41999999999999993
2025-04-10,3.84,4.33,-0.4900000000000002
2025-04-11,3.96,4.33,-0.3700000000000001
2025-04-14,3.84,4.33,-0.4900000000000002
2025-04-15,3.84,4.33,-0.4900000000000002
2025-04-16,3.77,4.33,-0.56
2025-04-17,3.81,4.33,-0.52
2025-04-21,3.75,4.33,-0.5800000000000001
2025-04-22,3.76,4.33,-0.5700000000000003
2025-04-23,3.81,4.33,-0.52
2025-04-24,3.77,4.33,-0.56
2025-04-25,3.74,4.33,-0.5899999999999999
2025-04-28,3.67,4.33,-0.6600000000000001
2025-04-29,3.65,4.33,-0.6800000000000002
2025-04-30,3.6,4.33,-0.73
2025-05-01,3.7,4.33,-0.6299999999999999
2025-05-02,3.83,4.33,-0.5
2025-05-05,3.83,4.33,-0.5
2025-05-06,3.78,4.33,-0.5500000000000003
2025-05-07,3.78,4.33,-0.5500000000000003
2025-05-08,3.9,4.33,-0.43000000000000016
2025-05-09,3.88,4.33,-0.4500000000000002
2025-05-12,3.98,4.33,-0.3500000000000001
2025-05-13,4.02,4.33,-0.3100000000000005
2025-05-14,4.05,4.33,-0.28000000000000025
2025-05-15,3.96,4.33,-0.3700000000000001
2025-05-16,3.98,4.33,-0.3500000000000001
2025-05-19,3.97,4.33,-0.3599999999999999
2025-05-20,3.97,4.33,-0.3599999999999999
2025-05-21,4.0,4.33,-0.33000000000000007
2025-05-22,4.0,4.33,-0.33000000000000007
2025-05-23,4.0,4.33,-0.33000000000000007
2025-05-27,3.92,4.33,-0.41000000000000014
2025-05-28,3.96,4.33,-0.3700000000000001
2025-05-29,3.92,4.33,-0.41000000000000014
2025-05-30,3.89,4.33,-0.43999999999999995
2025-06-02,3.94,4.33,-0.3900000000000001
2025-06-03,3.96,4.33,-0.3700000000000001
2025-06-04,3.87,4.33,-0.45999999999999996
2025-06-05,3.92,4.33,-0.41000000000000014
2025-06-06,4.04,4.33,-0.29000000000000004
2025-06-09,4.01,4.33,-0.3200000000000003
2025-06-10,4.01,4.33,-0.3200000000000003
2025-06-11,3.94,4.33,-0.3900000000000001
2025-06-12,3.9,4.33,-0.43000000000000016
2025-06-13,3.96,4.33,-0.3700000000000001
2025-06-16,3.97,4.33,-0.3599999999999999
2025-06-17,3.94,4.33,-0.3900000000000001
2025-06-18,3.94,4.33,-0.3900000000000001
2025-06-20,3.9,4.33,-0.43000000000000016
2025-06-23,3.84,4.33,-0.4900000000000002
2025-06-24,3.75,4.33,-0.5800000000000001
2025-06-25,3.74,4.33,-0.5899999999999999
2025-06-26,3.7,4.33,-0.6299999999999999
2025-06-27,3.73,4.33,-0.6000000000000001
2025-06-30,3.72,4.33,-0.6099999999999999
2025-07-01,3.78,4.33,-0.5500000000000003
2025-07-02,3.78,4.33,-0.5500000000000003
2025-07-03,3.88,4.33,-0.4500000000000002
2025-07-07,3.9,4.33,-0.43000000000000016
2025-07-08,3.9,4.33,-0.43000000000000016
2025-07-09,3.86,4.33,-0.4700000000000002
2025-07-10,3.86,4.33,-0.4700000000000002
2025-07-11,3.9,4.33,-0.43000000000000016
2025-07-14,3.9,4.33,-0.43000000000000016
2025-07-15,3.95,4.33,-0.3799999999999999
2025-07-16,3.88,4.33,-0.4500000000000002
2025-07-17,3.91,4.33,-0.41999999999999993
2025-07-18,3.88,4.33,-0.4500000000000002
2025-07-21,3.85,4.33,-0.48
2025-07-22,3.83,4.33,-0.5
2025-07-23,3.88,4.33,-0.4500000000000002
2025-07-24,3.91,4.33,-0.41999999999999993
2025-07-25,3.91,4.33,-0.41999999999999993
2025-07-28,3.91,4.33,-0.41999999999999993
2025-07-29,3.86,4.33,-0.4700000000000002
2025-07-30,3.94,4.33,-0.3900000000000001
2025-07-31,3.94,4.33,-0.3900000000000001
2025-08-01,3.69,4.33,-0.6400000000000001
2025-08-04,3.69,4.33,-0.6400000000000001
2025-08-05,3.72,4.33,-0.6099999999999999
2025-08-06,3.69,4.33,-0.6400000000000001
2025-08-07,3.72,4.33,-0.6099999999999999
2025-08-08,3.76,4.33,-0.5700000000000003
2025-08-11,3.76,4.33,-0.5700000000000003
2025-08-12,3.72,4.33,-0.6099999999999999
2025-08-13,3.67,4.33,-0.6600000000000001
2025-08-14,3.74,4.33,-0.5899999999999999
2025-08-15,3.75,4.33,-0.5800000000000001
2025-08-18,3.77,4.33,-0.56
2025-08-19,3.75,4.33,-0.5800000000000001
2025-08-20,3.74,4.33,-0.5899999999999999
2025-08-21,3.79,4.33,-0.54
2025-08-22,3.68,4.33,-0.6499999999999999
2025-08-25,3.73,4.33,-0.6000000000000001
2025-08-26,3.61,4.33,-0.7200000000000002
2025-08-27,3.59,4.33,-0.7400000000000002
2025-08-28,3.62,4.33,-0.71
2025-08-29,3.59,4.33,-0.7400000000000002
2025-09-02,3.66,4.33,-0.6699999999999999
2025-09-03,3.61,4.33,-0.7200000000000002
2025-09-04,3.59,4.33,-0.7400000000000002
2025-09-05,3.51,4.33,-0.8200000000000003
2025-09-08,3.49,4.33,-0.8399999999999999
2025-09-09,3.54,4.33,-0.79
2025-09-10,3.54,4.33,-0.79
2025-09-11,3.52,4.33,-0.81
2025-09-12,3.56,4.33,-0.77
2025-09-15,3.54,4.33,-0.79
2025-09-16,3.51,4.33,-0.8200000000000003
2025-09-17,3.52,4.33,-0.81
2025-09-18,3.57,4.08,-0.5100000000000002
2025-09-19,3.57,4.08,-0.5100000000000002
2025-09-22,3.61,4.09,-0.48
2025-09-23,3.53,4.09,-0.56
2025-09-24,3.57,4.09,-0.52
2025-09-25,3.64,4.09,-0.44999999999999973
2025-09-26,3.63,4.09,-0.45999999999999996
2025-09-29,3.63,4.09,-0.45999999999999996
2025-09-30,3.6,4.09,-0.48999999999999977
2025-10-01,3.55,4.09,-0.54
2025-10-02,3.55,4.09,-0.54
2025-10-03,3.58,4.09,-0.5099999999999998
2025-10-06,3.6,4.09,-0.48999999999999977
2025-10-07,3.57,4.09,-0.52
2025-10-08,3.58,4.1,-0.5199999999999996
2025-10-09,3.6,4.1,-0.49999999999999956
2025-10-10,3.52,4.1,-0.5799999999999996
2025-10-14,3.48,4.1,-0.6199999999999997
2025-10-15,3.5,4.1,-0.5999999999999996
2025-10-16,3.41,4.11,-0.7000000000000002
2025-10-17,3.46,4.11,-0.6500000000000004
2025-10-20,3.46,4.11,-0.6500000000000004
2025-10-21,3.45,4.11,-0.6600000000000001
2025-10-22,3.45,4.11,-0.6600000000000001
2025-10-23,3.48,4.11,-0.6300000000000003
2025-10-24,3.48,4.11,-0.6300000000000003
2025-10-27,3.48,4.12,-0.6400000000000001
2025-10-28,3.47,4.12,-0.6499999999999999
2025-10-29,3.59,4.12,-0.5300000000000002
2025-10-30,3.61,3.87,-0.26000000000000023
2025-10-31,3.6,3.86,-0.2599999999999998
2025-11-03,3.6,3.87,-0.27
2025-11-04,3.58,3.87,-0.29000000000000004
2025-11-05,3.63,3.87,-0.2400000000000002
2025-11-06,3.57,3.87,-0.30000000000000027
2025-11-07,3.55,3.87,-0.3200000000000003
2025-11-10,3.58,3.87,-0.29000000000000004
2025-11-12,3.56,3.87,-0.31000000000000005
2025-11-13,3.58,3.88,-0.2999999999999998
2025-11-14,3.62,3.88,-0.2599999999999998
2025-11-17,3.6,3.88,-0.2799999999999998
2025-11-18,3.58,3.88,-0.2999999999999998
2025-11-19,3.58,3.88,-0.2999999999999998
2025-11-20,3.55,3.88,-0.33000000000000007
2025-11-21,3.51,3.88,-0.3700000000000001
2025-11-24,3.46,3.88,-0.41999999999999993
2025-11-25,3.43,3.88,-0.44999999999999973
2025-11-26,3.45,3.88,-0.4299999999999997
2025-11-28,3.47,3.89,-0.41999999999999993
2025-12-01,3.54,3.89,-0.3500000000000001
2025-12-02,3.51,3.89,-0.38000000000000034
2025-12-03,3.49,3.89,-0.3999999999999999
2025-12-04,3.52,3.89,-0.3700000000000001
2025-12-05,3.56,3.89,-0.33000000000000007
2025-12-08,3.57,3.89,-0.3200000000000003
2025-12-09,3.61,3.89,-0.28000000000000025
2025-12-10,3.54,3.89,-0.3500000000000001
2025-12-11,3.52,3.64,-0.1200000000000001
2025-12-12,3.52,3.64,-0.1200000000000001
2025-12-15,3.51,3.64,-0.13000000000000034
2025-12-16,3.48,3.64,-0.16000000000000014
2025-12-17,3.49,3.64,-0.1499999999999999
2025-12-18,3.46,3.64,-0.18000000000000016
2025-12-19,3.48,3.64,-0.16000000000000014
2025-12-22,3.44,3.64,-0.20000000000000018
2025-12-23,3.48,3.64,-0.16000000000000014
2025-12-24,3.47,3.64,-0.16999999999999993
2025-12-26,3.46,3.64,-0.18000000000000016
2025-12-29,3.45,3.64,-0.18999999999999995
2025-12-30,3.45,3.64,-0.18999999999999995
2025-12-31,3.47,3.64,-0.16999999999999993
2026-01-02,3.47,3.64,-0.16999999999999993
2026-01-05,3.46,3.64,-0.18000000000000016
2026-01-06,3.47,3.64,-0.16999999999999993
2026-01-07,3.47,3.64,-0.16999999999999993
2026-01-08,3.49,3.64,-0.1499999999999999
2026-01-09,3.54,3.64,-0.10000000000000009
2026-01-12,3.54,3.64,-0.10000000000000009
2026-01-13,3.53,3.64,-0.11000000000000032
2026-01-14,3.51,3.64,-0.13000000000000034
2026-01-15,3.56,3.64,-0.08000000000000007
2026-01-16,3.59,3.64,-0.050000000000000266
2026-01-20,3.6,3.64,-0.040000000000000036
2026-01-21,3.6,3.64,-0.040000000000000036
2026-01-22,3.61,3.64,-0.03000000000000025
2026-01-23,3.6,3.64,-0.040000000000000036
2026-01-26,3.56,3.64,-0.08000000000000007
2026-01-27,3.53,3.64,-0.11000000000000032
2026-01-28,3.56,3.64,-0.08000000000000007
2026-01-29,3.53,3.64,-0.11000000000000032
2026-01-30,3.52,3.64,-0.1200000000000001
2026-02-02,3.57,3.64,-0.07000000000000028
2026-02-03,3.57,3.64,-0.07000000000000028
2026-02-04,3.57,3.64,-0.07000000000000028
2026-02-05,3.47,3.64,-0.16999999999999993
2026-02-06,3.5,3.64,-0.14000000000000012
2026-02-09,3.48,3.64,-0.16000000000000014
2026-02-10,3.45,3.64,-0.18999999999999995
2026-02-11,3.52,3.64,-0.1200000000000001
2026-02-12,3.47,3.64,-0.16999999999999993
2026-02-13,3.4,3.64,-0.2400000000000002
2026-02-17,3.43,3.64,-0.20999999999999996
2026-02-18,3.47,3.64,-0.16999999999999993
2026-02-19,3.47,3.64,-0.16999999999999993
2026-02-20,3.48,3.64,-0.16000000000000014
2026-02-23,3.43,3.64,-0.20999999999999996
2026-02-24,3.43,3.64,-0.20999999999999996
2026-02-25,3.45,3.64,-0.18999999999999995
2026-02-26,3.42,3.64,-0.2200000000000002
2026-02-27,3.38,3.64,-0.26000000000000023
2026-03-02,3.47,3.64,-0.16999999999999993
2026-03-03,3.51,3.64,-0.13000000000000034
2026-03-04,3.54,3.64,-0.10000000000000009
2026-03-05,3.57,3.64,-0.07000000000000028
2026-03-06,3.56,3.64,-0.08000000000000007
2026-03-09,3.56,3.64,-0.08000000000000007
2026-03-10,3.57,3.64,-0.07000000000000028
2026-03-11,3.64,3.64,0.0
2026-03-12,3.76,3.64,0.11999999999999966
2026-03-13,3.73,3.64,0.08999999999999986
2026-03-16,3.68,3.64,0.040000000000000036
2026-03-17,3.68,3.64,0.040000000000000036
2026-03-18,3.76,3.64,0.11999999999999966
2026-03-19,3.79,3.64,0.1499999999999999
2026-03-20,3.88,3.64,0.23999999999999977
2026-03-23,3.83,3.64,0.18999999999999995
2026-03-24,3.9,3.64,0.2599999999999998
2026-03-25,3.84,3.64,0.19999999999999973
2026-03-26,3.96,3.64,0.31999999999999984
2026-03-27,3.88,3.64,0.23999999999999977
2026-03-30,3.82,3.64,0.17999999999999972
2026-03-31,3.79,3.64,0.1499999999999999
2026-04-01,3.81,3.64,0.16999999999999993
2026-04-02,3.79,3.64,0.1499999999999999
2026-04-03,3.84,3.64,0.19999999999999973
2026-04-06,3.84,3.64,0.19999999999999973
2026-04-07,3.81,3.64,0.16999999999999993
2026-04-08,3.79,3.64,0.1499999999999999
2026-04-09,3.78,3.64,0.13999999999999968
2026-04-10,3.81,3.64,0.16999999999999993
2026-04-13,3.78,3.64,0.13999999999999968
2026-04-14,3.76,3.64,0.11999999999999966
2026-04-15,3.76,3.64,0.11999999999999966
2026-04-16,3.78,3.64,0.13999999999999968
2026-04-17,3.71,3.64,0.06999999999999984
2026-04-20,3.72,3.64,0.08000000000000007
2026-04-21,3.78,3.64,0.13999999999999968
2026-04-22,3.79,3.64,0.1499999999999999
2026-04-23,3.83,3.64,0.18999999999999995
2026-04-24,3.78,3.64,0.13999999999999968
2026-04-27,3.78,3.64,0.13999999999999968
2026-04-28,3.84,3.64,0.19999999999999973
2026-04-29,3.92,3.64,0.2799999999999998
2026-04-30,3.88,3.64,0.23999999999999977
2026-05-01,3.88,3.64,0.23999999999999977
2026-05-04,3.95,3.64,0.31000000000000005
2026-05-05,3.93,3.64,0.29000000000000004
2026-05-06,3.87,3.64,0.22999999999999998
2026-05-07,3.92,3.63,0.29000000000000004
2026-05-08,3.9,3.63,0.27
2026-05-11,3.95,3.63,0.3200000000000003
2026-05-12,4.0,3.63,0.3700000000000001
2026-05-13,3.98,3.63,0.3500000000000001
2026-05-14,4.0,3.63,0.3700000000000001
2026-05-15,4.09,3.63,0.45999999999999996
2026-05-18,4.07,3.63,0.4400000000000004
2026-05-19,4.13,3.62,0.5099999999999998
2026-05-20,4.04,3.62,0.41999999999999993
2026-05-21,4.08,3.62,0.45999999999999996
2026-05-22,4.13,3.62,0.5099999999999998
2026-05-26,4.01,3.62,0.3899999999999997
2026-05-27,4.0,3.62,0.3799999999999999
2026-05-28,3.99,3.62,0.3700000000000001
2026-05-29,3.98,3.62,0.3599999999999999
2026-06-01,4.05,3.62,0.4299999999999997
2026-06-02,4.05,3.62,0.4299999999999997
2026-06-03,4.08,3.62,0.45999999999999996
2026-06-04,4.05,3.62,0.4299999999999997
2026-06-05,4.17,3.62,0.5499999999999998
2026-06-08,4.15,3.62,0.5300000000000002
2026-06-09,4.13,3.62,0.5099999999999998
2026-06-10,4.13,3.62,0.5099999999999998
2026-06-11,4.05,3.62,0.4299999999999997
2026-06-12,4.09,3.62,0.46999999999999975
2026-06-15,4.07,3.63,0.4400000000000004
2026-06-16,4.05,3.63,0.41999999999999993
2026-06-17,4.2,3.63,0.5700000000000003
2026-06-18,4.19,3.63,0.5600000000000005
2026-06-22,4.24,3.63,0.6100000000000003
2026-06-23,4.16,3.63,0.5300000000000002
2026-06-24,4.11,3.63,0.4800000000000004
2026-06-25,4.09,3.63,0.45999999999999996
2026-06-26,4.07,3.63,0.4400000000000004
2026-06-29,4.1,3.63,0.46999999999999975
2026-06-30,4.14,3.63,0.5099999999999998
2026-07-01,4.17,3.63,0.54
2026-07-02,4.14,3.63,0.5099999999999998
2026-07-06,4.13,3.63,0.5
2026-07-07,4.19,3.63,0.5600000000000005
2026-07-08,4.21,3.62,0.5899999999999999
2026-07-09,4.16,3.62,0.54
2026-07-10,4.21,3.62,0.5899999999999999
2026-07-13,4.26,3.62,0.6399999999999997
2026-07-14,4.18,3.63,0.5499999999999998
2026-07-15,4.13,3.63,0.5
2026-07-16,4.16,3.63,0.5300000000000002
2026-07-17,4.18,3.63,0.5499999999999998
2026-07-20,4.21,3.63,0.5800000000000001
2026-07-21,4.26,3.63,0.6299999999999999
2026-07-22,4.31,3.63,0.6799999999999997
2026-07-23,4.37,3.63,0.7400000000000002
2026-07-24,4.33,3.63,0.7000000000000002
2026-07-27,4.31,3.63,0.6799999999999997
2026-07-28,4.26,3.63,0.6299999999999999
2026-07-29,4.22,3.63,0.5899999999999999
2026-07-30,4.23,3.63,0.6000000000000005
2026-07-31,4.28,3.63,0.6500000000000004
2026-08-03,4.25,3.63,0.6200000000000001
2026-08-04,4.2,3.63,0.5700000000000003
2026-08-05,4.18,3.63,0.5499999999999998
2026-08-06,4.25,3.63,0.6200000000000001
2026-08-07,4.19,3.63,0.5600000000000005
2026-08-10,4.25,3.63,0.6200000000000001
2026-08-11,4.22,3.63,0.5899999999999999
2026-08-12,4.2,3.63,0.5700000000000003
2026-08-13,4.15,3.63,0.5200000000000005
2026-08-14,4.17,3.63,0.54
2026-08-17,4.19,3.63,0.5600000000000005
2026-08-18,4.19,3.63,0.5600000000000005
2026-08-19,4.19,3.63,0.5600000000000005
2026-08-20,4.19,3.63,0.5600000000000005
2026-08-21,4.24,3.63,0.6100000000000003
2026-08-24,4.24,3.63,0.6100000000000003
2026-08-25,4.17,3.63,0.54
2026-08-26,4.19,3.63,0.5600000000000005
2026-08-27,4.2,3.63,0.5700000000000003
2026-08-28,4.34,3.63,0.71
2026-08-31,4.34,3.63,0.71
2026-09-01,4.39,3.63,0.7599999999999998
2026-09-02,4.39,3.63,0.7599999999999998
2026-09-03,4.34,3.63,0.71
2026-09-04,4.37,3.63,0.7400000000000002
2026-09-08,4.39,3.63,0.7599999999999998
2026-09-09,4.43,3.63,0.7999999999999998
2026-09-10,4.56,3.63,0.9299999999999997
